Recipient,Delivery year,Armament category,Total TIV
Afghanistan,2005,Armoured vehicles,18.8
Afghanistan,2007,Armoured vehicles,20.8
Afghanistan,2008,Armoured vehicles,72.8
Afghanistan,2009,Armoured vehicles,260.0
Afghanistan,2010,Armoured vehicles,227.5
Afghanistan,2011,Aircraft,11.280000000000001
Afghanistan,2011,Armoured vehicles,475.12
Afghanistan,2012,Aircraft,20.0
Afghanistan,2012,Armoured vehicles,381.28999999999996
Afghanistan,2013,Aircraft,22.4
Afghanistan,2013,Armoured vehicles,133.26
Afghanistan,2014,Aircraft,11.2
Afghanistan,2014,Armoured vehicles,77.19999999999999
Afghanistan,2015,Aircraft,19.6
Afghanistan,2015,Armoured vehicles,90.02000000000001
Afghanistan,2016,Aircraft,9.200000000000001
Afghanistan,2016,Armoured vehicles,58.5
Afghanistan,2017,Aircraft,18.16
Afghanistan,2017,Armoured vehicles,215.28
Afghanistan,2017,Missiles,1.0
Afghanistan,2018,Aircraft,125.13
Afghanistan,2018,Armoured vehicles,155.63
Afghanistan,2018,Missiles,2.0
Afghanistan,2019,Aircraft,103.61
Afghanistan,2019,Armoured vehicles,261.54
Afghanistan,2019,Missiles,2.0
Afghanistan,2020,Aircraft,19.07
Afghanistan,2020,Armoured vehicles,212.19
Afghanistan,2021,Aircraft,4.2
Afghanistan,2021,Armoured vehicles,60.629999999999995
Albania,2017,Armoured vehicles,0.38
Albania,2018,Armoured vehicles,0.88
Albania,2019,Armoured vehicles,4.74
Albania,2020,Armoured vehicles,1.3
Albania,2021,Armoured vehicles,1.04
Albania,2023,Armoured vehicles,0.78
Albania,2024,Aircraft,5.2
Algeria,1990,Aircraft,28.0
Algeria,1995,Aircraft,5.7
Algeria,1996,Aircraft,2.85
Algeria,2000,Sensors,22.0
Algeria,2001,Aircraft,44.6
Algeria,2001,Sensors,22.0
Algeria,2002,Aircraft,58.6
Algeria,2010,Aircraft,11.4
Algeria,2011,Aircraft,11.4
Algeria,2015,Engines,3.0
Algeria,2016,Engines,17.0
Algeria,2018,Armoured vehicles,2.88
Algeria,2019,Armoured vehicles,2.88
Algeria,2020,Armoured vehicles,3.84
Algeria,2022,Aircraft,32.0
Algeria,2023,Aircraft,40.0
Algeria,2024,Aircraft,40.0
Angola,1994,Sensors,5.0
Angola,2013,Aircraft,0.6
Angola,2017,Aircraft,1.6
Argentina,1990,Aircraft,2.85
Argentina,1990,Engines,3.6
Argentina,1990,Sensors,7.5
Argentina,1992,Aircraft,26.689999999999998
Argentina,1994,Aircraft,35.980000000000004
Argentina,1994,Ships,12.0
Argentina,1995,Aircraft,27.0
Argentina,1995,Engines,1.0
Argentina,1996,Sensors,9.0
Argentina,1997,Aircraft,73.28
Argentina,1997,Engines,1.0
Argentina,1997,Sensors,8.0
Argentina,1998,Aircraft,138.75
Argentina,1999,Aircraft,195.18
Argentina,1999,Engines,1.6
Argentina,2000,Aircraft,47.44
Argentina,2000,Armoured vehicles,7.7
Argentina,2000,Artillery,5.0
Argentina,2000,Engines,1.0
Argentina,2001,Aircraft,5.54
Argentina,2002,Engines,1.0
Argentina,2002,Missiles,11.21
Argentina,2003,Missiles,11.21
Argentina,2004,Sensors,18.0
Argentina,2005,Aircraft,3.1
Argentina,2006,Aircraft,9.3
Argentina,2007,Aircraft,14.540000000000001
Argentina,2008,Aircraft,14.120000000000001
Argentina,2009,Aircraft,7.92
Argentina,2009,Engines,3.6
Argentina,2010,Aircraft,3.1
Argentina,2011,Aircraft,1.4
Argentina,2012,Aircraft,2.1
Argentina,2012,Engines,2.4
Argentina,2013,Aircraft,5.0
Argentina,2013,Engines,1.8
Argentina,2014,Aircraft,3.1
Argentina,2015,Aircraft,16.4
Argentina,2015,Engines,1.2
Argentina,2016,Aircraft,5.1
Argentina,2016,Engines,1.2
Argentina,2017,Aircraft,34.2
Argentina,2018,Aircraft,8.0
Argentina,2019,Aircraft,11.1
Argentina,2019,Engines,3.0
Argentina,2020,Aircraft,6.4
Argentina,2020,Engines,0.6
Argentina,2021,Aircraft,4.24
Argentina,2022,Aircraft,13.3
Argentina,2022,Engines,1.2
Argentina,2023,Aircraft,15.719999999999999
Argentina,2023,Engines,0.6
Argentina,2024,Aircraft,12.600000000000001
Australia,1990,Aircraft,279.0
Australia,1990,Missiles,5.5
Australia,1990,Naval weapons,14.0
Australia,1991,Aircraft,74.5
Australia,1991,Armoured vehicles,5.04
Australia,1991,Naval weapons,14.0
Australia,1992,Missiles,12.6
Australia,1992,Naval weapons,14.0
Australia,1992,Ships,300.0
Australia,1993,Aircraft,120.0
Australia,1993,Missiles,13.85
Australia,1993,Naval weapons,14.0
Australia,1993,Ships,300.0
Australia,1994,Aircraft,180.0
Australia,1994,Engines,0.63
Australia,1994,Missiles,5.5
Australia,1994,Naval weapons,7.0
Australia,1994,Other,3.0
Australia,1994,Ships,60.34
Australia,1995,Aircraft,12.0
Australia,1995,Engines,1.71
Australia,1995,Missiles,23.25
Australia,1995,Other,12.0
Australia,1996,Engines,7.99
Australia,1996,Missiles,26.6
Australia,1996,Naval weapons,5.25
Australia,1996,Other,13.2
Australia,1996,Sensors,5.0
Australia,1997,Aircraft,12.0
Australia,1997,Missiles,14.5
Australia,1997,Sensors,8.0
Australia,1998,Engines,7.0
Australia,1998,Missiles,0.8
Australia,1998,Naval weapons,5.25
Australia,1998,Sensors,5.0
Australia,1999,Aircraft,294.85
Australia,1999,Missiles,8.25
Australia,2000,Aircraft,200.0
Australia,2000,Missiles,5.4
Australia,2001,Aircraft,36.0
Australia,2001,Engines,7.0
Australia,2001,Missiles,32.5
Australia,2001,Naval weapons,5.25
Australia,2001,Sensors,5.0
Australia,2002,Engines,7.15
Australia,2002,Missiles,27.7
Australia,2002,Naval weapons,5.25
Australia,2002,Sensors,65.0
Australia,2003,Aircraft,11.4
Australia,2003,Engines,9.01
Australia,2003,Missiles,37.7
Australia,2003,Naval weapons,5.25
Australia,2003,Other,12.6
Australia,2003,Sensors,87.0
Australia,2004,Aircraft,8.55
Australia,2004,Engines,8.65
Australia,2004,Missiles,37.7
Australia,2004,Naval weapons,5.25
Australia,2004,Other,24.0
Australia,2004,Sensors,28.5
Australia,2005,Aircraft,5.7
Australia,2005,Engines,9.94
Australia,2005,Missiles,39.0
Australia,2005,Naval weapons,5.25
Australia,2005,Other,12.0
Australia,2005,Sensors,28.5
Australia,2006,Aircraft,142.85
Australia,2006,Armoured vehicles,57.52
Australia,2006,Engines,15.9
Australia,2006,Missiles,71.78
Australia,2006,Naval weapons,25.25
Australia,2006,Sensors,5.75
Australia,2007,Aircraft,280.16
Australia,2007,Armoured vehicles,112.24
Australia,2007,Engines,8.780000000000001
Australia,2007,Missiles,77.5
Australia,2007,Naval weapons,20.0
Australia,2008,Aircraft,140.0
Australia,2008,Engines,8.15
Australia,2008,Missiles,102.0
Australia,2008,Naval weapons,40.0
Australia,2009,Aircraft,500.0
Australia,2009,Engines,3.75
Australia,2009,Missiles,122.62
Australia,2010,Aircraft,1264.25
Australia,2010,Engines,13.48
Australia,2010,Missiles,130.06
Australia,2010,Sensors,16.5
Australia,2011,Aircraft,840.5
Australia,2011,Engines,58.0
Australia,2011,Missiles,112.5
Australia,2011,Sensors,9.9
Australia,2012,Aircraft,413.3
Australia,2012,Engines,15.78
Australia,2012,Missiles,56.5
Australia,2013,Aircraft,33.0
Australia,2013,Engines,3.69
Australia,2013,Missiles,68.68
Australia,2014,Aircraft,176.0
Australia,2014,Engines,8.98
Australia,2014,Missiles,54.5
Australia,2015,Aircraft,721.5
Australia,2015,Engines,13.0
Australia,2015,Missiles,70.9
Australia,2015,Naval weapons,14.0
Australia,2016,Aircraft,663.3
Australia,2016,Armoured vehicles,12.0
Australia,2016,Engines,13.5
Australia,2016,Missiles,175.3
Australia,2016,Naval weapons,14.0
Australia,2017,Aircraft,740.0
Australia,2017,Engines,28.0
Australia,2017,Missiles,92.06
Australia,2017,Naval weapons,27.5
Australia,2017,Sensors,53.5
Australia,2018,Aircraft,690.0
Australia,2018,Engines,28.0
Australia,2018,Missiles,84.9
Australia,2018,Naval weapons,41.5
Australia,2018,Sensors,53.5
Australia,2019,Aircraft,940.0
Australia,2019,Missiles,49.56
Australia,2019,Naval weapons,7.0
Australia,2020,Aircraft,950.0
Australia,2020,Engines,19.0
Australia,2020,Missiles,66.56
Australia,2020,Naval weapons,34.5
Australia,2020,Sensors,53.5
Australia,2021,Aircraft,865.0
Australia,2021,Missiles,68.74000000000001
Australia,2021,Naval weapons,7.0
Australia,2022,Aircraft,700.0
Australia,2022,Missiles,95.06
Australia,2023,Aircraft,210.75
Australia,2023,Missiles,108.4
Australia,2024,Aircraft,582.4300000000001
Australia,2024,Armoured vehicles,239.2
Australia,2024,Missiles,92.4
Austria,1997,Artillery,33.75
Austria,1998,Artillery,33.75
Austria,1998,Missiles,1.8
Austria,2002,Aircraft,65.25
Austria,2019,Engines,1.12
Austria,2020,Engines,1.6
Austria,2022,Engines,1.28
Austria,2023,Engines,1.12
Austria,2024,Engines,1.44
Azerbaijan,2009,Engines,0.3
Azerbaijan,2010,Engines,0.66
Azerbaijan,2011,Engines,0.54
Azerbaijan,2012,Engines,1.8
Azerbaijan,2013,Engines,0.36
Azerbaijan,2014,Engines,0.54
Azerbaijan,2024,Engines,3.0
Bahamas,1990,Aircraft,1.9
Bahamas,1991,Ships,3.0
Bahamas,2000,Ships,33.0
Bahamas,2005,Aircraft,2.85
Bahamas,2009,Aircraft,1.0
Bahrain,1990,Aircraft,342.0
Bahrain,1990,Missiles,19.5
Bahrain,1991,Aircraft,7.25
Bahrain,1991,Armoured vehicles,46.68
Bahrain,1991,Missiles,5.55
Bahrain,1991,Ships,8.96
Bahrain,1992,Armoured vehicles,25.25
Bahrain,1992,Artillery,10.8
Bahrain,1992,Missiles,5.7
Bahrain,1993,Armoured vehicles,0.5
Bahrain,1995,Aircraft,36.0
Bahrain,1995,Armoured vehicles,16.8
Bahrain,1996,Armoured vehicles,34.46
Bahrain,1996,Missiles,1.9
Bahrain,1996,Sensors,6.0
Bahrain,1997,Air-defence systems,14.0
Bahrain,1997,Aircraft,30.0
Bahrain,1997,Artillery,21.56
Bahrain,1997,Missiles,11.040000000000001
Bahrain,1997,Ships,120.0
Bahrain,1998,Missiles,3.6
Bahrain,2000,Aircraft,285.0
Bahrain,2000,Armoured vehicles,13.68
Bahrain,2001,Armoured vehicles,1.9
Bahrain,2001,Missiles,1.35
Bahrain,2002,Missiles,53.85
Bahrain,2003,Missiles,1.0
Bahrain,2005,Aircraft,27.0
Bahrain,2005,Armoured vehicles,10.5
Bahrain,2005,Artillery,25.0
Bahrain,2006,Aircraft,2.85
Bahrain,2007,Aircraft,9.0
Bahrain,2007,Missiles,2.7
Bahrain,2007,Sensors,15.0
Bahrain,2008,Missiles,2.7
Bahrain,2010,Aircraft,58.0
Bahrain,2010,Armoured vehicles,10.0
Bahrain,2013,Missiles,60.0
Bahrain,2015,Missiles,15.0
Bahrain,2017,Armoured vehicles,11.36
Bahrain,2017,Artillery,4.28
Bahrain,2017,Missiles,4.24
Bahrain,2018,Armoured vehicles,2.0
Bahrain,2018,Missiles,4.74
Bahrain,2019,Artillery,2.04
Bahrain,2021,Missiles,167.6
Bahrain,2021,Ships,12.0
Bahrain,2022,Aircraft,87.0
Bahrain,2022,Artillery,3.0
Bahrain,2022,Engines,0.5
Bahrain,2022,Missiles,110.63
Bahrain,2022,Ships,43.0
Bahrain,2023,Air-defence systems,55.0
Bahrain,2023,Aircraft,209.7
Bahrain,2023,Artillery,1.0
Bahrain,2023,Engines,0.5
Bahrain,2023,Missiles,20.43
Bahrain,2023,Sensors,7.0
Bahrain,2024,Air-defence systems,55.0
Bahrain,2024,Aircraft,520.0
Bahrain,2024,Missiles,128.26
Bahrain,2024,Sensors,25.0
Bahrain,2024,Ships,120.0
Bangladesh,1991,Sensors,18.0
Bangladesh,1992,Sensors,18.0
Bangladesh,1992,Ships,7.39
Bangladesh,1995,Aircraft,8.64
Bangladesh,1997,Aircraft,0.95
Bangladesh,2000,Aircraft,60.72
Bangladesh,2002,Aircraft,4.75
Bangladesh,2013,Ships,54.0
Bangladesh,2015,Ships,54.0
Bangladesh,2021,Aircraft,2.2
Bangladesh,2021,Armoured vehicles,6.4
Bangladesh,2022,Armoured vehicles,4.99
Bangladesh,2023,Armoured vehicles,4.22
Bangladesh,2024,Armoured vehicles,2.43
Belgium,1990,Aircraft,289.1
Belgium,1990,Missiles,23.55
Belgium,1991,Aircraft,103.25
Belgium,1991,Missiles,12.0
Belgium,1992,Missiles,14.24
Belgium,1993,Missiles,12.0
Belgium,1994,Missiles,12.0
Belgium,1995,Missiles,5.4
Belgium,1996,Sensors,3.0
Belgium,1997,Sensors,18.0
Belgium,1998,Missiles,8.0
Belgium,1998,Sensors,18.0
Belgium,1999,Missiles,29.8
Belgium,1999,Sensors,18.0
Belgium,2000,Sensors,18.0
Belgium,2001,Sensors,18.0
Belgium,2002,Missiles,2.81
Belgium,2002,Sensors,34.0
Belgium,2003,Missiles,2.81
Belgium,2003,Sensors,18.0
Belgium,2004,Sensors,9.0
Belgium,2005,Missiles,3.0
Belgium,2006,Missiles,3.0
Belgium,2007,Sensors,4.0
Belgium,2008,Engines,1.2
Belgium,2008,Sensors,4.0
Belgium,2009,Aircraft,9.6
Belgium,2009,Engines,1.6
Belgium,2010,Engines,1.85
Belgium,2011,Engines,1.5
Belgium,2012,Engines,1.5
Belgium,2012,Missiles,3.6
Belgium,2013,Engines,1.5
Belgium,2014,Engines,1.5
Belgium,2015,Engines,1.45
Belgium,2015,Sensors,5.0
Belgium,2016,Missiles,3.9000000000000004
Belgium,2017,Missiles,7.24
Belgium,2018,Missiles,1.26
Belgium,2019,Missiles,4.0
Belgium,2020,Missiles,4.92
Belgium,2022,Aircraft,0.28
Belgium,2023,Armoured vehicles,11.88
Belgium,2024,Aircraft,391.5
Belgium,2024,Armoured vehicles,23.76
Belgium,2024,Missiles,14.5
Belize,1996,Aircraft,0.18
Belize,2023,Aircraft,1.0
Benin,2024,Engines,0.36
Bhutan,2021,Engines,0.45
Bolivia,1991,Aircraft,10.54
Bolivia,1992,Aircraft,8.5
Bolivia,1993,Aircraft,12.75
Bolivia,1994,Aircraft,9.2
Bolivia,1999,Aircraft,9.2
Bolivia,2000,Aircraft,18.4
Bolivia,2011,Aircraft,0.5
Bolivia,2012,Aircraft,1.0
Bolivia,2013,Aircraft,0.54
Bolivia,2014,Aircraft,5.7
Bolivia,2024,Aircraft,0.1
Bosnia and Herz.,1996,Armoured vehicles,45.8
Bosnia and Herz.,1997,Artillery,25.2
Bosnia and Herz.,1999,Aircraft,15.72
Bosnia and Herz.,2017,Armoured vehicles,0.47
Bosnia and Herz.,2019,Armoured vehicles,0.47
Bosnia and Herz.,2020,Armoured vehicles,0.31
Bosnia and Herz.,2021,Aircraft,12.4
Botswana,1990,Aircraft,10.0
Botswana,1993,Aircraft,1.26
Botswana,1997,Aircraft,18.4
Botswana,2001,Aircraft,15.18
Botswana,2009,Engines,1.0
Botswana,2010,Engines,1.0
Botswana,2018,Aircraft,1.52
Botswana,2019,Aircraft,1.52
Botswana,2024,Aircraft,11.2
Brazil,1990,Aircraft,1.0
Brazil,1990,Ships,38.0
Brazil,1991,Armoured vehicles,4.8
Brazil,1991,Engines,7.0
Brazil,1991,Sensors,12.0
Brazil,1992,Engines,7.0
Brazil,1992,Missiles,7.0
Brazil,1993,Missiles,7.0
Brazil,1994,Engines,7.0
Brazil,1994,Ships,30.17
Brazil,1995,Missiles,10.5
Brazil,1996,Aircraft,45.13
Brazil,1996,Missiles,10.85
Brazil,1997,Aircraft,40.53
Brazil,1997,Armoured vehicles,90.44
Brazil,1997,Missiles,10.5
Brazil,1999,Sensors,11.0
Brazil,2000,Sensors,22.0
Brazil,2001,Aircraft,70.9
Brazil,2001,Sensors,40.5
Brazil,2002,Aircraft,44.8
Brazil,2002,Engines,13.0
Brazil,2002,Sensors,12.5
Brazil,2003,Engines,7.8
Brazil,2004,Sensors,20.0
Brazil,2005,Aircraft,3.0
Brazil,2005,Sensors,15.0
Brazil,2006,Aircraft,18.5
Brazil,2007,Aircraft,18.5
Brazil,2007,Engines,0.25
Brazil,2008,Aircraft,18.5
Brazil,2008,Engines,7.1
Brazil,2008,Sensors,7.5
Brazil,2009,Engines,0.25
Brazil,2010,Engines,0.15
Brazil,2010,Missiles,16.0
Brazil,2011,Aircraft,60.41
Brazil,2011,Engines,0.15
Brazil,2011,Missiles,16.0
Brazil,2012,Aircraft,111.11
Brazil,2012,Engines,0.2
Brazil,2012,Missiles,16.0
Brazil,2013,Aircraft,67.61
Brazil,2013,Engines,1.0699999999999998
Brazil,2014,Aircraft,11.2
Brazil,2014,Engines,4.55
Brazil,2015,Aircraft,34.0
Brazil,2015,Artillery,2.0
Brazil,2015,Engines,0.78
Brazil,2016,Aircraft,24.0
Brazil,2016,Armoured vehicles,7.0
Brazil,2017,Armoured vehicles,2.4
Brazil,2017,Engines,6.2
Brazil,2018,Armoured vehicles,32.4
Brazil,2018,Artillery,18.0
Brazil,2018,Engines,2.1
Brazil,2019,Armoured vehicles,2.4
Brazil,2019,Artillery,26.4
Brazil,2019,Engines,10.1
Brazil,2020,Armoured vehicles,6.0
Brazil,2020,Engines,10.58
Brazil,2021,Aircraft,0.24
Brazil,2021,Engines,23.0
Brazil,2021,Sensors,2.5
Brazil,2022,Engines,6.0
Brazil,2022,Sensors,5.0
Brazil,2023,Armoured vehicles,7.0
Brazil,2023,Engines,14.5
Brazil,2024,Armoured vehicles,0.72
Brazil,2024,Engines,6.0
Brunei,1996,Aircraft,7.25
Brunei,1997,Aircraft,14.5
Brunei,1997,Engines,1.0
Brunei,1998,Aircraft,7.25
Brunei,2003,Engines,0.27
Brunei,2004,Engines,0.3
Brunei,2013,Aircraft,14.5
Brunei,2014,Aircraft,36.25
Brunei,2015,Aircraft,36.25
Brunei,2021,Aircraft,0.35
Bulgaria,1999,Aircraft,4.2
Bulgaria,2007,Engines,3.0
Bulgaria,2008,Armoured vehicles,2.8
Bulgaria,2008,Engines,3.0
Bulgaria,2011,Engines,3.0
Bulgaria,2015,Armoured vehicles,4.0
Burkina Faso,2006,Aircraft,2.85
Burkina Faso,2021,Engines,1.2
Burkina Faso,2022,Engines,0.75
Burundi,2015,Armoured vehicles,1.4
Burundi,2016,Armoured vehicles,2.94
Cameroon,1990,Aircraft,2.85
Cameroon,2010,Aircraft,10.0
Cameroon,2013,Engines,1.0
Cameroon,2015,Aircraft,2.0
Cameroon,2015,Armoured vehicles,0.84
Cameroon,2016,Aircraft,0.08
Cameroon,2018,Aircraft,2.0
Cameroon,2019,Aircraft,4.0
Cameroon,2023,Engines,0.5
Canada,1990,Aircraft,2.85
Canada,1990,Engines,1.5
Canada,1990,Missiles,15.0
Canada,1991,Aircraft,340.7
Canada,1991,Engines,6.5
Canada,1991,Missiles,23.4
Canada,1991,Naval weapons,55.0
Canada,1992,Engines,20.5
Canada,1992,Missiles,36.0
Canada,1992,Naval weapons,46.0
Canada,1992,Sensors,16.0
Canada,1993,Engines,28.72
Canada,1993,Missiles,26.1
Canada,1993,Naval weapons,38.0
Canada,1993,Sensors,21.0
Canada,1994,Aircraft,30.0
Canada,1994,Engines,66.0
Canada,1994,Missiles,107.1
Canada,1994,Naval weapons,89.0
Canada,1994,Sensors,20.0
Canada,1995,Aircraft,172.8
Canada,1995,Engines,42.0
Canada,1995,Missiles,66.6
Canada,1995,Naval weapons,29.0
Canada,1995,Sensors,15.0
Canada,1996,Aircraft,150.0
Canada,1996,Engines,30.34
Canada,1996,Missiles,65.0
Canada,1996,Naval weapons,10.0
Canada,1996,Other,46.8
Canada,1996,Sensors,10.0
Canada,1997,Aircraft,206.0
Canada,1997,Engines,2.34
Canada,1997,Missiles,3.0
Canada,1997,Other,46.8
Canada,1998,Aircraft,20.0
Canada,1998,Engines,2.41
Canada,1998,Missiles,3.3
Canada,1998,Other,40.2
Canada,1999,Engines,8.0
Canada,1999,Other,96.0
Canada,2000,Aircraft,48.0
Canada,2000,Engines,9.0
Canada,2000,Missiles,7.2
Canada,2000,Other,108.0
Canada,2001,Engines,6.0
Canada,2001,Missiles,6.300000000000001
Canada,2001,Other,72.0
Canada,2002,Aircraft,3.8
Canada,2002,Armoured vehicles,0.6
Canada,2002,Engines,4.0
Canada,2002,Missiles,10.5
Canada,2002,Other,8.4
Canada,2002,Sensors,11.5
Canada,2003,Armoured vehicles,13.0
Canada,2003,Engines,4.0
Canada,2003,Missiles,7.9
Canada,2003,Sensors,32.0
Canada,2004,Armoured vehicles,13.0
Canada,2004,Engines,0.55
Canada,2004,Missiles,21.0
Canada,2004,Sensors,36.0
Canada,2005,Armoured vehicles,13.0
Canada,2005,Missiles,17.0
Canada,2005,Sensors,60.0
Canada,2006,Armoured vehicles,14.85
Canada,2006,Missiles,9.2
Canada,2006,Sensors,44.0
Canada,2007,Aircraft,280.0
Canada,2007,Armoured vehicles,18.7
Canada,2007,Missiles,84.2
Canada,2007,Sensors,18.0
Canada,2008,Aircraft,287.2
Canada,2008,Armoured vehicles,15.2
Canada,2008,Missiles,30.0
Canada,2008,Sensors,18.0
Canada,2009,Aircraft,36.0
Canada,2009,Armoured vehicles,29.0
Canada,2009,Missiles,36.8
Canada,2010,Aircraft,200.0
Canada,2010,Missiles,9.6
Canada,2011,Aircraft,320.0
Canada,2011,Missiles,8.0
Canada,2011,Sensors,2.5
Canada,2012,Aircraft,160.0
Canada,2012,Missiles,28.66
Canada,2012,Sensors,2.5
Canada,2013,Aircraft,140.0
Canada,2013,Engines,8.0
Canada,2013,Missiles,14.0
Canada,2013,Sensors,7.5
Canada,2014,Aircraft,160.0
Canada,2014,Engines,8.24
Canada,2014,Missiles,26.2
Canada,2014,Sensors,7.5
Canada,2015,Aircraft,284.0
Canada,2015,Engines,8.24
Canada,2015,Missiles,19.2
Canada,2015,Sensors,5.0
Canada,2016,Aircraft,36.0
Canada,2016,Armoured vehicles,65.0
Canada,2016,Engines,8.24
Canada,2016,Missiles,38.2
Canada,2017,Aircraft,72.35
Canada,2017,Armoured vehicles,129.5
Canada,2017,Engines,4.88
Canada,2017,Missiles,15.0
Canada,2018,Aircraft,18.0
Canada,2018,Armoured vehicles,50.0
Canada,2018,Engines,14.96
Canada,2018,Missiles,7.5
Canada,2019,Aircraft,72.0
Canada,2019,Armoured vehicles,5.5
Canada,2019,Engines,2.7199999999999998
Canada,2020,Aircraft,54.0
Canada,2021,Aircraft,36.0
Canada,2021,Missiles,3.0
Canada,2022,Aircraft,36.0
Canada,2022,Engines,4.0
Canada,2022,Missiles,4.8
Canada,2023,Engines,5.44
Canada,2023,Missiles,24.400000000000002
Canada,2024,Aircraft,62.2
Canada,2024,Engines,4.0
Canada,2024,Missiles,21.6
Canada,2024,Sensors,15.0
Central African Rep.,2006,Aircraft,9.2
Chad,2006,Aircraft,0.64
Chad,2014,Engines,6.0
Chad,2016,Armoured vehicles,2.2
Chad,2017,Aircraft,2.0
Chad,2017,Armoured vehicles,4.4
Chad,2018,Engines,1.0
Chad,2020,Armoured vehicles,3.08
Chad,2021,Engines,0.4
Chad,2022,Engines,0.6
Chile,1990,Aircraft,1.96
Chile,1990,Engines,4.4
Chile,1991,Aircraft,9.2
Chile,1991,Engines,2.31
Chile,1992,Aircraft,67.89
Chile,1992,Engines,0.75
Chile,1993,Aircraft,24.689999999999998
Chile,1993,Engines,1.2
Chile,1994,Aircraft,16.2
Chile,1994,Engines,1.29
Chile,1995,Engines,1.3499999999999999
Chile,1995,Ships,30.17
Chile,1996,Aircraft,8.45
Chile,1996,Engines,1.3499999999999999
Chile,1997,Aircraft,2.24
Chile,1997,Engines,2.95
Chile,1998,Aircraft,17.35
Chile,1998,Engines,0.15
Chile,1999,Air-defence systems,11.84
Chile,1999,Aircraft,0.7
Chile,1999,Engines,0.15
Chile,2000,Air-defence systems,16.32
Chile,2000,Aircraft,2.56
Chile,2000,Engines,0.06
Chile,2001,Aircraft,11.3
Chile,2001,Naval weapons,2.8
Chile,2003,Sensors,7.5
Chile,2004,Armoured vehicles,15.8
Chile,2006,Aircraft,248.0
Chile,2006,Missiles,5.0
Chile,2007,Aircraft,62.0
Chile,2007,Missiles,17.1
Chile,2009,Aircraft,30.0
Chile,2010,Aircraft,44.0
Chile,2010,Sensors,2.5
Chile,2010,Ships,85.8
Chile,2011,Aircraft,34.0
Chile,2011,Sensors,5.0
Chile,2012,Aircraft,24.0
Chile,2012,Artillery,9.9
Chile,2012,Missiles,4.2
Chile,2013,Aircraft,2.08
Chile,2013,Missiles,15.0
Chile,2013,Sensors,14.0
Chile,2014,Missiles,45.0
Chile,2014,Sensors,16.0
Chile,2015,Aircraft,15.799999999999999
Chile,2015,Artillery,9.9
Chile,2015,Missiles,45.0
Chile,2015,Sensors,10.0
Chile,2016,Aircraft,15.6
Chile,2016,Engines,2.6
Chile,2017,Aircraft,0.4
Chile,2018,Aircraft,43.5
Chile,2019,Missiles,0.88
Chile,2021,Aircraft,22.599999999999998
China,1994,Engines,35.0
China,1995,Engines,1.8
China,1996,Engines,1.8
Colombia,1990,Aircraft,1.9
Colombia,1990,Ships,4.6
Colombia,1991,Aircraft,37.15
Colombia,1991,Ships,14.78
Colombia,1992,Aircraft,0.26
Colombia,1992,Ships,14.78
Colombia,1993,Aircraft,52.68
Colombia,1994,Aircraft,29.3
Colombia,1994,Ships,12.8
Colombia,1995,Aircraft,35.15
Colombia,1996,Aircraft,37.040000000000006
Colombia,1997,Aircraft,100.37
Colombia,1997,Sensors,2.25
Colombia,1998,Aircraft,78.41
Colombia,1998,Engines,3.0
Colombia,1998,Sensors,2.25
Colombia,1999,Aircraft,43.57
Colombia,2000,Aircraft,61.85
Colombia,2000,Sensors,6.0
Colombia,2001,Aircraft,242.57999999999998
Colombia,2001,Sensors,22.0
Colombia,2002,Aircraft,124.12
Colombia,2003,Aircraft,83.88
Colombia,2003,Engines,2.0
Colombia,2003,Sensors,2.5
Colombia,2003,Ships,6.0
Colombia,2005,Aircraft,4.25
Colombia,2006,Aircraft,4.57
Colombia,2006,Sensors,22.0
Colombia,2007,Aircraft,102.87
Colombia,2007,Missiles,1.0
Colombia,2007,Sensors,22.0
Colombia,2007,Ships,4.0
Colombia,2008,Aircraft,2.9499999999999997
Colombia,2008,Missiles,1.0
Colombia,2008,Sensors,12.0
Colombia,2009,Aircraft,141.38
Colombia,2009,Sensors,6.0
Colombia,2010,Aircraft,45.26
Colombia,2010,Armoured vehicles,15.6
Colombia,2010,Engines,1.0
Colombia,2011,Aircraft,80.33
Colombia,2012,Aircraft,77.22
Colombia,2013,Aircraft,96.93
Colombia,2013,Armoured vehicles,0.8
Colombia,2013,Missiles,1.6
Colombia,2013,Sensors,5.0
Colombia,2014,Aircraft,14.0
Colombia,2014,Armoured vehicles,10.4
Colombia,2014,Other,0.6
Colombia,2014,Sensors,7.5
Colombia,2015,Aircraft,3.1
Colombia,2015,Missiles,5.8
Colombia,2015,Sensors,46.5
Colombia,2016,Aircraft,11.5
Colombia,2016,Armoured vehicles,0.8
Colombia,2017,Aircraft,30.1
Colombia,2018,Aircraft,3.1
Colombia,2019,Aircraft,21.85
Colombia,2020,Aircraft,17.4
Colombia,2021,Aircraft,39.849999999999994
Colombia,2021,Armoured vehicles,3.2
Colombia,2022,Aircraft,35.8
Colombia,2022,Armoured vehicles,10.56
Colombia,2022,Sensors,2.5
Colombia,2023,Aircraft,2.0
Colombia,2023,Armoured vehicles,0.52
Colombia,2024,Aircraft,0.26
Colombia,2024,Armoured vehicles,18.24
Congo,2010,Engines,0.96
Congo,2021,Engines,0.3
Costa Rica,2018,Armoured vehicles,0.18
Costa Rica,2019,Aircraft,7.5
Croatia,1997,Aircraft,7.0
Croatia,2001,Sensors,55.0
Croatia,2014,Armoured vehicles,21.64
Croatia,2016,Aircraft,19.2
Croatia,2016,Armoured vehicles,0.77
Croatia,2017,Missiles,2.5
Croatia,2018,Missiles,2.5
Croatia,2022,Aircraft,29.0
Cyprus,1990,Aircraft,7.85
Cyprus,1997,Aircraft,5.0
Czechia,2000,Engines,2.0
Czechia,2001,Engines,35.0
Czechia,2002,Engines,21.0
Czechia,2002,Missiles,2.4
Czechia,2003,Engines,14.0
Czechia,2005,Engines,30.8
Czechia,2005,Missiles,9.6
Czechia,2006,Missiles,0.36
Czechia,2008,Missiles,14.4
Czechia,2009,Engines,0.85
Czechia,2010,Engines,1.5
Czechia,2011,Engines,1.6
Czechia,2012,Engines,1.15
Czechia,2013,Engines,0.25
Czechia,2015,Aircraft,0.4
Czechia,2018,Aircraft,1.6
Czechia,2018,Missiles,1.5
Czechia,2019,Engines,0.2
Czechia,2020,Engines,0.8
Czechia,2023,Aircraft,71.0
Czechia,2023,Missiles,0.7
Czechia,2024,Aircraft,39.0
Czechia,2024,Engines,2.4
Côte d'Ivoire,1992,Aircraft,0.28
Côte d'Ivoire,2022,Armoured vehicles,1.72
Dem. Rep. Congo,2009,Aircraft,28.0
Dem. Rep. Congo,2018,Aircraft,0.56
Dem. Rep. Congo,2020,Aircraft,6.2
Dem. Rep. Congo,2024,Engines,2.0
Denmark,1990,Engines,1.5
Denmark,1990,Missiles,1.25
Denmark,1991,Engines,1.5
Denmark,1991,Missiles,13.4
Denmark,1992,Armoured vehicles,6.25
Denmark,1992,Engines,3.0
Denmark,1992,Missiles,12.15
Denmark,1993,Armoured vehicles,6.25
Denmark,1993,Engines,3.0
Denmark,1994,Aircraft,24.78
Denmark,1994,Engines,3.0
Denmark,1994,Missiles,22.4
Denmark,1995,Engines,1.5
Denmark,1995,Missiles,22.4
Denmark,1995,Sensors,1.5
Denmark,1996,Aircraft,8.0
Denmark,1996,Engines,1.5
Denmark,1996,Missiles,22.4
Denmark,1996,Sensors,4.5
Denmark,1997,Aircraft,33.04
Denmark,1997,Missiles,17.6
Denmark,1997,Sensors,13.5
Denmark,1998,Artillery,4.8
Denmark,1998,Missiles,39.54
Denmark,1998,Sensors,21.0
Denmark,1999,Artillery,4.8
Denmark,1999,Engines,3.2
Denmark,1999,Missiles,5.94
Denmark,1999,Sensors,21.0
Denmark,2000,Missiles,6.12
Denmark,2000,Sensors,21.0
Denmark,2001,Artillery,4.8
Denmark,2001,Engines,6.4
Denmark,2001,Missiles,6.12
Denmark,2001,Sensors,16.0
Denmark,2002,Missiles,5.94
Denmark,2002,Sensors,6.0
Denmark,2003,Missiles,5.94
Denmark,2003,Sensors,2.5
Denmark,2004,Aircraft,120.0
Denmark,2004,Missiles,14.74
Denmark,2004,Naval weapons,3.47
Denmark,2004,Sensors,5.0
Denmark,2005,Missiles,18.740000000000002
Denmark,2005,Naval weapons,3.47
Denmark,2006,Missiles,8.46
Denmark,2007,Aircraft,40.0
Denmark,2007,Engines,0.15
Denmark,2007,Missiles,25.24
Denmark,2007,Sensors,22.0
Denmark,2008,Engines,0.33
Denmark,2008,Sensors,3.0
Denmark,2009,Engines,0.39
Denmark,2011,Armoured vehicles,5.6
Denmark,2012,Missiles,12.2
Denmark,2012,Naval weapons,20.0
Denmark,2013,Missiles,8.0
Denmark,2013,Naval weapons,20.0
Denmark,2014,Missiles,8.0
Denmark,2014,Naval weapons,20.0
Denmark,2015,Engines,33.8
Denmark,2015,Missiles,8.0
Denmark,2016,Aircraft,66.0
Denmark,2016,Engines,31.2
Denmark,2016,Missiles,6.2
Denmark,2017,Aircraft,49.5
Denmark,2017,Armoured vehicles,0.84
Denmark,2017,Missiles,3.0
Denmark,2018,Aircraft,33.0
Denmark,2018,Armoured vehicles,3.15
Denmark,2020,Missiles,2.88
Denmark,2021,Aircraft,220.0
Denmark,2022,Aircraft,110.0
Denmark,2022,Missiles,19.8
Denmark,2023,Aircraft,220.0
Denmark,2023,Missiles,8.5
Denmark,2024,Aircraft,385.0
Denmark,2024,Missiles,8.5
Djibouti,1991,Aircraft,1.0
Djibouti,2014,Armoured vehicles,5.3
Djibouti,2016,Armoured vehicles,0.98
Djibouti,2019,Armoured vehicles,7.02
Dominican Rep.,1996,Ships,4.0
Dominican Rep.,1998,Aircraft,6.29
Dominican Rep.,2001,Aircraft,0.64
Dominican Rep.,2001,Ships,4.0
Dominican Rep.,2002,Aircraft,0.38
Dominican Rep.,2003,Aircraft,2.97
Dominican Rep.,2003,Ships,6.0
Dominican Rep.,2004,Aircraft,26.990000000000002
Dominican Rep.,2004,Ships,9.0
Dominican Rep.,2015,Aircraft,0.5
Dominican Rep.,2016,Aircraft,0.25
Dominican Rep.,2020,Ships,4.25
Dominican Rep.,2022,Aircraft,5.22
Dominican Rep.,2023,Aircraft,5.52
Dominican Rep.,2024,Aircraft,1.0
Ecuador,1990,Aircraft,3.36
Ecuador,1991,Ships,21.0
Ecuador,1993,Aircraft,18.4
Ecuador,1994,Aircraft,4.0
Ecuador,1995,Sensors,22.0
Ecuador,1997,Aircraft,43.0
Ecuador,1998,Aircraft,5.8
Ecuador,2002,Aircraft,0.3
Ecuador,2005,Engines,2.0
Ecuador,2009,Aircraft,0.5
Ecuador,2010,Aircraft,2.81
Ecuador,2010,Naval weapons,7.0
Ecuador,2014,Aircraft,2.56
Ecuador,2021,Aircraft,1.1
Ecuador,2023,Aircraft,1.28
Ecuador,2024,Aircraft,11.2
Ecuador,2024,Engines,0.48
Egypt,1990,Aircraft,83.0
Egypt,1990,Armoured vehicles,260.0
Egypt,1990,Missiles,70.5
Egypt,1990,Sensors,15.0
Egypt,1991,Air-defence systems,25.0
Egypt,1991,Aircraft,155.0
Egypt,1991,Armoured vehicles,377.0
Egypt,1991,Missiles,84.76
Egypt,1991,Sensors,192.8
Egypt,1992,Aircraft,554.0
Egypt,1992,Armoured vehicles,173.75
Egypt,1992,Missiles,121.85
Egypt,1992,Sensors,72.08
Egypt,1993,Aircraft,568.15
Egypt,1993,Armoured vehicles,320.75
Egypt,1993,Artillery,6.0
Egypt,1993,Missiles,72.0
Egypt,1993,Sensors,14.28
Egypt,1993,Ships,25.0
Egypt,1994,Aircraft,738.0
Egypt,1994,Armoured vehicles,619.73
Egypt,1994,Artillery,63.0
Egypt,1994,Engines,9.75
Egypt,1994,Missiles,142.0
Egypt,1994,Sensors,4.76
Egypt,1994,Ships,220.0
Egypt,1995,Aircraft,1051.5
Egypt,1995,Armoured vehicles,505.32000000000005
Egypt,1995,Artillery,7.0
Egypt,1995,Engines,9.75
Egypt,1995,Missiles,55.7
Egypt,1995,Sensors,15.0
Egypt,1996,Aircraft,114.0
Egypt,1996,Armoured vehicles,400.0
Egypt,1996,Engines,6.5
Egypt,1996,Missiles,92.45
Egypt,1996,Sensors,24.0
Egypt,1996,Ships,120.0
Egypt,1997,Air-defence systems,22.560000000000002
Egypt,1997,Aircraft,129.0
Egypt,1997,Armoured vehicles,450.2
Egypt,1997,Artillery,3.0
Egypt,1997,Engines,4.8
Egypt,1997,Missiles,79.68
Egypt,1997,Sensors,24.0
Egypt,1997,Ships,169.5
Egypt,1998,Air-defence systems,23.1
Egypt,1998,Aircraft,105.0
Egypt,1998,Armoured vehicles,84.0
Egypt,1998,Artillery,24.0
Egypt,1998,Missiles,113.1
Egypt,1998,Ships,120.0
Egypt,1999,Air-defence systems,46.2
Egypt,1999,Aircraft,186.0
Egypt,1999,Missiles,100.9
Egypt,1999,Ships,120.0
Egypt,2000,Air-defence systems,86.2
Egypt,2000,Aircraft,484.5
Egypt,2000,Armoured vehicles,30.0
Egypt,2000,Artillery,24.0
Egypt,2000,Missiles,193.28
Egypt,2001,Air-defence systems,85.05
Egypt,2001,Aircraft,541.5
Egypt,2001,Armoured vehicles,68.65
Egypt,2001,Engines,3.0
Egypt,2001,Missiles,59.88
Egypt,2001,Sensors,30.0
Egypt,2002,Aircraft,142.5
Egypt,2002,Armoured vehicles,243.41
Egypt,2002,Engines,11.4
Egypt,2002,Missiles,23.4
Egypt,2002,Sensors,54.0
Egypt,2003,Aircraft,76.61
Egypt,2003,Armoured vehicles,212.2
Egypt,2003,Artillery,2.4
Egypt,2003,Engines,15.0
Egypt,2003,Sensors,39.0
Egypt,2004,Aircraft,187.6
Egypt,2004,Armoured vehicles,229.0
Egypt,2004,Artillery,58.4
Egypt,2004,Engines,15.0
Egypt,2004,Naval weapons,4.62
Egypt,2005,Aircraft,154.0
Egypt,2005,Armoured vehicles,226.2
Egypt,2005,Artillery,85.74
Egypt,2005,Engines,3.6
Egypt,2005,Missiles,42.84
Egypt,2005,Naval weapons,9.24
Egypt,2005,Sensors,77.0
Egypt,2006,Aircraft,154.0
Egypt,2006,Armoured vehicles,177.0
Egypt,2006,Artillery,2.0
Egypt,2006,Missiles,41.84
Egypt,2006,Naval weapons,4.62
Egypt,2006,Sensors,61.0
Egypt,2007,Armoured vehicles,202.0
Egypt,2007,Artillery,80.5
Egypt,2007,Engines,6.0
Egypt,2007,Missiles,16.0
Egypt,2007,Sensors,16.0
Egypt,2007,Ships,43.41
Egypt,2008,Air-defence systems,15.75
Egypt,2008,Armoured vehicles,160.0
Egypt,2008,Artillery,5.0
Egypt,2008,Engines,6.0
Egypt,2008,Missiles,52.28
Egypt,2008,Sensors,16.0
Egypt,2009,Engines,6.0
Egypt,2009,Missiles,10.0
Egypt,2010,Aircraft,73.65
Egypt,2010,Armoured vehicles,140.0
Egypt,2010,Engines,6.0
Egypt,2010,Missiles,20.0
Egypt,2010,Ships,9.0
Egypt,2011,Armoured vehicles,140.0
Egypt,2011,Missiles,20.0
Egypt,2012,Aircraft,25.0
Egypt,2012,Armoured vehicles,140.0
Egypt,2012,Missiles,32.4
Egypt,2013,Aircraft,248.0
Egypt,2013,Armoured vehicles,80.0
Egypt,2013,Missiles,34.0
Egypt,2013,Sensors,23.0
Egypt,2013,Ships,153.0
Egypt,2014,Aircraft,155.0
Egypt,2014,Missiles,8.8
Egypt,2014,Ships,18.0
Egypt,2015,Aircraft,372.0
Egypt,2015,Armoured vehicles,47.8
Egypt,2015,Engines,7.0
Egypt,2015,Missiles,10.46
Egypt,2015,Sensors,8.0
Egypt,2015,Ships,153.0
Egypt,2016,Armoured vehicles,150.66
Egypt,2016,Missiles,8.9
Egypt,2016,Ships,18.0
Egypt,2017,Armoured vehicles,120.2
Egypt,2017,Missiles,8.9
Egypt,2017,Ships,18.0
Egypt,2018,Armoured vehicles,132.1
Egypt,2018,Sensors,12.4
Egypt,2018,Ships,18.0
Egypt,2019,Armoured vehicles,117.4
Egypt,2019,Sensors,10.0
Egypt,2019,Ships,13.5
Egypt,2020,Armoured vehicles,103.4
Egypt,2020,Engines,7.0
Egypt,2020,Sensors,15.0
Egypt,2020,Ships,9.0
Egypt,2021,Armoured vehicles,11.4
Egypt,2021,Engines,7.0
Egypt,2021,Missiles,5.0
Egypt,2021,Sensors,15.0
Egypt,2021,Ships,9.0
Egypt,2022,Armoured vehicles,11.4
Egypt,2022,Engines,7.0
Egypt,2022,Missiles,15.0
Egypt,2022,Ships,9.0
Egypt,2023,Armoured vehicles,8.8
Egypt,2023,Engines,14.0
Egypt,2023,Missiles,12.5
Egypt,2023,Ships,39.3
Egypt,2024,Missiles,12.5
Egypt,2024,Ships,13.5
El Salvador,1991,Aircraft,20.630000000000003
El Salvador,1992,Aircraft,4.25
El Salvador,1995,Aircraft,4.25
El Salvador,1996,Aircraft,4.25
El Salvador,1998,Aircraft,1.5
El Salvador,2002,Aircraft,15.0
El Salvador,2002,Ships,4.0
El Salvador,2003,Aircraft,10.0
El Salvador,2009,Armoured vehicles,2.34
El Salvador,2010,Armoured vehicles,1.56
El Salvador,2011,Armoured vehicles,1.56
El Salvador,2012,Aircraft,2.1
El Salvador,2012,Armoured vehicles,1.43
El Salvador,2013,Armoured vehicles,1.43
El Salvador,2014,Armoured vehicles,1.43
El Salvador,2017,Aircraft,0.7
El Salvador,2020,Artillery,4.08
El Salvador,2021,Ships,4.25
El Salvador,2022,Aircraft,6.5
El Salvador,2023,Aircraft,1.0
El Salvador,2023,Engines,0.55
El Salvador,2024,Aircraft,0.2
Eq. Guinea,2007,Aircraft,0.8
Eq. Guinea,2009,Engines,0.5
Eq. Guinea,2014,Engines,10.0
Estonia,1997,Ships,4.0
Estonia,2002,Aircraft,1.0
Estonia,2003,Sensors,11.0
Estonia,2015,Missiles,2.4
Estonia,2016,Missiles,2.4
Estonia,2017,Missiles,2.4
Estonia,2019,Aircraft,2.2
Estonia,2020,Missiles,3.84
Estonia,2021,Armoured vehicles,2.25
Ethiopia,1997,Aircraft,36.8
Ethiopia,2014,Aircraft,9.6
Ethiopia,2018,Aircraft,9.6
Finland,1992,Missiles,36.0
Finland,1993,Missiles,36.0
Finland,1995,Aircraft,150.0
Finland,1996,Aircraft,337.5
Finland,1996,Missiles,6.0
Finland,1997,Aircraft,375.0
Finland,1997,Engines,4.4
Finland,1997,Missiles,12.0
Finland,1998,Aircraft,487.5
Finland,1998,Engines,4.4
Finland,1998,Missiles,43.6
Finland,1999,Aircraft,675.0
Finland,1999,Engines,4.4
Finland,1999,Missiles,82.0
Finland,2000,Aircraft,375.0
Finland,2000,Engines,4.4
Finland,2000,Missiles,87.19999999999999
Finland,2002,Missiles,4.8
Finland,2008,Missiles,9.0
Finland,2009,Missiles,9.0
Finland,2010,Missiles,13.4
Finland,2011,Missiles,1.92
Finland,2012,Missiles,7.8
Finland,2013,Missiles,5.4
Finland,2013,Sensors,20.0
Finland,2014,Missiles,23.6
Finland,2014,Sensors,20.0
Finland,2015,Missiles,78.4
Finland,2015,Sensors,20.0
Finland,2016,Missiles,9.56
Finland,2017,Missiles,6.0
Finland,2018,Missiles,7.68
Finland,2018,Sensors,25.0
Finland,2019,Missiles,36.16
Finland,2020,Missiles,76.0
France,1990,Artillery,14.4
France,1990,Missiles,11.25
France,1991,Aircraft,778.0
France,1991,Artillery,18.0
France,1991,Engines,5.0
France,1991,Missiles,11.25
France,1992,Aircraft,278.0
France,1992,Artillery,18.0
France,1992,Engines,3.0
France,1992,Missiles,11.25
France,1993,Artillery,7.2
France,1993,Missiles,11.25
France,1994,Artillery,4.8
France,1995,Artillery,2.4
France,1995,Missiles,2.5
France,1996,Missiles,2.5
France,1997,Aircraft,79.2
France,1997,Missiles,2.5
France,1998,Aircraft,113.25
France,1998,Engines,8.5
France,1998,Missiles,12.5
France,1999,Aircraft,73.65
France,1999,Engines,13.0
France,2000,Engines,13.0
France,2000,Missiles,50.0
France,2001,Engines,11.0
France,2001,Missiles,50.0
France,2002,Engines,13.0
France,2003,Aircraft,4.0
France,2003,Engines,8.5
France,2004,Aircraft,77.65
France,2005,Missiles,2.0
France,2006,Missiles,2.0
France,2008,Armoured vehicles,1.75
France,2010,Engines,28.0
France,2010,Missiles,25.8
France,2011,Engines,1.0
France,2011,Missiles,21.0
France,2012,Aircraft,3.52
France,2012,Engines,8.0
France,2012,Missiles,24.85
France,2013,Aircraft,13.4
France,2013,Engines,6.0
France,2013,Missiles,29.009999999999998
France,2014,Missiles,17.439999999999998
France,2015,Aircraft,6.7
France,2015,Engines,7.0
France,2015,Missiles,2.0
France,2016,Aircraft,13.4
France,2016,Engines,7.0
France,2016,Missiles,10.0
France,2017,Aircraft,47.1
France,2017,Engines,8.5
France,2017,Missiles,11.04
France,2018,Aircraft,40.0
France,2018,Engines,8.5
France,2018,Missiles,11.04
France,2019,Aircraft,45.0
France,2019,Engines,8.5
France,2020,Aircraft,98.3
France,2020,Engines,1.5
France,2021,Engines,7.0
France,2022,Engines,10.0
France,2022,Missiles,2.5
France,2023,Engines,6.45
France,2024,Aircraft,2.8
France,2024,Engines,5.15
Gabon,1990,Engines,1.0
Gabon,2010,Engines,0.72
Georgia,2001,Aircraft,6.29
Georgia,2008,Engines,1.0
Georgia,2009,Engines,2.5
Georgia,2014,Armoured vehicles,1.4
Georgia,2017,Ships,7.36
Georgia,2018,Missiles,6.15
Georgia,2019,Missiles,6.15
Georgia,2022,Missiles,2.46
Georgia,2024,Engines,2.3
Germany,1990,Air-defence systems,188.0
Germany,1990,Artillery,48.0
Germany,1990,Engines,14.0
Germany,1990,Missiles,362.5
Germany,1990,Naval weapons,5.0
Germany,1990,Sensors,60.0
Germany,1991,Air-defence systems,235.0
Germany,1991,Artillery,64.8
Germany,1991,Missiles,287.5
Germany,1991,Sensors,61.0
Germany,1992,Air-defence systems,235.0
Germany,1992,Artillery,64.8
Germany,1992,Missiles,287.5
Germany,1992,Sensors,62.75
Germany,1993,Air-defence systems,235.0
Germany,1993,Missiles,241.0
Germany,1993,Sensors,48.15
Germany,1994,Engines,14.0
Germany,1994,Missiles,283.65
Germany,1994,Naval weapons,20.0
Germany,1994,Sensors,65.75
Germany,1995,Engines,14.0
Germany,1995,Missiles,77.85
Germany,1995,Naval weapons,20.0
Germany,1995,Sensors,76.75
Germany,1996,Engines,28.0
Germany,1996,Missiles,52.5
Germany,1996,Naval weapons,40.0
Germany,1996,Sensors,43.75
Germany,1997,Aircraft,12.0
Germany,1997,Missiles,48.0
Germany,1998,Air-defence systems,225.6
Germany,1998,Missiles,384.2
Germany,1998,Sensors,8.0
Germany,1999,Missiles,68.5
Germany,1999,Sensors,6.0
Germany,2000,Missiles,68.0
Germany,2000,Sensors,4.5
Germany,2001,Missiles,99.25
Germany,2002,Missiles,42.25
Germany,2003,Engines,0.15
Germany,2003,Missiles,21.4
Germany,2004,Engines,14.3
Germany,2004,Missiles,33.8
Germany,2004,Naval weapons,40.0
Germany,2005,Engines,7.45
Germany,2005,Missiles,23.8
Germany,2005,Naval weapons,20.0
Germany,2006,Missiles,8.8
Germany,2007,Missiles,8.8
Germany,2008,Air-defence systems,220.0
Germany,2008,Engines,0.99
Germany,2008,Missiles,34.400000000000006
Germany,2009,Air-defence systems,275.0
Germany,2009,Engines,1.02
Germany,2009,Missiles,35.2
Germany,2010,Air-defence systems,220.0
Germany,2010,Engines,0.99
Germany,2010,Missiles,34.4
Germany,2011,Engines,0.21
Germany,2011,Missiles,34.4
Germany,2012,Missiles,25.4
Germany,2013,Missiles,42.6
Germany,2014,Missiles,46.2
Germany,2015,Missiles,5.0
Germany,2016,Missiles,5.0
Germany,2017,Missiles,3.0
Germany,2018,Missiles,2.0
Germany,2019,Engines,7.0
Germany,2020,Engines,7.0
Germany,2020,Missiles,48.0
Germany,2020,Sensors,10.0
Germany,2021,Aircraft,40.0
Germany,2021,Engines,7.0
Germany,2021,Missiles,57.16
Germany,2021,Sensors,10.0
Germany,2022,Aircraft,80.0
Germany,2022,Engines,10.0
Germany,2022,Missiles,112.16
Germany,2022,Sensors,10.0
Germany,2023,Missiles,144.06
Germany,2023,Sensors,6.0
Germany,2024,Aircraft,135.0
Germany,2024,Engines,3.0
Germany,2024,Missiles,61.66
Ghana,2001,Ships,8.0
Ghana,2007,Engines,2.4
Ghana,2014,Engines,2.5
Ghana,2023,Ships,3.36
Greece,1990,Aircraft,612.8
Greece,1990,Armoured vehicles,89.5
Greece,1990,Artillery,6.6
Greece,1990,Missiles,23.2
Greece,1990,Ships,33.41
Greece,1991,Aircraft,302.4
Greece,1991,Armoured vehicles,19.5
Greece,1991,Artillery,6.6
Greece,1991,Missiles,20.0
Greece,1992,Aircraft,197.89
Greece,1992,Armoured vehicles,280.8
Greece,1992,Artillery,31.68
Greece,1992,Engines,14.0
Greece,1992,Missiles,69.5
Greece,1992,Naval weapons,24.25
Greece,1992,Sensors,7.5
Greece,1992,Ships,770.0
Greece,1993,Aircraft,25.15
Greece,1993,Armoured vehicles,259.94
Greece,1993,Missiles,68.5
Greece,1993,Naval weapons,7.0
Greece,1994,Aircraft,101.0
Greece,1994,Armoured vehicles,46.08
Greece,1994,Artillery,10.0
Greece,1994,Missiles,39.2
Greece,1994,Naval weapons,7.0
Greece,1995,Aircraft,416.8
Greece,1995,Armoured vehicles,33.5
Greece,1995,Artillery,10.8
Greece,1995,Engines,2.25
Greece,1995,Missiles,57.74
Greece,1995,Naval weapons,7.0
Greece,1996,Aircraft,25.4
Greece,1996,Engines,14.0
Greece,1996,Missiles,30.9
Greece,1996,Naval weapons,24.25
Greece,1996,Sensors,7.5
Greece,1997,Aircraft,572.4
Greece,1997,Artillery,10.8
Greece,1997,Missiles,42.16
Greece,1997,Naval weapons,7.0
Greece,1997,Sensors,13.0
Greece,1998,Aircraft,747.0
Greece,1998,Armoured vehicles,0.6
Greece,1998,Engines,28.0
Greece,1998,Missiles,131.22
Greece,1998,Naval weapons,48.5
Greece,1998,Sensors,29.0
Greece,1999,Air-defence systems,56.4
Greece,1999,Aircraft,31.0
Greece,1999,Artillery,15.0
Greece,1999,Missiles,142.8
Greece,1999,Sensors,29.0
Greece,2000,Aircraft,17.2
Greece,2000,Armoured vehicles,3.2
Greece,2000,Artillery,34.6
Greece,2000,Missiles,210.0
Greece,2001,Aircraft,177.4
Greece,2001,Artillery,4.0
Greece,2001,Missiles,65.9
Greece,2002,Air-defence systems,47.0
Greece,2002,Aircraft,40.7
Greece,2002,Artillery,5.6
Greece,2002,Missiles,90.7
Greece,2003,Air-defence systems,141.0
Greece,2003,Aircraft,1309.4
Greece,2003,Missiles,52.31
Greece,2003,Sensors,32.75
Greece,2004,Air-defence systems,94.0
Greece,2004,Aircraft,654.0
Greece,2004,Armoured vehicles,1.2
Greece,2004,Engines,5.6
Greece,2004,Missiles,17.439999999999998
Greece,2004,Naval weapons,5.6
Greece,2004,Sensors,50.25
Greece,2005,Armoured vehicles,12.8
Greece,2005,Engines,13.8
Greece,2005,Missiles,49.08
Greece,2005,Sensors,26.25
Greece,2006,Engines,3.0
Greece,2006,Missiles,17.28
Greece,2007,Aircraft,186.0
Greece,2007,Engines,12.0
Greece,2007,Sensors,12.0
Greece,2007,Ships,43.41
Greece,2008,Missiles,4.8
Greece,2009,Aircraft,806.0
Greece,2009,Missiles,110.8
Greece,2009,Sensors,12.0
Greece,2010,Aircraft,124.0
Greece,2010,Armoured vehicles,3.52
Greece,2010,Missiles,19.25
Greece,2010,Sensors,4.0
Greece,2011,Missiles,15.3
Greece,2011,Sensors,4.0
Greece,2012,Missiles,2.5
Greece,2012,Sensors,4.0
Greece,2014,Armoured vehicles,58.400000000000006
Greece,2014,Artillery,0.2
Greece,2014,Missiles,2.4
Greece,2015,Armoured vehicles,16.76
Greece,2015,Missiles,75.6
Greece,2016,Aircraft,21.6
Greece,2017,Aircraft,21.6
Greece,2017,Engines,3.6
Greece,2018,Aircraft,21.6
Greece,2018,Engines,4.5
Greece,2018,Missiles,7.2
Greece,2019,Aircraft,79.2
Greece,2019,Sensors,8.0
Greece,2020,Missiles,1.0
Greece,2021,Armoured vehicles,7.04
Greece,2022,Aircraft,49.5
Greece,2022,Armoured vehicles,64.0
Greece,2022,Sensors,10.0
Greece,2023,Engines,14.2
Greece,2023,Sensors,25.0
Greece,2023,Ships,14.72
Greece,2024,Armoured vehicles,120.96
Greece,2024,Sensors,37.5
Guatemala,1990,Engines,0.09
Guatemala,1991,Engines,0.09
Guatemala,1993,Aircraft,12.75
Guatemala,1994,Aircraft,4.25
Guatemala,1995,Aircraft,4.25
Guatemala,2018,Aircraft,4.28
Guatemala,2019,Aircraft,1.0
Guatemala,2022,Aircraft,10.0
Guatemala,2023,Aircraft,0.74
Guatemala,2023,Armoured vehicles,0.56
Guatemala,2023,Ships,4.25
Guyana,2021,Aircraft,5.0
Guyana,2023,Aircraft,5.0
Guyana,2024,Ships,4.6
Honduras,2008,Aircraft,0.4
Honduras,2011,Aircraft,0.2
Honduras,2012,Aircraft,0.2
Honduras,2015,Aircraft,2.0
Honduras,2018,Aircraft,1.0
Honduras,2020,Aircraft,0.48
Honduras,2021,Ships,4.25
Hungary,2006,Engines,17.6
Hungary,2006,Missiles,12.0
Hungary,2007,Engines,13.2
Hungary,2007,Missiles,12.0
Hungary,2009,Armoured vehicles,1.05
Hungary,2009,Missiles,3.0
Hungary,2010,Armoured vehicles,6.19
Hungary,2010,Missiles,12.0
Hungary,2011,Armoured vehicles,3.6300000000000003
Hungary,2013,Armoured vehicles,1.54
Hungary,2023,Missiles,30.0
Hungary,2023,Sensors,10.0
Hungary,2024,Engines,6.0
Hungary,2024,Missiles,94.0
Hungary,2024,Sensors,25.0
India,1994,Missiles,6.3
India,2006,Sensors,80.0
India,2007,Aircraft,14.4
India,2007,Sensors,16.0
India,2007,Ships,53.3
India,2010,Aircraft,40.0
India,2010,Engines,14.0
India,2011,Aircraft,200.0
India,2011,Engines,14.0
India,2012,Aircraft,125.0
India,2012,Engines,14.0
India,2013,Aircraft,950.0
India,2013,Missiles,33.0
India,2014,Aircraft,1075.0
India,2014,Missiles,40.0
India,2015,Aircraft,250.0
India,2015,Missiles,11.2
India,2016,Engines,6.6
India,2016,Missiles,34.0
India,2017,Aircraft,240.0
India,2017,Engines,11.4
India,2017,Missiles,15.6
India,2018,Engines,13.2
India,2018,Missiles,12.0
India,2019,Aircraft,635.0
India,2019,Engines,20.65
India,2019,Missiles,79.97
India,2019,Sensors,18.0
India,2020,Aircraft,313.0
India,2020,Engines,13.25
India,2020,Missiles,71.57
India,2020,Sensors,18.0
India,2021,Aircraft,299.5
India,2021,Engines,13.2
India,2022,Aircraft,174.5
India,2022,Engines,41.2
India,2022,Missiles,10.75
India,2023,Aircraft,49.5
India,2023,Engines,13.2
India,2023,Missiles,16.0
India,2024,Aircraft,94.5
India,2024,Missiles,7.5
Indonesia,1990,Aircraft,185.85
Indonesia,1990,Missiles,2.25
Indonesia,1991,Missiles,2.25
Indonesia,1994,Engines,3.0
Indonesia,1995,Engines,3.0
Indonesia,1996,Engines,1.0
Indonesia,1996,Sensors,15.0
Indonesia,1997,Aircraft,15.0
Indonesia,1997,Sensors,4.5
Indonesia,1998,Engines,0.15
Indonesia,1998,Sensors,4.5
Indonesia,1999,Aircraft,5.6
Indonesia,1999,Engines,0.3
Indonesia,1999,Sensors,15.0
Indonesia,2000,Engines,1.15
Indonesia,2002,Engines,0.5
Indonesia,2003,Engines,5.5
Indonesia,2004,Engines,0.5
Indonesia,2005,Engines,0.5
Indonesia,2006,Aircraft,4.2
Indonesia,2006,Engines,1.0
Indonesia,2006,Sensors,4.5
Indonesia,2007,Engines,10.0
Indonesia,2007,Sensors,4.5
Indonesia,2008,Engines,10.0
Indonesia,2011,Aircraft,0.36
Indonesia,2012,Aircraft,35.4
Indonesia,2013,Aircraft,60.96
Indonesia,2013,Engines,25.0
Indonesia,2014,Aircraft,124.05
Indonesia,2014,Engines,17.89
Indonesia,2014,Missiles,2.7
Indonesia,2014,Sensors,5.0
Indonesia,2015,Aircraft,77.6
Indonesia,2015,Engines,3.6
Indonesia,2015,Missiles,2.7
Indonesia,2016,Aircraft,94.05
Indonesia,2017,Aircraft,235.95
Indonesia,2017,Engines,0.12
Indonesia,2017,Missiles,3.5
Indonesia,2017,Sensors,6.0
Indonesia,2018,Aircraft,75.0
Indonesia,2018,Engines,2.25
Indonesia,2018,Missiles,6.02
Indonesia,2018,Sensors,6.0
Indonesia,2019,Aircraft,0.7
Indonesia,2019,Engines,1.15
Indonesia,2019,Missiles,2.64
Indonesia,2019,Sensors,7.0
Indonesia,2020,Aircraft,5.0
Indonesia,2020,Engines,0.6
Indonesia,2020,Missiles,62.7
Indonesia,2020,Sensors,23.0
Indonesia,2021,Aircraft,31.92
Indonesia,2021,Missiles,79.8
Indonesia,2021,Sensors,20.0
Indonesia,2022,Aircraft,10.28
Indonesia,2022,Missiles,1.2
Indonesia,2023,Aircraft,121.06
Indonesia,2024,Aircraft,80.0
Indonesia,2024,Engines,3.13
Iraq,2004,Aircraft,1.68
Iraq,2004,Armoured vehicles,6.0
Iraq,2005,Aircraft,28.8
Iraq,2005,Armoured vehicles,18.799999999999997
Iraq,2006,Armoured vehicles,60.2
Iraq,2006,Engines,1.32
Iraq,2007,Aircraft,56.050000000000004
Iraq,2007,Armoured vehicles,104.89999999999999
Iraq,2008,Aircraft,64.6
Iraq,2008,Armoured vehicles,210.65
Iraq,2009,Aircraft,12.6
Iraq,2009,Armoured vehicles,268.8
Iraq,2009,Artillery,37.5
Iraq,2009,Missiles,1.4
Iraq,2009,Sensors,11.0
Iraq,2010,Aircraft,25.3
Iraq,2010,Armoured vehicles,316.47
Iraq,2010,Artillery,37.5
Iraq,2010,Ships,6.0
Iraq,2011,Aircraft,3.3
Iraq,2011,Armoured vehicles,322.78
Iraq,2011,Artillery,76.84
Iraq,2011,Ships,30.0
Iraq,2012,Aircraft,136.5
Iraq,2012,Armoured vehicles,130.19
Iraq,2012,Artillery,38.269999999999996
Iraq,2012,Missiles,7.5
Iraq,2012,Ships,60.0
Iraq,2013,Air-defence systems,0.76
Iraq,2013,Aircraft,129.9
Iraq,2013,Armoured vehicles,48.59
Iraq,2013,Artillery,13.94
Iraq,2013,Missiles,14.25
Iraq,2013,Sensors,41.0
Iraq,2013,Ships,18.0
Iraq,2014,Air-defence systems,1.26
Iraq,2014,Aircraft,93.4
Iraq,2014,Armoured vehicles,29.5
Iraq,2014,Missiles,88.0
Iraq,2014,Sensors,35.0
Iraq,2015,Aircraft,482.6
Iraq,2015,Armoured vehicles,173.4
Iraq,2015,Artillery,10.0
Iraq,2015,Missiles,83.14
Iraq,2015,Sensors,36.0
Iraq,2016,Aircraft,352.0
Iraq,2016,Armoured vehicles,271.35
Iraq,2016,Artillery,15.0
Iraq,2016,Engines,92.4
Iraq,2016,Missiles,150.86
Iraq,2016,Sensors,8.0
Iraq,2017,Aircraft,217.0
Iraq,2017,Armoured vehicles,120.82
Iraq,2017,Artillery,6.12
Iraq,2017,Engines,13.2
Iraq,2017,Missiles,130.5
Iraq,2018,Aircraft,0.48
Iraq,2018,Artillery,6.12
Iraq,2018,Missiles,8.5
Iraq,2019,Armoured vehicles,16.48
Iraq,2020,Armoured vehicles,2.72
Iraq,2022,Sensors,11.0
Iraq,2023,Artillery,8.2
Iraq,2024,Aircraft,6.3
Iraq,2024,Artillery,5.76
Ireland,1994,Engines,2.0
Ireland,2006,Missiles,1.08
Ireland,2007,Sensors,2.5
Ireland,2008,Sensors,2.5
Israel,1990,Aircraft,51.4
Israel,1990,Engines,8.0
Israel,1990,Missiles,4.0
Israel,1990,Sensors,18.0
Israel,1991,Air-defence systems,94.0
Israel,1991,Aircraft,964.5
Israel,1991,Engines,8.0
Israel,1991,Missiles,94.5
Israel,1991,Naval weapons,7.0
Israel,1991,Sensors,32.0
Israel,1992,Aircraft,1262.5
Israel,1992,Engines,8.0
Israel,1992,Missiles,32.0
Israel,1992,Sensors,32.0
Israel,1993,Air-defence systems,47.0
Israel,1993,Aircraft,561.9
Israel,1993,Engines,8.0
Israel,1993,Missiles,77.0
Israel,1993,Sensors,22.0
Israel,1994,Aircraft,356.4
Israel,1994,Armoured vehicles,81.75
Israel,1994,Artillery,7.2
Israel,1994,Engines,8.0
Israel,1994,Missiles,33.5
Israel,1994,Naval weapons,7.0
Israel,1994,Sensors,6.0
Israel,1994,Ships,254.7
Israel,1995,Aircraft,82.6
Israel,1995,Armoured vehicles,84.39999999999999
Israel,1995,Artillery,7.2
Israel,1995,Engines,8.0
Israel,1995,Missiles,33.5
Israel,1995,Naval weapons,7.0
Israel,1995,Sensors,10.0
Israel,1995,Ships,127.35
Israel,1996,Aircraft,46.8
Israel,1996,Engines,12.0
Israel,1996,Missiles,17.02
Israel,1997,Aircraft,6.0
Israel,1997,Artillery,19.2
Israel,1997,Engines,12.0
Israel,1997,Missiles,4.5
Israel,1998,Aircraft,1228.75
Israel,1998,Artillery,24.0
Israel,1998,Engines,12.0
Israel,1998,Missiles,8.25
Israel,1999,Aircraft,630.0
Israel,1999,Artillery,19.2
Israel,1999,Engines,12.0
Israel,1999,Missiles,29.450000000000003
Israel,2000,Aircraft,14.25
Israel,2000,Engines,23.0
Israel,2000,Missiles,15.4
Israel,2000,Sensors,30.0
Israel,2001,Aircraft,17.8
Israel,2001,Engines,23.0
Israel,2001,Missiles,24.4
Israel,2001,Sensors,30.0
Israel,2002,Aircraft,227.55
Israel,2002,Artillery,10.8
Israel,2002,Engines,19.0
Israel,2002,Missiles,61.4
Israel,2003,Aircraft,31.35
Israel,2003,Armoured vehicles,6.7
Israel,2003,Engines,4.8
Israel,2003,Missiles,59.8
Israel,2004,Aircraft,788.7
Israel,2004,Armoured vehicles,10.4
Israel,2004,Engines,4.0
Israel,2004,Missiles,35.3
Israel,2005,Aircraft,1043.62
Israel,2005,Engines,4.0
Israel,2005,Missiles,38.6
Israel,2006,Aircraft,1050.0
Israel,2006,Missiles,41.8
Israel,2006,Sensors,18.0
Israel,2007,Aircraft,787.0
Israel,2007,Artillery,3.96
Israel,2007,Missiles,23.5
Israel,2008,Aircraft,637.5
Israel,2008,Artillery,3.08
Israel,2008,Missiles,23.5
Israel,2009,Aircraft,132.5
Israel,2009,Artillery,3.96
Israel,2009,Missiles,5.0
Israel,2010,Aircraft,20.0
Israel,2010,Missiles,27.0
Israel,2011,Aircraft,17.8
Israel,2011,Engines,5.5
Israel,2011,Missiles,33.0
Israel,2012,Aircraft,48.5
Israel,2012,Artillery,35.2
Israel,2012,Engines,5.5
Israel,2012,Missiles,32.0
Israel,2013,Aircraft,40.0
Israel,2013,Armoured vehicles,0.1
Israel,2013,Missiles,30.0
Israel,2014,Aircraft,40.0
Israel,2014,Armoured vehicles,36.0
Israel,2014,Engines,18.0
Israel,2014,Missiles,27.0
Israel,2015,Aircraft,40.0
Israel,2015,Armoured vehicles,49.4
Israel,2015,Artillery,7.2
Israel,2015,Engines,26.0
Israel,2015,Missiles,80.02
Israel,2015,Sensors,24.0
Israel,2016,Aircraft,401.0
Israel,2016,Armoured vehicles,45.0
Israel,2016,Engines,18.75
Israel,2016,Missiles,55.9
Israel,2017,Aircraft,385.0
Israel,2017,Armoured vehicles,45.0
Israel,2017,Engines,8.25
Israel,2017,Missiles,63.9
Israel,2018,Aircraft,315.0
Israel,2018,Armoured vehicles,60.0
Israel,2018,Engines,2.75
Israel,2018,Missiles,50.56
Israel,2019,Aircraft,330.0
Israel,2019,Armoured vehicles,60.0
Israel,2019,Engines,2.75
Israel,2019,Missiles,60.72
Israel,2020,Aircraft,220.0
Israel,2020,Armoured vehicles,75.0
Israel,2020,Missiles,21.44
Israel,2021,Aircraft,330.0
Israel,2021,Armoured vehicles,75.0
Israel,2021,Missiles,20.0
Israel,2022,Aircraft,330.0
Israel,2022,Armoured vehicles,82.04
Israel,2022,Missiles,18.28
Israel,2023,Air-defence systems,20.0
Israel,2023,Aircraft,193.0
Israel,2023,Armoured vehicles,81.99
Israel,2023,Missiles,123.6
Israel,2023,Ships,40.0
Israel,2024,Armoured vehicles,96.78
Israel,2024,Missiles,40.8
Israel,2024,Ships,40.0
Italy,1990,Aircraft,17.0
Italy,1990,Artillery,2.4
Italy,1990,Engines,1.35
Italy,1990,Missiles,23.2
Italy,1990,Sensors,50.0
Italy,1991,Aircraft,83.0
Italy,1991,Artillery,9.6
Italy,1991,Engines,1.35
Italy,1991,Missiles,2.4
Italy,1991,Naval weapons,28.75
Italy,1991,Sensors,15.0
Italy,1992,Aircraft,56.0
Italy,1992,Artillery,9.6
Italy,1992,Engines,1.35
Italy,1992,Missiles,9.9
Italy,1992,Naval weapons,28.75
Italy,1992,Other,20.0
Italy,1993,Aircraft,35.8
Italy,1993,Armoured vehicles,7.2
Italy,1993,Artillery,4.8
Italy,1993,Engines,29.35
Italy,1993,Missiles,26.4
Italy,1993,Other,20.0
Italy,1993,Sensors,42.0
Italy,1994,Aircraft,91.0
Italy,1994,Engines,1.35
Italy,1994,Missiles,13.9
Italy,1994,Sensors,37.0
Italy,1995,Aircraft,37.0
Italy,1995,Engines,0.9
Italy,1995,Missiles,52.4
Italy,1996,Aircraft,91.0
Italy,1996,Missiles,58.1
Italy,1997,Aircraft,253.0
Italy,1997,Missiles,13.600000000000001
Italy,1998,Aircraft,5.0
Italy,1998,Missiles,1.0
Italy,2000,Aircraft,240.0
Italy,2000,Engines,0.64
Italy,2000,Missiles,13.2
Italy,2001,Aircraft,160.0
Italy,2001,Engines,9.72
Italy,2001,Missiles,24.0
Italy,2002,Aircraft,80.0
Italy,2002,Armoured vehicles,5.94
Italy,2002,Engines,9.64
Italy,2002,Missiles,51.5
Italy,2002,Sensors,6.0
Italy,2003,Aircraft,406.84000000000003
Italy,2003,Engines,9.0
Italy,2003,Missiles,64.99000000000001
Italy,2003,Sensors,6.0
Italy,2004,Aircraft,381.84000000000003
Italy,2004,Engines,9.0
Italy,2004,Missiles,13.44
Italy,2004,Sensors,8.0
Italy,2005,Aircraft,49.0
Italy,2005,Engines,9.0
Italy,2005,Sensors,11.0
Italy,2006,Engines,6.0
Italy,2006,Missiles,5.0
Italy,2006,Sensors,11.0
Italy,2007,Aircraft,5.0
Italy,2007,Engines,32.0
Italy,2007,Missiles,5.0
Italy,2008,Armoured vehicles,3.5
Italy,2008,Engines,40.0
Italy,2009,Engines,14.0
Italy,2010,Aircraft,26.0
Italy,2011,Aircraft,225.0
Italy,2011,Engines,3.5
Italy,2011,Sensors,2.0
Italy,2012,Aircraft,138.0
Italy,2012,Engines,3.5
Italy,2012,Sensors,13.5
Italy,2013,Aircraft,0.4
Italy,2013,Engines,19.0
Italy,2013,Missiles,5.12
Italy,2013,Sensors,2.0
Italy,2014,Aircraft,40.0
Italy,2014,Engines,15.0
Italy,2014,Missiles,18.5
Italy,2014,Sensors,10.0
Italy,2015,Aircraft,140.6
Italy,2015,Engines,15.5
Italy,2015,Missiles,23.5
Italy,2015,Sensors,14.0
Italy,2016,Aircraft,332.4
Italy,2016,Engines,28.5
Italy,2016,Missiles,21.0
Italy,2016,Sensors,14.0
Italy,2017,Aircraft,300.0
Italy,2017,Engines,18.0
Italy,2017,Missiles,27.4
Italy,2017,Sensors,14.0
Italy,2018,Aircraft,183.0
Italy,2018,Engines,16.5
Italy,2018,Missiles,15.0
Italy,2018,Sensors,14.0
Italy,2019,Aircraft,115.0
Italy,2019,Engines,18.5
Italy,2019,Missiles,17.4
Italy,2019,Sensors,16.0
Italy,2020,Aircraft,170.0
Italy,2020,Engines,8.7
Italy,2020,Missiles,20.85
Italy,2021,Aircraft,170.0
Italy,2021,Engines,13.3
Italy,2021,Missiles,20.25
Italy,2022,Aircraft,170.0
Italy,2022,Engines,28.0
Italy,2022,Missiles,15.6
Italy,2023,Aircraft,455.0
Italy,2023,Engines,13.0
Italy,2024,Aircraft,385.0
Italy,2024,Engines,7.0
Jamaica,1998,Aircraft,10.0
Jamaica,1999,Aircraft,5.0
Jamaica,2007,Aircraft,3.3
Jamaica,2008,Aircraft,1.8
Jamaica,2010,Aircraft,0.7
Jamaica,2015,Engines,0.18
Jamaica,2016,Engines,0.18
Jamaica,2018,Aircraft,18.1
Jamaica,2019,Aircraft,2.8
Jamaica,2021,Aircraft,16.6
Jamaica,2021,Engines,0.18
Japan,1990,Air-defence systems,611.0
Japan,1990,Aircraft,1423.94
Japan,1990,Artillery,13.2
Japan,1990,Engines,20.1
Japan,1990,Missiles,384.33
Japan,1990,Naval weapons,90.0
Japan,1990,Sensors,5.0
Japan,1991,Air-defence systems,564.0
Japan,1991,Aircraft,1829.06
Japan,1991,Artillery,6.6
Japan,1991,Engines,20.1
Japan,1991,Missiles,373.75
Japan,1991,Naval weapons,51.0
Japan,1991,Sensors,5.0
Japan,1992,Aircraft,2089.72
Japan,1992,Artillery,6.6
Japan,1992,Engines,20.1
Japan,1992,Missiles,300.4
Japan,1992,Naval weapons,28.0
Japan,1992,Sensors,5.0
Japan,1993,Aircraft,1589.44
Japan,1993,Engines,51.1
Japan,1993,Missiles,211.7
Japan,1993,Naval weapons,90.0
Japan,1993,Sensors,40.5
Japan,1994,Aircraft,806.52
Japan,1994,Engines,20.1
Japan,1994,Missiles,91.2
Japan,1994,Naval weapons,42.0
Japan,1994,Sensors,5.0
Japan,1995,Air-defence systems,47.0
Japan,1995,Aircraft,777.7
Japan,1995,Artillery,10.8
Japan,1995,Engines,63.6
Japan,1995,Missiles,102.0
Japan,1995,Naval weapons,62.0
Japan,1995,Sensors,70.0
Japan,1996,Aircraft,544.37
Japan,1996,Artillery,10.8
Japan,1996,Engines,62.1
Japan,1996,Missiles,83.63
Japan,1996,Naval weapons,76.0
Japan,1996,Sensors,38.0
Japan,1997,Aircraft,597.44
Japan,1997,Artillery,10.8
Japan,1997,Engines,32.6
Japan,1997,Missiles,92.46
Japan,1997,Naval weapons,14.0
Japan,1997,Sensors,12.5
Japan,1997,Ships,27.8
Japan,1998,Aircraft,1203.49
Japan,1998,Artillery,10.8
Japan,1998,Engines,45.1
Japan,1998,Missiles,92.46
Japan,1998,Naval weapons,48.0
Japan,1998,Sensors,40.5
Japan,1999,Aircraft,1110.07
Japan,1999,Artillery,10.8
Japan,1999,Engines,38.85
Japan,1999,Missiles,5.76
Japan,1999,Naval weapons,28.0
Japan,1999,Sensors,7.5
Japan,2000,Aircraft,295.99
Japan,2000,Artillery,10.8
Japan,2000,Engines,68.1
Japan,2000,Missiles,7.26
Japan,2000,Naval weapons,56.0
Japan,2000,Sensors,10.0
Japan,2001,Aircraft,240.56
Japan,2001,Artillery,10.8
Japan,2001,Engines,67.1
Japan,2001,Missiles,21.31
Japan,2001,Naval weapons,14.0
Japan,2001,Sensors,7.5
Japan,2001,Ships,27.8
Japan,2002,Aircraft,213.6
Japan,2002,Artillery,10.8
Japan,2002,Engines,77.1
Japan,2002,Missiles,7.76
Japan,2002,Naval weapons,42.0
Japan,2002,Sensors,13.0
Japan,2002,Ships,27.8
Japan,2003,Aircraft,195.6
Japan,2003,Artillery,7.2
Japan,2003,Engines,77.1
Japan,2003,Missiles,31.86
Japan,2003,Naval weapons,82.0
Japan,2003,Sensors,13.0
Japan,2004,Aircraft,197.1
Japan,2004,Artillery,10.8
Japan,2004,Engines,63.1
Japan,2004,Missiles,13.059999999999999
Japan,2004,Naval weapons,34.0
Japan,2004,Sensors,34.5
Japan,2005,Aircraft,214.25
Japan,2005,Artillery,7.2
Japan,2005,Engines,41.1
Japan,2005,Missiles,11.16
Japan,2005,Naval weapons,34.0
Japan,2005,Sensors,34.5
Japan,2006,Aircraft,210.75
Japan,2006,Artillery,7.2
Japan,2006,Engines,41.1
Japan,2006,Missiles,50.14
Japan,2006,Naval weapons,41.0
Japan,2006,Sensors,53.5
Japan,2007,Air-defence systems,55.0
Japan,2007,Aircraft,235.0
Japan,2007,Engines,60.6
Japan,2007,Missiles,32.72
Japan,2007,Naval weapons,48.5
Japan,2007,Sensors,104.5
Japan,2008,Air-defence systems,275.0
Japan,2008,Aircraft,378.95
Japan,2008,Engines,48.6
Japan,2008,Missiles,130.92
Japan,2008,Naval weapons,27.5
Japan,2008,Sensors,105.0
Japan,2009,Air-defence systems,330.0
Japan,2009,Aircraft,311.6
Japan,2009,Engines,61.1
Japan,2009,Missiles,203.12
Japan,2009,Naval weapons,20.0
Japan,2009,Sensors,30.5
Japan,2010,Air-defence systems,220.0
Japan,2010,Aircraft,191.5
Japan,2010,Engines,26.6
Japan,2010,Missiles,141.74
Japan,2010,Sensors,30.5
Japan,2011,Aircraft,107.05
Japan,2011,Engines,48.6
Japan,2011,Missiles,68.48
Japan,2011,Naval weapons,20.0
Japan,2011,Sensors,28.0
Japan,2012,Aircraft,72.95
Japan,2012,Engines,20.1
Japan,2012,Missiles,48.0
Japan,2012,Naval weapons,41.5
Japan,2012,Sensors,28.0
Japan,2013,Air-defence systems,55.0
Japan,2013,Aircraft,116.66
Japan,2013,Engines,1.1
Japan,2013,Missiles,53.26
Japan,2013,Naval weapons,41.5
Japan,2013,Sensors,25.0
Japan,2014,Aircraft,124.16
Japan,2014,Armoured vehicles,4.8
Japan,2014,Engines,5.58
Japan,2014,Missiles,47.84
Japan,2014,Naval weapons,83.0
Japan,2014,Sensors,28.0
Japan,2015,Aircraft,197.51
Japan,2015,Engines,29.1
Japan,2015,Missiles,49.0
Japan,2015,Naval weapons,14.0
Japan,2015,Sensors,28.0
Japan,2016,Aircraft,239.46
Japan,2016,Armoured vehicles,1.2
Japan,2016,Engines,24.0
Japan,2016,Missiles,41.82
Japan,2016,Sensors,4.0
Japan,2017,Aircraft,306.0
Japan,2017,Armoured vehicles,18.0
Japan,2017,Engines,62.0
Japan,2017,Missiles,18.740000000000002
Japan,2017,Naval weapons,14.0
Japan,2017,Sensors,5.0
Japan,2018,Aircraft,619.25
Japan,2018,Armoured vehicles,22.8
Japan,2018,Engines,50.12
Japan,2018,Missiles,1.44
Japan,2018,Naval weapons,41.5
Japan,2018,Sensors,5.0
Japan,2019,Air-defence systems,165.0
Japan,2019,Aircraft,669.0
Japan,2019,Armoured vehicles,13.2
Japan,2019,Engines,55.5
Japan,2019,Missiles,9.0
Japan,2019,Naval weapons,41.5
Japan,2019,Sensors,5.0
Japan,2020,Air-defence systems,220.0
Japan,2020,Aircraft,532.0
Japan,2020,Armoured vehicles,2.4
Japan,2020,Engines,63.5
Japan,2020,Missiles,31.8
Japan,2020,Naval weapons,41.5
Japan,2020,Sensors,34.0
Japan,2021,Air-defence systems,165.0
Japan,2021,Aircraft,624.85
Japan,2021,Engines,40.0
Japan,2021,Missiles,202.20000000000002
Japan,2021,Naval weapons,41.5
Japan,2021,Sensors,29.0
Japan,2022,Aircraft,1098.75
Japan,2022,Engines,23.5
Japan,2022,Missiles,281.15
Japan,2022,Naval weapons,103.5
Japan,2023,Aircraft,573.25
Japan,2023,Engines,11.5
Japan,2023,Missiles,281.15
Japan,2023,Naval weapons,34.5
Japan,2023,Sensors,30.0
Japan,2024,Aircraft,755.0
Japan,2024,Missiles,75.35
Japan,2024,Naval weapons,69.0
Jordan,1990,Sensors,16.0
Jordan,1993,Missiles,1.41
Jordan,1994,Aircraft,5.2
Jordan,1995,Aircraft,18.86
Jordan,1996,Aircraft,18.86
Jordan,1996,Armoured vehicles,46.32
Jordan,1996,Sensors,10.0
Jordan,1997,Aircraft,69.28
Jordan,1997,Artillery,7.92
Jordan,1998,Aircraft,195.20000000000002
Jordan,1998,Armoured vehicles,31.92
Jordan,1998,Missiles,21.0
Jordan,1999,Engines,2.0
Jordan,1999,Missiles,2.52
Jordan,2000,Aircraft,15.0
Jordan,2000,Armoured vehicles,1.08
Jordan,2000,Artillery,10.0
Jordan,2001,Aircraft,12.52
Jordan,2001,Armoured vehicles,7.2
Jordan,2001,Missiles,1.35
Jordan,2002,Missiles,4.16
Jordan,2002,Sensors,11.0
Jordan,2003,Aircraft,70.4
Jordan,2003,Engines,26.0
Jordan,2003,Missiles,5.109999999999999
Jordan,2004,Armoured vehicles,4.7
Jordan,2004,Engines,0.6
Jordan,2004,Missiles,9.18
Jordan,2004,Sensors,22.0
Jordan,2005,Engines,4.109999999999999
Jordan,2006,Engines,2.25
Jordan,2006,Missiles,5.1
Jordan,2007,Aircraft,137.2
Jordan,2007,Engines,3.0
Jordan,2007,Missiles,20.1
Jordan,2007,Sensors,7.5
Jordan,2008,Aircraft,4.2
Jordan,2008,Engines,3.0
Jordan,2008,Missiles,15.0
Jordan,2008,Sensors,9.0
Jordan,2009,Aircraft,1.0
Jordan,2009,Engines,3.0
Jordan,2009,Sensors,9.0
Jordan,2010,Aircraft,3.0
Jordan,2010,Engines,3.0
Jordan,2011,Aircraft,20.2
Jordan,2011,Engines,3.0
Jordan,2012,Aircraft,9.6
Jordan,2012,Artillery,13.2
Jordan,2012,Engines,3.0
Jordan,2012,Missiles,11.52
Jordan,2013,Armoured vehicles,12.100000000000001
Jordan,2013,Engines,3.0
Jordan,2013,Missiles,23.52
Jordan,2014,Aircraft,1.0
Jordan,2014,Armoured vehicles,27.98
Jordan,2014,Engines,3.0
Jordan,2014,Missiles,17.32
Jordan,2014,Sensors,5.0
Jordan,2015,Aircraft,11.8
Jordan,2015,Armoured vehicles,15.0
Jordan,2015,Engines,3.0
Jordan,2015,Missiles,24.25
Jordan,2015,Sensors,2.0
Jordan,2016,Aircraft,48.2
Jordan,2016,Engines,0.8
Jordan,2016,Missiles,25.75
Jordan,2016,Sensors,2.0
Jordan,2017,Aircraft,87.0
Jordan,2017,Armoured vehicles,19.5
Jordan,2017,Engines,0.4
Jordan,2017,Missiles,9.0
Jordan,2017,Sensors,11.0
Jordan,2018,Aircraft,23.0
Jordan,2018,Armoured vehicles,15.0
Jordan,2018,Engines,0.8
Jordan,2018,Missiles,9.98
Jordan,2018,Sensors,11.0
Jordan,2019,Aircraft,115.0
Jordan,2019,Artillery,2.88
Jordan,2019,Missiles,7.25
Jordan,2019,Sensors,10.8
Jordan,2020,Artillery,0.72
Jordan,2020,Missiles,3.75
Jordan,2021,Aircraft,22.4
Jordan,2022,Aircraft,11.2
Jordan,2022,Sensors,12.0
Jordan,2023,Aircraft,4.5
Jordan,2024,Aircraft,8.5
Kazakhstan,2004,Aircraft,18.6
Kazakhstan,2007,Aircraft,6.2
Kazakhstan,2008,Armoured vehicles,2.6
Kazakhstan,2009,Armoured vehicles,2.6
Kazakhstan,2012,Aircraft,3.1
Kazakhstan,2014,Aircraft,3.1
Kazakhstan,2016,Aircraft,3.1
Kazakhstan,2017,Aircraft,3.1
Kenya,1990,Engines,3.0
Kenya,1991,Engines,3.0
Kenya,2015,Aircraft,1.0
Kenya,2016,Aircraft,18.68
Kenya,2017,Aircraft,6.2
Kenya,2019,Aircraft,4.2
Kenya,2019,Artillery,1.44
Kenya,2020,Aircraft,3.3
Kenya,2020,Armoured vehicles,4.4
Kenya,2020,Engines,9.0
Kenya,2024,Aircraft,2.48
Kosovo,2018,Armoured vehicles,1.17
Kosovo,2020,Armoured vehicles,3.25
Kosovo,2021,Armoured vehicles,8.8
Kosovo,2022,Engines,0.1
Kosovo,2023,Engines,0.1
Kuwait,1990,Sensors,5.0
Kuwait,1991,Aircraft,37.5
Kuwait,1991,Missiles,3.75
Kuwait,1992,Aircraft,862.5
Kuwait,1992,Missiles,33.85
Kuwait,1993,Aircraft,600.0
Kuwait,1993,Missiles,52.6
Kuwait,1993,Sensors,11.0
Kuwait,1994,Armoured vehicles,6.9
Kuwait,1994,Missiles,6.0
Kuwait,1994,Sensors,5.0
Kuwait,1995,Air-defence systems,141.0
Kuwait,1995,Armoured vehicles,92.9
Kuwait,1995,Engines,8.0
Kuwait,1995,Missiles,106.55
Kuwait,1995,Other,36.0
Kuwait,1995,Sensors,10.0
Kuwait,1996,Air-defence systems,141.0
Kuwait,1996,Armoured vehicles,689.0
Kuwait,1996,Missiles,106.56
Kuwait,1996,Other,66.0
Kuwait,1997,Armoured vehicles,234.0
Kuwait,1997,Missiles,37.55
Kuwait,1997,Other,39.6
Kuwait,1998,Other,4.2
Kuwait,1998,Sensors,10.0
Kuwait,1999,Other,4.8
Kuwait,2003,Missiles,18.9
Kuwait,2005,Sensors,5.0
Kuwait,2006,Sensors,5.0
Kuwait,2007,Aircraft,248.0
Kuwait,2007,Missiles,16.12
Kuwait,2007,Sensors,24.0
Kuwait,2009,Missiles,1.27
Kuwait,2010,Armoured vehicles,2.0
Kuwait,2010,Missiles,35.0
Kuwait,2011,Armoured vehicles,6.0
Kuwait,2011,Missiles,21.02
Kuwait,2011,Ships,9.2
Kuwait,2012,Missiles,8.36
Kuwait,2012,Ships,13.8
Kuwait,2013,Missiles,19.8
Kuwait,2013,Other,9.0
Kuwait,2013,Ships,23.0
Kuwait,2014,Air-defence systems,110.0
Kuwait,2014,Aircraft,415.0
Kuwait,2014,Missiles,149.8
Kuwait,2014,Other,15.0
Kuwait,2015,Air-defence systems,110.0
Kuwait,2015,Missiles,157.8
Kuwait,2016,Air-defence systems,110.0
Kuwait,2016,Missiles,16.18
Kuwait,2017,Air-defence systems,55.0
Kuwait,2017,Missiles,1.02
Kuwait,2018,Air-defence systems,55.0
Kuwait,2018,Sensors,7.0
Kuwait,2019,Sensors,7.0
Kuwait,2021,Armoured vehicles,563.0
Kuwait,2022,Aircraft,1400.0
Kuwait,2022,Armoured vehicles,565.0
Kuwait,2022,Missiles,41.0
Kuwait,2022,Sensors,4.0
Kuwait,2023,Missiles,53.0
Kuwait,2023,Sensors,21.0
Kuwait,2024,Missiles,5.0
Kuwait,2024,Sensors,7.0
Latvia,2003,Sensors,11.0
Latvia,2009,Sensors,11.0
Latvia,2010,Armoured vehicles,3.2
Latvia,2010,Sensors,11.0
Latvia,2016,Sensors,20.0
Latvia,2018,Sensors,11.0
Latvia,2019,Sensors,22.0
Latvia,2022,Aircraft,14.5
Lebanon,1994,Armoured vehicles,17.5
Lebanon,1995,Aircraft,16.77
Lebanon,1995,Armoured vehicles,25.0
Lebanon,1996,Armoured vehicles,26.93
Lebanon,1997,Armoured vehicles,8.8
Lebanon,1998,Armoured vehicles,6.8
Lebanon,1998,Artillery,1.0
Lebanon,1999,Aircraft,4.19
Lebanon,2000,Aircraft,4.19
Lebanon,2000,Armoured vehicles,0.1
Lebanon,2005,Aircraft,1.0
Lebanon,2009,Aircraft,1.0
Lebanon,2009,Artillery,13.94
Lebanon,2009,Missiles,1.0
Lebanon,2010,Artillery,10.2
Lebanon,2012,Aircraft,18.6
Lebanon,2012,Ships,12.2
Lebanon,2013,Aircraft,0.66
Lebanon,2013,Armoured vehicles,20.0
Lebanon,2013,Artillery,2.4
Lebanon,2014,Missiles,5.0
Lebanon,2015,Armoured vehicles,1.25
Lebanon,2015,Artillery,24.48
Lebanon,2015,Missiles,11.97
Lebanon,2016,Aircraft,10.3
Lebanon,2016,Armoured vehicles,2.6
Lebanon,2016,Artillery,13.6
Lebanon,2017,Aircraft,9.3
Lebanon,2017,Armoured vehicles,17.16
Lebanon,2017,Missiles,1.4
Lebanon,2018,Aircraft,0.5
Lebanon,2018,Armoured vehicles,5.12
Lebanon,2018,Missiles,19.92
Lebanon,2019,Aircraft,0.24
Lebanon,2019,Armoured vehicles,28.54
Lebanon,2019,Missiles,20.0
Lebanon,2020,Aircraft,1.4
Lebanon,2020,Artillery,6.0
Lebanon,2020,Missiles,37.5
Lebanon,2021,Aircraft,12.100000000000001
Lebanon,2021,Artillery,3.0
Lebanon,2021,Missiles,27.5
Lebanon,2022,Aircraft,9.3
Lebanon,2022,Artillery,16.0
Lebanon,2022,Missiles,5.0
Lebanon,2023,Artillery,9.25
Lebanon,2023,Ships,5.04
Lesotho,1998,Aircraft,5.0
Liberia,2022,Armoured vehicles,0.25
Libya,2012,Engines,2.5
Libya,2016,Engines,0.4
Libya,2019,Engines,0.75
Lithuania,2002,Missiles,1.11
Lithuania,2003,Missiles,1.11
Lithuania,2004,Armoured vehicles,2.6
Lithuania,2005,Armoured vehicles,2.6
Lithuania,2006,Engines,3.0
Lithuania,2006,Sensors,10.0
Lithuania,2007,Missiles,4.32
Lithuania,2008,Engines,3.0
Lithuania,2009,Engines,3.0
Lithuania,2012,Aircraft,0.2
Lithuania,2015,Missiles,1.8
Lithuania,2017,Missiles,3.6
Lithuania,2019,Missiles,1.5
Lithuania,2020,Missiles,31.5
Lithuania,2020,Sensors,5.0
Lithuania,2021,Armoured vehicles,9.0
Lithuania,2021,Missiles,31.5
Lithuania,2021,Sensors,5.0
Lithuania,2022,Armoured vehicles,9.0
Lithuania,2022,Missiles,33.0
Lithuania,2023,Armoured vehicles,18.0
Lithuania,2023,Missiles,2.1
Lithuania,2024,Armoured vehicles,33.3
Lithuania,2024,Missiles,10.5
Luxembourg,1996,Armoured vehicles,3.12
Luxembourg,1999,Armoured vehicles,1.17
Luxembourg,2003,Missiles,1.0
Luxembourg,2022,Aircraft,0.28
Malawi,1990,Aircraft,8.5
Malaysia,1991,Aircraft,28.0
Malaysia,1994,Aircraft,30.0
Malaysia,1994,Sensors,21.0
Malaysia,1995,Aircraft,140.0
Malaysia,1995,Sensors,6.0
Malaysia,1995,Ships,30.17
Malaysia,1997,Aircraft,300.0
Malaysia,1997,Missiles,35.4
Malaysia,1999,Engines,6.0
Malaysia,2002,Engines,1.95
Malaysia,2002,Other,6.0
Malaysia,2003,Engines,7.88
Malaysia,2003,Other,12.6
Malaysia,2003,Sensors,6.75
Malaysia,2004,Engines,2.5
Malaysia,2004,Sensors,6.75
Malaysia,2005,Engines,1.0
Malaysia,2006,Engines,11.0
Malaysia,2006,Missiles,1.8
Malaysia,2007,Missiles,13.8
Malaysia,2009,Engines,10.0
Malaysia,2010,Engines,11.68
Malaysia,2011,Missiles,2.2
Malaysia,2013,Aircraft,5.78
Malaysia,2014,Sensors,10.0
Malaysia,2015,Missiles,3.6
Malaysia,2016,Engines,0.3
Malaysia,2016,Missiles,6.0
Malaysia,2016,Sensors,3.3
Malaysia,2017,Engines,0.3
Malaysia,2017,Sensors,3.3
Malaysia,2019,Engines,1.0
Malaysia,2020,Aircraft,0.24
Malaysia,2020,Engines,1.0
Malaysia,2022,Aircraft,18.24
Malaysia,2022,Sensors,7.5
Malaysia,2023,Engines,1.0
Mali,1994,Aircraft,0.42
Mali,1997,Aircraft,8.5
Mali,1998,Aircraft,4.25
Mali,2020,Engines,5.0
Malta,2002,Ships,4.2
Malta,2004,Ships,4.2
Malta,2011,Aircraft,7.5
Malta,2012,Aircraft,7.5
Malta,2017,Aircraft,7.5
Mauritania,1998,Aircraft,4.25
Mauritania,2014,Aircraft,2.0
Mexico,1990,Aircraft,21.3
Mexico,1990,Ships,3.12
Mexico,1991,Aircraft,15.3
Mexico,1991,Ships,1.56
Mexico,1992,Aircraft,6.0
Mexico,1993,Aircraft,52.54
Mexico,1993,Ships,97.8
Mexico,1994,Aircraft,38.86
Mexico,1994,Armoured vehicles,5.6
Mexico,1994,Ships,9.8
Mexico,1996,Aircraft,36.14
Mexico,1996,Ships,4.8
Mexico,1997,Aircraft,60.019999999999996
Mexico,1997,Ships,220.0
Mexico,1998,Aircraft,2.98
Mexico,1998,Engines,2.4
Mexico,1998,Missiles,3.0
Mexico,1999,Aircraft,18.2
Mexico,1999,Engines,7.2
Mexico,1999,Ships,3.0
Mexico,2000,Aircraft,9.57
Mexico,2000,Engines,4.8
Mexico,2000,Ships,110.0
Mexico,2001,Engines,2.4
Mexico,2001,Ships,140.17000000000002
Mexico,2002,Aircraft,29.2
Mexico,2002,Ships,30.17
Mexico,2003,Engines,7.2
Mexico,2004,Aircraft,44.8
Mexico,2004,Engines,7.8
Mexico,2004,Sensors,37.5
Mexico,2005,Sensors,7.5
Mexico,2006,Aircraft,1.8
Mexico,2006,Sensors,27.5
Mexico,2008,Aircraft,23.0
Mexico,2009,Aircraft,27.0
Mexico,2010,Aircraft,15.0
Mexico,2010,Armoured vehicles,0.84
Mexico,2010,Engines,4.0
Mexico,2010,Sensors,5.0
Mexico,2011,Aircraft,43.5
Mexico,2011,Armoured vehicles,34.16
Mexico,2011,Engines,6.4
Mexico,2011,Sensors,2.5
Mexico,2012,Aircraft,12.0
Mexico,2012,Armoured vehicles,2.8
Mexico,2012,Engines,14.4
Mexico,2012,Sensors,18.5
Mexico,2013,Armoured vehicles,2.8
Mexico,2013,Sensors,33.0
Mexico,2014,Aircraft,24.55
Mexico,2014,Armoured vehicles,3.22
Mexico,2015,Aircraft,172.8
Mexico,2015,Armoured vehicles,13.0
Mexico,2015,Engines,2.0
Mexico,2015,Sensors,5.0
Mexico,2016,Aircraft,218.67
Mexico,2016,Armoured vehicles,13.0
Mexico,2017,Aircraft,146.75
Mexico,2018,Aircraft,5.0
Mexico,2020,Missiles,15.42
Mexico,2020,Naval weapons,5.0
Montenegro,2018,Aircraft,15.0
Montenegro,2020,Aircraft,0.9
Montenegro,2020,Armoured vehicles,3.6
Montenegro,2021,Aircraft,0.9
Montenegro,2022,Armoured vehicles,1.8
Montenegro,2024,Armoured vehicles,5.4
Morocco,1990,Aircraft,21.0
Morocco,1990,Engines,7.0
Morocco,1991,Armoured vehicles,43.2
Morocco,1993,Armoured vehicles,86.4
Morocco,1994,Armoured vehicles,86.4
Morocco,1994,Ships,30.17
Morocco,1996,Air-defence systems,20.0
Morocco,1996,Aircraft,10.08
Morocco,1996,Armoured vehicles,4.32
Morocco,1997,Air-defence systems,0.32
Morocco,1997,Armoured vehicles,110.16
Morocco,1997,Artillery,26.4
Morocco,1999,Armoured vehicles,8.28
Morocco,2000,Artillery,7.2
Morocco,2006,Armoured vehicles,19.9
Morocco,2009,Armoured vehicles,2.6
Morocco,2010,Armoured vehicles,8.6
Morocco,2010,Engines,6.0
Morocco,2010,Missiles,2.8
Morocco,2010,Sensors,18.0
Morocco,2011,Aircraft,412.0
Morocco,2011,Armoured vehicles,0.9
Morocco,2011,Engines,6.0
Morocco,2011,Missiles,7.2
Morocco,2011,Sensors,28.0
Morocco,2012,Aircraft,380.0
Morocco,2012,Artillery,30.0
Morocco,2012,Missiles,2.2
Morocco,2012,Sensors,20.0
Morocco,2013,Armoured vehicles,19.4
Morocco,2013,Missiles,5.2
Morocco,2013,Sensors,20.0
Morocco,2014,Engines,7.0
Morocco,2014,Missiles,1.8
Morocco,2015,Aircraft,35.64
Morocco,2015,Missiles,11.2
Morocco,2016,Armoured vehicles,233.0
Morocco,2016,Artillery,35.0
Morocco,2016,Missiles,9.0
Morocco,2017,Armoured vehicles,424.28
Morocco,2017,Missiles,10.4
Morocco,2018,Aircraft,5.7
Morocco,2018,Armoured vehicles,320.0
Morocco,2018,Missiles,7.0
Morocco,2019,Aircraft,22.0
Morocco,2019,Armoured vehicles,21.72
Morocco,2019,Missiles,4.0
Morocco,2020,Missiles,7.24
Morocco,2021,Missiles,5.640000000000001
Morocco,2022,Aircraft,25.0
Morocco,2022,Armoured vehicles,324.0
Morocco,2023,Armoured vehicles,324.0
Namibia,1994,Aircraft,0.84
Namibia,1995,Aircraft,2.4
Namibia,2012,Engines,5.0
Nepal,2019,Aircraft,1.1
Nepal,2019,Engines,1.0
Netherlands,1990,Aircraft,206.5
Netherlands,1990,Missiles,61.0
Netherlands,1991,Aircraft,206.5
Netherlands,1991,Missiles,65.8
Netherlands,1991,Naval weapons,10.0
Netherlands,1992,Aircraft,144.55
Netherlands,1992,Missiles,49.3
Netherlands,1992,Naval weapons,5.0
Netherlands,1993,Missiles,68.78
Netherlands,1993,Naval weapons,10.0
Netherlands,1994,Aircraft,56.0
Netherlands,1994,Missiles,61.8
Netherlands,1994,Naval weapons,10.0
Netherlands,1994,Other,10.0
Netherlands,1995,Aircraft,1.72
Netherlands,1995,Missiles,21.3
Netherlands,1995,Naval weapons,5.0
Netherlands,1995,Other,10.0
Netherlands,1996,Aircraft,67.2
Netherlands,1996,Missiles,28.75
Netherlands,1996,Sensors,3.0
Netherlands,1997,Aircraft,0.45
Netherlands,1997,Missiles,16.0
Netherlands,1997,Sensors,45.0
Netherlands,1998,Aircraft,134.0
Netherlands,1998,Missiles,59.5
Netherlands,1998,Sensors,60.0
Netherlands,1999,Aircraft,113.5
Netherlands,1999,Missiles,66.9
Netherlands,1999,Sensors,60.0
Netherlands,2000,Aircraft,62.0
Netherlands,2000,Missiles,29.9
Netherlands,2000,Sensors,30.0
Netherlands,2001,Aircraft,108.5
Netherlands,2001,Missiles,21.5
Netherlands,2001,Sensors,27.5
Netherlands,2002,Aircraft,155.0
Netherlands,2002,Missiles,22.3
Netherlands,2002,Naval weapons,20.0
Netherlands,2002,Sensors,4.5
Netherlands,2003,Missiles,23.42
Netherlands,2003,Naval weapons,20.0
Netherlands,2003,Sensors,1.5
Netherlands,2004,Aircraft,40.0
Netherlands,2004,Missiles,34.78
Netherlands,2004,Naval weapons,20.0
Netherlands,2005,Missiles,25.98
Netherlands,2005,Naval weapons,20.0
Netherlands,2005,Sensors,5.0
Netherlands,2006,Air-defence systems,220.0
Netherlands,2006,Engines,0.75
Netherlands,2006,Missiles,10.7
Netherlands,2007,Engines,0.15
Netherlands,2007,Missiles,20.0
Netherlands,2007,Other,0.85
Netherlands,2008,Engines,0.5700000000000001
Netherlands,2008,Missiles,8.32
Netherlands,2009,Engines,1.1099999999999999
Netherlands,2009,Missiles,59.599999999999994
Netherlands,2010,Aircraft,22.4
Netherlands,2010,Missiles,6.8
Netherlands,2010,Sensors,6.0
Netherlands,2011,Missiles,4.0
Netherlands,2011,Sensors,4.0
Netherlands,2012,Aircraft,80.48
Netherlands,2012,Engines,0.75
Netherlands,2012,Missiles,6.0
Netherlands,2012,Sensors,4.0
Netherlands,2013,Aircraft,150.24
Netherlands,2013,Engines,2.25
Netherlands,2013,Missiles,26.86
Netherlands,2013,Sensors,6.0
Netherlands,2015,Missiles,8.0
Netherlands,2015,Sensors,2.0
Netherlands,2016,Engines,0.12
Netherlands,2016,Missiles,24.04
Netherlands,2016,Sensors,19.0
Netherlands,2017,Engines,0.48
Netherlands,2017,Missiles,8.5
Netherlands,2017,Sensors,14.0
Netherlands,2018,Aircraft,0.42
Netherlands,2018,Missiles,51.56
Netherlands,2019,Aircraft,440.0
Netherlands,2019,Missiles,52.8
Netherlands,2020,Aircraft,515.0
Netherlands,2020,Missiles,58.0
Netherlands,2021,Aircraft,465.0
Netherlands,2021,Engines,0.18
Netherlands,2021,Missiles,40.0
Netherlands,2022,Aircraft,685.0
Netherlands,2022,Missiles,31.24
Netherlands,2023,Aircraft,340.0
Netherlands,2023,Missiles,22.560000000000002
Netherlands,2024,Aircraft,310.0
Netherlands,2024,Missiles,5.0
New Zealand,1990,Sensors,12.0
New Zealand,1991,Sensors,6.0
New Zealand,1992,Missiles,9.0
New Zealand,1995,Naval weapons,7.0
New Zealand,1996,Naval weapons,7.0
New Zealand,1997,Aircraft,5.85
New Zealand,1997,Engines,7.0
New Zealand,1997,Missiles,2.4
New Zealand,1997,Naval weapons,25.25
New Zealand,1997,Sensors,5.0
New Zealand,1998,Aircraft,13.02
New Zealand,1999,Engines,7.0
New Zealand,1999,Missiles,2.6
New Zealand,1999,Naval weapons,25.25
New Zealand,1999,Sensors,5.0
New Zealand,2001,Aircraft,45.0
New Zealand,2002,Aircraft,15.0
New Zealand,2003,Aircraft,15.0
New Zealand,2003,Engines,2.6
New Zealand,2003,Other,30.6
New Zealand,2004,Engines,2.65
New Zealand,2004,Other,61.2
New Zealand,2006,Missiles,0.72
New Zealand,2007,Missiles,1.32
New Zealand,2008,Missiles,2.88
New Zealand,2014,Aircraft,59.0
New Zealand,2014,Missiles,0.3
New Zealand,2015,Aircraft,83.0
New Zealand,2018,Aircraft,5.7
New Zealand,2019,Aircraft,2.85
New Zealand,2020,Aircraft,2.85
New Zealand,2021,Missiles,4.55
New Zealand,2022,Aircraft,125.0
New Zealand,2022,Missiles,5.0
New Zealand,2023,Aircraft,375.0
New Zealand,2023,Engines,1.29
New Zealand,2023,Missiles,15.0
New Zealand,2024,Aircraft,200.0
Niger,2013,Aircraft,2.0
Niger,2015,Aircraft,9.26
Niger,2016,Armoured vehicles,0.4
Niger,2019,Armoured vehicles,2.6
Niger,2020,Armoured vehicles,4.4
Niger,2021,Aircraft,11.2
Niger,2021,Armoured vehicles,3.2
Niger,2022,Aircraft,11.2
Nigeria,1990,Aircraft,0.13
Nigeria,1991,Aircraft,0.13
Nigeria,1992,Engines,2.75
Nigeria,1993,Aircraft,1.56
Nigeria,1993,Engines,2.31
Nigeria,1994,Aircraft,1.56
Nigeria,1994,Engines,1.98
Nigeria,1995,Aircraft,1.56
Nigeria,1996,Aircraft,1.56
Nigeria,1997,Aircraft,1.17
Nigeria,2002,Ships,4.0
Nigeria,2003,Ships,12.0
Nigeria,2011,Ships,54.0
Nigeria,2014,Aircraft,8.55
Nigeria,2014,Ships,54.0
Nigeria,2015,Aircraft,7.2
Nigeria,2016,Aircraft,3.6
Nigeria,2016,Armoured vehicles,2.88
Nigeria,2017,Engines,1.25
Nigeria,2018,Aircraft,3.6
Nigeria,2021,Engines,1.25
Nigeria,2021,Missiles,4.0
Nigeria,2023,Aircraft,2.85
Nigeria,2023,Engines,2.0
Nigeria,2024,Aircraft,2.85
Nigeria,2024,Engines,4.0
North Macedonia,1998,Artillery,3.24
North Macedonia,1999,Artillery,3.24
North Macedonia,2000,Aircraft,5.0
North Macedonia,2001,Aircraft,0.14
North Macedonia,2006,Armoured vehicles,0.13
North Macedonia,2022,Armoured vehicles,1.08
North Macedonia,2023,Armoured vehicles,4.68
North Macedonia,2024,Armoured vehicles,1.08
Norway,1990,Aircraft,66.9
Norway,1990,Missiles,10.0
Norway,1990,Sensors,35.0
Norway,1991,Missiles,10.0
Norway,1992,Missiles,10.0
Norway,1993,Armoured vehicles,13.6
Norway,1993,Missiles,10.0
Norway,1994,Missiles,10.0
Norway,1995,Missiles,27.720000000000002
Norway,1995,Sensors,10.0
Norway,1996,Armoured vehicles,15.6
Norway,1996,Missiles,39.36
Norway,1996,Sensors,53.0
Norway,1997,Artillery,7.2
Norway,1997,Missiles,30.2
Norway,1997,Sensors,65.0
Norway,1998,Artillery,7.2
Norway,1998,Missiles,40.6
Norway,1998,Sensors,25.0
Norway,1999,Missiles,64.0
Norway,1999,Sensors,15.0
Norway,2000,Missiles,60.0
Norway,2000,Sensors,15.0
Norway,2001,Missiles,46.4
Norway,2001,Sensors,16.0
Norway,2002,Sensors,8.0
Norway,2003,Sensors,9.0
Norway,2004,Sensors,5.0
Norway,2005,Sensors,3.0
Norway,2006,Engines,7.0
Norway,2006,Missiles,9.89
Norway,2006,Naval weapons,20.0
Norway,2006,Sensors,32.0
Norway,2007,Engines,7.0
Norway,2007,Missiles,19.89
Norway,2007,Naval weapons,20.0
Norway,2007,Sensors,29.0
Norway,2008,Aircraft,40.0
Norway,2008,Engines,8.8
Norway,2008,Missiles,15.0
Norway,2008,Naval weapons,20.0
Norway,2008,Sensors,29.0
Norway,2009,Aircraft,40.0
Norway,2009,Engines,8.8
Norway,2009,Missiles,7.0
Norway,2009,Naval weapons,20.0
Norway,2009,Sensors,29.0
Norway,2010,Aircraft,80.0
Norway,2010,Engines,10.8
Norway,2011,Engines,12.4
Norway,2011,Missiles,12.0
Norway,2011,Naval weapons,20.0
Norway,2011,Sensors,29.0
Norway,2012,Aircraft,40.0
Norway,2012,Engines,10.8
Norway,2012,Missiles,14.0
Norway,2013,Engines,5.4
Norway,2013,Missiles,14.0
Norway,2014,Missiles,1.0
Norway,2015,Aircraft,110.0
Norway,2015,Missiles,2.38
Norway,2016,Aircraft,110.0
Norway,2016,Missiles,2.38
Norway,2017,Aircraft,330.0
Norway,2018,Aircraft,330.0
Norway,2018,Missiles,30.6
Norway,2019,Aircraft,330.0
Norway,2019,Engines,3.0
Norway,2020,Aircraft,330.0
Norway,2020,Missiles,10.0
Norway,2021,Aircraft,455.0
Norway,2021,Missiles,9.0
Norway,2022,Aircraft,665.0
Norway,2022,Missiles,27.0
Norway,2023,Aircraft,165.0
Norway,2023,Missiles,20.0
Norway,2024,Aircraft,330.0
Norway,2024,Missiles,3.6
Oman,1990,Armoured vehicles,36.12
Oman,1993,Aircraft,2.1
Oman,1993,Missiles,3.63
Oman,1994,Missiles,3.74
Oman,1994,Sensors,12.0
Oman,1995,Engines,0.45
Oman,1995,Missiles,3.63
Oman,1995,Sensors,6.0
Oman,1996,Armoured vehicles,25.2
Oman,1996,Engines,1.5
Oman,1997,Armoured vehicles,3.0
Oman,1997,Engines,0.45
Oman,1997,Missiles,1.0
Oman,1998,Missiles,12.1
Oman,2001,Engines,0.72
Oman,2002,Engines,2.8200000000000003
Oman,2002,Missiles,2.81
Oman,2003,Engines,0.8999999999999999
Oman,2003,Missiles,2.81
Oman,2004,Engines,8.0
Oman,2005,Aircraft,124.0
Oman,2005,Engines,8.0
Oman,2005,Missiles,2.0
Oman,2005,Sensors,6.0
Oman,2006,Aircraft,186.0
Oman,2006,Missiles,77.43
Oman,2006,Sensors,15.0
Oman,2007,Missiles,3.75
Oman,2007,Sensors,8.0
Oman,2008,Aircraft,62.0
Oman,2008,Sensors,6.0
Oman,2009,Missiles,3.0
Oman,2010,Missiles,3.0
Oman,2012,Aircraft,40.0
Oman,2013,Aircraft,40.0
Oman,2014,Aircraft,412.0
Oman,2014,Missiles,28.2
Oman,2014,Sensors,34.0
Oman,2015,Aircraft,5.6
Oman,2016,Air-defence systems,11.34
Oman,2016,Aircraft,8.4
Oman,2016,Missiles,110.28
Oman,2016,Sensors,5.0
Oman,2017,Missiles,89.16
Oman,2020,Missiles,4.0
Oman,2021,Missiles,4.0
Oman,2022,Aircraft,0.21
Pakistan,1990,Armoured vehicles,4.5
Pakistan,1990,Missiles,28.1
Pakistan,1991,Armoured vehicles,6.25
Pakistan,1991,Missiles,19.8
Pakistan,1992,Armoured vehicles,25.0
Pakistan,1993,Aircraft,1.0
Pakistan,1993,Armoured vehicles,25.0
Pakistan,1994,Armoured vehicles,25.0
Pakistan,1994,Engines,3.6
Pakistan,1995,Armoured vehicles,25.0
Pakistan,1996,Aircraft,55.0
Pakistan,1996,Armoured vehicles,25.0
Pakistan,1996,Artillery,20.4
Pakistan,1996,Missiles,64.8
Pakistan,1996,Sensors,20.0
Pakistan,1997,Aircraft,110.0
Pakistan,1997,Armoured vehicles,25.0
Pakistan,1998,Armoured vehicles,25.0
Pakistan,1999,Armoured vehicles,7.5
Pakistan,2000,Armoured vehicles,11.1
Pakistan,2001,Armoured vehicles,15.0
Pakistan,2002,Aircraft,18.5
Pakistan,2002,Armoured vehicles,24.0
Pakistan,2002,Missiles,2.0
Pakistan,2003,Armoured vehicles,24.0
Pakistan,2003,Engines,3.6
Pakistan,2004,Aircraft,45.0
Pakistan,2004,Armoured vehicles,24.0
Pakistan,2004,Engines,3.0
Pakistan,2005,Aircraft,142.14
Pakistan,2005,Armoured vehicles,24.0
Pakistan,2005,Engines,3.75
Pakistan,2006,Aircraft,47.52
Pakistan,2006,Armoured vehicles,24.0
Pakistan,2006,Engines,3.75
Pakistan,2006,Missiles,30.0
Pakistan,2007,Aircraft,282.38
Pakistan,2007,Armoured vehicles,24.0
Pakistan,2007,Artillery,13.5
Pakistan,2007,Engines,7.3
Pakistan,2007,Missiles,71.0
Pakistan,2008,Aircraft,218.9
Pakistan,2008,Armoured vehicles,24.0
Pakistan,2008,Artillery,10.0
Pakistan,2008,Engines,2.5
Pakistan,2008,Missiles,15.07
Pakistan,2008,Sensors,33.0
Pakistan,2009,Aircraft,51.7
Pakistan,2009,Armoured vehicles,24.0
Pakistan,2009,Artillery,10.0
Pakistan,2009,Engines,4.8
Pakistan,2009,Missiles,20.0
Pakistan,2009,Sensors,41.0
Pakistan,2010,Aircraft,755.2
Pakistan,2010,Armoured vehicles,31.0
Pakistan,2010,Artillery,24.0
Pakistan,2010,Engines,6.6
Pakistan,2010,Missiles,199.4
Pakistan,2010,Sensors,18.0
Pakistan,2011,Aircraft,29.2
Pakistan,2011,Armoured vehicles,30.9
Pakistan,2011,Missiles,6.98
Pakistan,2011,Sensors,4.0
Pakistan,2011,Ships,198.0
Pakistan,2012,Aircraft,232.2
Pakistan,2012,Armoured vehicles,24.0
Pakistan,2012,Sensors,20.0
Pakistan,2013,Aircraft,12.14
Pakistan,2013,Armoured vehicles,15.0
Pakistan,2013,Missiles,60.0
Pakistan,2013,Sensors,50.0
Pakistan,2014,Armoured vehicles,48.96
Pakistan,2014,Missiles,111.6
Pakistan,2014,Sensors,40.0
Pakistan,2015,Aircraft,16.0
Pakistan,2015,Armoured vehicles,66.34
Pakistan,2015,Missiles,8.43
Pakistan,2015,Sensors,5.0
Pakistan,2016,Aircraft,6.0
Pakistan,2016,Armoured vehicles,27.26
Pakistan,2016,Sensors,10.0
Pakistan,2017,Aircraft,1.0
Pakistan,2017,Armoured vehicles,14.9
Pakistan,2017,Ships,7.36
Pakistan,2018,Aircraft,11.0
Pakistan,2018,Armoured vehicles,16.0
Pakistan,2020,Aircraft,2.0
Pakistan,2020,Engines,9.6
Pakistan,2023,Engines,7.0
Pakistan,2024,Aircraft,3.0
Papua New Guinea,1991,Engines,1.0
Papua New Guinea,1992,Engines,1.0
Paraguay,2011,Aircraft,1.0
Paraguay,2012,Aircraft,1.1
Paraguay,2013,Aircraft,0.1
Paraguay,2021,Aircraft,2.0
Peru,1991,Aircraft,15.0
Peru,1992,Aircraft,12.0
Peru,1993,Aircraft,2.5
Peru,1996,Aircraft,22.0
Peru,1996,Ships,2.0
Peru,1997,Aircraft,4.48
Peru,1998,Ships,12.0
Peru,1999,Aircraft,1.2
Peru,2001,Aircraft,1.0
Peru,2002,Aircraft,14.0
Peru,2003,Aircraft,21.7
Peru,2004,Aircraft,46.5
Peru,2005,Aircraft,24.8
Peru,2006,Aircraft,21.7
Peru,2009,Aircraft,2.0
Peru,2010,Aircraft,4.8
Peru,2011,Aircraft,7.02
Peru,2013,Aircraft,2.8
Peru,2015,Aircraft,1.45
Peru,2015,Engines,9.24
Peru,2016,Engines,0.72
Peru,2017,Engines,3.0
Peru,2019,Aircraft,0.33
Peru,2020,Aircraft,0.8300000000000001
Peru,2021,Aircraft,0.72
Peru,2022,Aircraft,13.96
Peru,2024,Aircraft,4.4
Philippines,1990,Aircraft,11.2
Philippines,1991,Aircraft,13.2
Philippines,1992,Aircraft,42.24
Philippines,1993,Aircraft,6.640000000000001
Philippines,1993,Ships,38.0
Philippines,1994,Aircraft,2.1
Philippines,1994,Engines,2.4
Philippines,1994,Ships,38.0
Philippines,1995,Aircraft,1.4
Philippines,1995,Armoured vehicles,2.1
Philippines,1996,Armoured vehicles,1.5
Philippines,1997,Aircraft,10.0
Philippines,1997,Armoured vehicles,3.55
Philippines,1998,Aircraft,30.56
Philippines,1998,Armoured vehicles,0.6499999999999999
Philippines,2001,Aircraft,9.2
Philippines,2002,Aircraft,5.24
Philippines,2003,Aircraft,3.14
Philippines,2004,Aircraft,11.08
Philippines,2004,Engines,0.03
Philippines,2004,Ships,8.6
Philippines,2005,Aircraft,12.49
Philippines,2006,Aircraft,8.65
Philippines,2006,Armoured vehicles,4.8
Philippines,2007,Aircraft,12.21
Philippines,2007,Engines,0.36
Philippines,2008,Aircraft,10.48
Philippines,2009,Aircraft,0.24
Philippines,2009,Engines,0.18
Philippines,2011,Aircraft,5.24
Philippines,2011,Missiles,0.44
Philippines,2011,Ships,54.0
Philippines,2012,Sensors,6.0
Philippines,2013,Armoured vehicles,1.3
Philippines,2013,Ships,54.0
Philippines,2014,Aircraft,12.1
Philippines,2015,Aircraft,30.0
Philippines,2015,Armoured vehicles,11.4
Philippines,2015,Engines,4.4
Philippines,2016,Aircraft,22.4
Philippines,2016,Engines,5.28
Philippines,2016,Ships,54.0
Philippines,2017,Aircraft,2.0
Philippines,2017,Engines,17.6
Philippines,2017,Missiles,3.75
Philippines,2018,Aircraft,0.24
Philippines,2018,Engines,2.2
Philippines,2019,Engines,2.4
Philippines,2019,Missiles,7.5
Philippines,2020,Aircraft,43.5
Philippines,2020,Missiles,9.5
Philippines,2020,Sensors,7.5
Philippines,2021,Aircraft,84.02
Philippines,2021,Sensors,7.5
Philippines,2022,Aircraft,0.4
Philippines,2022,Engines,4.0
Philippines,2023,Aircraft,1.0
Philippines,2023,Ships,17.2
Philippines,2024,Aircraft,83.7
Philippines,2024,Engines,2.0
Poland,1991,Aircraft,1.4
Poland,1995,Aircraft,0.88
Poland,2000,Missiles,1.7
Poland,2000,Ships,120.0
Poland,2001,Missiles,3.3
Poland,2001,Sensors,4.5
Poland,2002,Aircraft,12.0
Poland,2002,Missiles,5.0
Poland,2002,Sensors,0.5
Poland,2002,Ships,120.0
Poland,2003,Aircraft,12.0
Poland,2003,Sensors,2.0
Poland,2004,Sensors,4.5
Poland,2005,Missiles,5.44
Poland,2005,Sensors,5.5
Poland,2006,Aircraft,279.0
Poland,2006,Missiles,59.04
Poland,2006,Sensors,8.0
Poland,2007,Aircraft,775.0
Poland,2007,Missiles,44.0
Poland,2007,Sensors,31.0
Poland,2008,Aircraft,434.0
Poland,2008,Armoured vehicles,10.5
Poland,2008,Missiles,38.8
Poland,2008,Sensors,11.0
Poland,2009,Aircraft,35.04
Poland,2009,Armoured vehicles,3.5
Poland,2009,Missiles,53.0
Poland,2010,Aircraft,31.759999999999998
Poland,2010,Armoured vehicles,9.6
Poland,2011,Aircraft,16.24
Poland,2012,Aircraft,15.84
Poland,2014,Armoured vehicles,1.0
Poland,2015,Armoured vehicles,3.5
Poland,2017,Engines,16.0
Poland,2017,Missiles,1.28
Poland,2018,Aircraft,0.35
Poland,2018,Missiles,5.4
Poland,2019,Aircraft,29.0
Poland,2019,Engines,7.0
Poland,2019,Missiles,32.04
Poland,2020,Engines,8.0
Poland,2020,Missiles,61.54
Poland,2021,Missiles,30.5
Poland,2022,Aircraft,27.599999999999998
Poland,2022,Armoured vehicles,88.9
Poland,2022,Engines,8.0
Poland,2022,Missiles,43.1
Poland,2023,Air-defence systems,110.0
Poland,2023,Aircraft,25.7
Poland,2023,Armoured vehicles,79.46
Poland,2023,Artillery,19.8
Poland,2023,Engines,33.15
Poland,2023,Missiles,340.96000000000004
Poland,2024,Air-defence systems,110.0
Poland,2024,Aircraft,179.5
Poland,2024,Armoured vehicles,131.85999999999999
Poland,2024,Artillery,2.2
Poland,2024,Engines,2.25
Poland,2024,Missiles,218.0
Portugal,1990,Sensors,20.759999999999998
Portugal,1991,Aircraft,28.0
Portugal,1991,Engines,42.0
Portugal,1991,Missiles,62.39
Portugal,1991,Naval weapons,36.0
Portugal,1991,Sensors,5.0
Portugal,1992,Missiles,5.0
Portugal,1993,Armoured vehicles,67.2
Portugal,1993,Missiles,5.0
Portugal,1993,Sensors,18.75
Portugal,1994,Aircraft,413.0
Portugal,1994,Armoured vehicles,9.0
Portugal,1994,Missiles,8.6
Portugal,1994,Sensors,5.0
Portugal,1995,Armoured vehicles,10.08
Portugal,1995,Missiles,5.0
Portugal,1996,Armoured vehicles,4.859999999999999
Portugal,1996,Artillery,1.0
Portugal,1996,Missiles,3.2
Portugal,1997,Artillery,2.0
Portugal,1998,Armoured vehicles,5.95
Portugal,2000,Armoured vehicles,0.6
Portugal,2000,Artillery,1.6
Portugal,2001,Artillery,17.5
Portugal,2003,Aircraft,28.5
Portugal,2004,Aircraft,57.0
Portugal,2005,Aircraft,28.5
Portugal,2005,Missiles,4.6
Portugal,2006,Aircraft,28.5
Portugal,2006,Missiles,14.16
Portugal,2007,Aircraft,57.0
Portugal,2007,Engines,0.4
Portugal,2008,Aircraft,85.5
Portugal,2008,Engines,1.55
Portugal,2009,Aircraft,85.5
Portugal,2009,Engines,2.05
Portugal,2009,Missiles,1.0
Portugal,2010,Aircraft,85.5
Portugal,2010,Engines,2.15
Portugal,2011,Aircraft,85.5
Portugal,2011,Engines,2.15
Portugal,2012,Aircraft,28.5
Portugal,2014,Engines,0.4
Portugal,2016,Engines,0.7
Portugal,2019,Aircraft,28.5
Portugal,2020,Aircraft,28.5
Portugal,2021,Engines,2.0
Portugal,2021,Missiles,2.0
Portugal,2023,Engines,8.0
Portugal,2024,Engines,7.0
Qatar,1997,Engines,0.06
Qatar,1998,Engines,0.78
Qatar,1999,Engines,0.36
Qatar,2009,Aircraft,280.0
Qatar,2011,Aircraft,160.0
Qatar,2012,Aircraft,280.0
Qatar,2015,Air-defence systems,55.0
Qatar,2015,Aircraft,280.0
Qatar,2015,Missiles,20.0
Qatar,2016,Aircraft,280.0
Qatar,2016,Missiles,7.5
Qatar,2017,Air-defence systems,55.0
Qatar,2017,Engines,1.1
Qatar,2017,Missiles,87.5
Qatar,2018,Air-defence systems,165.0
Qatar,2018,Engines,4.5
Qatar,2018,Missiles,257.9
Qatar,2019,Air-defence systems,165.0
Qatar,2019,Aircraft,240.0
Qatar,2019,Engines,6.75
Qatar,2019,Missiles,325.4
Qatar,2019,Sensors,68.0
Qatar,2020,Air-defence systems,110.0
Qatar,2020,Aircraft,120.0
Qatar,2020,Engines,4.5
Qatar,2020,Missiles,334.0
Qatar,2020,Sensors,28.0
Qatar,2021,Aircraft,1050.0
Qatar,2021,Engines,4.1
Qatar,2021,Missiles,93.75999999999999
Qatar,2021,Sensors,86.0
Qatar,2022,Aircraft,900.0
Qatar,2022,Engines,8.9
Qatar,2022,Missiles,195.64
Qatar,2022,Sensors,264.0
Qatar,2023,Aircraft,750.0
Qatar,2023,Missiles,109.95
Qatar,2023,Sensors,70.0
Qatar,2024,Aircraft,450.0
Qatar,2024,Missiles,74.0
Qatar,2024,Sensors,48.0
Romania,1996,Aircraft,18.4
Romania,1997,Aircraft,18.4
Romania,1998,Sensors,44.0
Romania,1999,Aircraft,3.0
Romania,1999,Sensors,11.0
Romania,2000,Aircraft,3.0
Romania,2001,Aircraft,0.5
Romania,2005,Engines,1.0
Romania,2005,Sensors,12.0
Romania,2006,Armoured vehicles,1.04
Romania,2006,Engines,1.0
Romania,2007,Aircraft,18.48
Romania,2007,Armoured vehicles,1.82
Romania,2007,Engines,1.0
Romania,2007,Sensors,10.0
Romania,2008,Engines,1.3
Romania,2008,Sensors,10.0
Romania,2009,Engines,0.95
Romania,2009,Sensors,30.0
Romania,2010,Armoured vehicles,19.2
Romania,2010,Engines,6.21
Romania,2010,Sensors,36.0
Romania,2011,Engines,6.0
Romania,2011,Sensors,36.0
Romania,2012,Engines,3.21
Romania,2013,Engines,3.0
Romania,2014,Armoured vehicles,0.28
Romania,2015,Engines,3.21
Romania,2016,Sensors,5.0
Romania,2017,Missiles,2.16
Romania,2017,Sensors,11.0
Romania,2018,Engines,7.4
Romania,2018,Missiles,1.8
Romania,2018,Sensors,11.0
Romania,2019,Missiles,13.2
Romania,2020,Air-defence systems,55.0
Romania,2020,Missiles,40.0
Romania,2021,Aircraft,11.2
Romania,2021,Artillery,19.8
Romania,2021,Missiles,66.4
Romania,2022,Air-defence systems,55.0
Romania,2022,Missiles,112.68
Romania,2023,Air-defence systems,110.0
Romania,2023,Aircraft,22.4
Romania,2023,Armoured vehicles,6.12
Romania,2023,Artillery,19.8
Romania,2023,Missiles,114.32
Romania,2024,Artillery,19.8
Romania,2024,Missiles,30.72
Russia,2020,Engines,0.5
Russia,2021,Engines,1.25
Russia,2022,Engines,1.25
Rwanda,2021,Aircraft,2.0
Saudi Arabia,1990,Aircraft,600.5
Saudi Arabia,1990,Armoured vehicles,207.9
Saudi Arabia,1990,Missiles,80.75999999999999
Saudi Arabia,1990,Sensors,130.0
Saudi Arabia,1991,Aircraft,121.0
Saudi Arabia,1991,Armoured vehicles,144.25
Saudi Arabia,1991,Artillery,11.05
Saudi Arabia,1991,Engines,0.18
Saudi Arabia,1991,Missiles,39.29
Saudi Arabia,1991,Naval weapons,1.0
Saudi Arabia,1991,Sensors,80.0
Saudi Arabia,1992,Aircraft,529.0
Saudi Arabia,1992,Armoured vehicles,240.04999999999998
Saudi Arabia,1992,Artillery,11.9
Saudi Arabia,1992,Engines,8.73
Saudi Arabia,1992,Missiles,59.8
Saudi Arabia,1992,Sensors,31.0
Saudi Arabia,1993,Air-defence systems,188.0
Saudi Arabia,1993,Aircraft,224.0
Saudi Arabia,1993,Armoured vehicles,1313.8
Saudi Arabia,1993,Engines,13.02
Saudi Arabia,1993,Missiles,265.18
Saudi Arabia,1993,Naval weapons,1.0
Saudi Arabia,1994,Air-defence systems,188.0
Saudi Arabia,1994,Armoured vehicles,369.06
Saudi Arabia,1994,Engines,6.57
Saudi Arabia,1994,Missiles,250.6
Saudi Arabia,1994,Other,56.4
Saudi Arabia,1994,Sensors,11.0
Saudi Arabia,1995,Air-defence systems,188.0
Saudi Arabia,1995,Aircraft,280.0
Saudi Arabia,1995,Armoured vehicles,55.44
Saudi Arabia,1995,Engines,6.42
Saudi Arabia,1995,Missiles,289.0
Saudi Arabia,1995,Other,56.4
Saudi Arabia,1995,Sensors,11.0
Saudi Arabia,1996,Air-defence systems,235.0
Saudi Arabia,1996,Aircraft,770.0
Saudi Arabia,1996,Armoured vehicles,10.3
Saudi Arabia,1996,Engines,5.82
Saudi Arabia,1996,Missiles,315.6
Saudi Arabia,1996,Other,56.4
Saudi Arabia,1996,Sensors,12.0
Saudi Arabia,1997,Air-defence systems,188.0
Saudi Arabia,1997,Aircraft,1120.0
Saudi Arabia,1997,Armoured vehicles,5.6
Saudi Arabia,1997,Engines,3.0
Saudi Arabia,1997,Missiles,303.4
Saudi Arabia,1997,Naval weapons,1.0
Saudi Arabia,1997,Other,39.0
Saudi Arabia,1997,Sensors,58.0
Saudi Arabia,1998,Aircraft,1750.0
Saudi Arabia,1998,Engines,2.88
Saudi Arabia,1998,Missiles,363.0
Saudi Arabia,1998,Other,44.4
Saudi Arabia,1998,Sensors,46.0
Saudi Arabia,1999,Aircraft,1120.0
Saudi Arabia,1999,Engines,2.67
Saudi Arabia,1999,Missiles,344.0
Saudi Arabia,1999,Other,44.4
Saudi Arabia,2000,Engines,2.25
Saudi Arabia,2001,Armoured vehicles,22.68
Saudi Arabia,2001,Engines,0.66
Saudi Arabia,2001,Missiles,9.14
Saudi Arabia,2002,Aircraft,40.0
Saudi Arabia,2002,Artillery,22.0
Saudi Arabia,2002,Engines,0.6
Saudi Arabia,2002,Missiles,26.64
Saudi Arabia,2003,Aircraft,40.0
Saudi Arabia,2003,Armoured vehicles,39.0
Saudi Arabia,2003,Engines,0.63
Saudi Arabia,2003,Missiles,37.46
Saudi Arabia,2004,Aircraft,220.0
Saudi Arabia,2004,Armoured vehicles,39.3
Saudi Arabia,2004,Artillery,2.0
Saudi Arabia,2004,Engines,2.01
Saudi Arabia,2004,Missiles,60.0
Saudi Arabia,2005,Aircraft,6.0
Saudi Arabia,2005,Armoured vehicles,39.3
Saudi Arabia,2005,Engines,0.96
Saudi Arabia,2005,Missiles,105.0
Saudi Arabia,2006,Aircraft,6.0
Saudi Arabia,2006,Armoured vehicles,39.3
Saudi Arabia,2006,Engines,1.92
Saudi Arabia,2006,Missiles,110.4
Saudi Arabia,2006,Other,13.2
Saudi Arabia,2007,Aircraft,110.0
Saudi Arabia,2007,Engines,3.63
Saudi Arabia,2007,Missiles,9.0
Saudi Arabia,2007,Other,26.4
Saudi Arabia,2008,Aircraft,50.0
Saudi Arabia,2008,Engines,173.2
Saudi Arabia,2008,Missiles,8.4
Saudi Arabia,2008,Other,15.0
Saudi Arabia,2009,Aircraft,64.05
Saudi Arabia,2009,Engines,173.14
Saudi Arabia,2009,Other,5.4
Saudi Arabia,2010,Aircraft,138.3
Saudi Arabia,2010,Artillery,6.12
Saudi Arabia,2010,Engines,173.11
Saudi Arabia,2010,Missiles,34.0
Saudi Arabia,2010,Sensors,14.0
Saudi Arabia,2011,Aircraft,309.5
Saudi Arabia,2011,Engines,19.59
Saudi Arabia,2011,Missiles,22.0
Saudi Arabia,2011,Other,33.0
Saudi Arabia,2011,Sensors,10.0
Saudi Arabia,2012,Aircraft,58.0
Saudi Arabia,2012,Armoured vehicles,225.0
Saudi Arabia,2012,Engines,20.4
Saudi Arabia,2012,Missiles,10.8
Saudi Arabia,2012,Other,54.0
Saudi Arabia,2012,Sensors,11.0
Saudi Arabia,2013,Aircraft,126.63
Saudi Arabia,2013,Armoured vehicles,300.0
Saudi Arabia,2013,Artillery,30.78
Saudi Arabia,2013,Engines,21.0
Saudi Arabia,2013,Missiles,71.22
Saudi Arabia,2013,Other,52.2
Saudi Arabia,2014,Air-defence systems,220.0
Saudi Arabia,2014,Aircraft,259.05
Saudi Arabia,2014,Armoured vehicles,618.75
Saudi Arabia,2014,Engines,20.4
Saudi Arabia,2014,Missiles,206.1
Saudi Arabia,2014,Other,36.0
Saudi Arabia,2014,Sensors,31.0
Saudi Arabia,2015,Air-defence systems,330.0
Saudi Arabia,2015,Aircraft,634.0
Saudi Arabia,2015,Armoured vehicles,400.0
Saudi Arabia,2015,Engines,41.28
Saudi Arabia,2015,Missiles,238.9
Saudi Arabia,2015,Other,26.4
Saudi Arabia,2015,Sensors,76.0
Saudi Arabia,2016,Air-defence systems,330.0
Saudi Arabia,2016,Aircraft,487.0
Saudi Arabia,2016,Armoured vehicles,584.75
Saudi Arabia,2016,Engines,4.95
Saudi Arabia,2016,Missiles,288.9
Saudi Arabia,2016,Sensors,52.0
Saudi Arabia,2017,Air-defence systems,330.0
Saudi Arabia,2017,Aircraft,2051.25
Saudi Arabia,2017,Armoured vehicles,201.25
Saudi Arabia,2017,Engines,35.35
Saudi Arabia,2017,Missiles,466.97
Saudi Arabia,2017,Sensors,56.0
Saudi Arabia,2018,Air-defence systems,55.0
Saudi Arabia,2018,Aircraft,1881.0
Saudi Arabia,2018,Engines,43.28
Saudi Arabia,2018,Missiles,421.52
Saudi Arabia,2018,Sensors,56.0
Saudi Arabia,2019,Air-defence systems,55.0
Saudi Arabia,2019,Aircraft,1797.5
Saudi Arabia,2019,Armoured vehicles,20.0
Saudi Arabia,2019,Engines,40.78
Saudi Arabia,2019,Missiles,455.4
Saudi Arabia,2019,Sensors,50.0
Saudi Arabia,2020,Aircraft,1275.5
Saudi Arabia,2020,Armoured vehicles,120.0
Saudi Arabia,2020,Engines,23.54
Saudi Arabia,2020,Missiles,682.6
Saudi Arabia,2020,Sensors,36.0
Saudi Arabia,2021,Aircraft,888.0
Saudi Arabia,2021,Armoured vehicles,115.0
Saudi Arabia,2021,Engines,14.3
Saudi Arabia,2021,Missiles,249.5
Saudi Arabia,2021,Sensors,40.0
Saudi Arabia,2022,Aircraft,1040.75
Saudi Arabia,2022,Armoured vehicles,550.0
Saudi Arabia,2022,Engines,2.2
Saudi Arabia,2022,Missiles,332.45
Saudi Arabia,2022,Sensors,40.0
Saudi Arabia,2023,Aircraft,693.5
Saudi Arabia,2023,Engines,2.2
Saudi Arabia,2023,Missiles,231.25
Saudi Arabia,2023,Sensors,19.0
Saudi Arabia,2024,Aircraft,621.0
Saudi Arabia,2024,Engines,1.6
Saudi Arabia,2024,Missiles,166.25
Saudi Arabia,2024,Sensors,10.0
Senegal,2011,Aircraft,2.28
Senegal,2017,Engines,1.0
Senegal,2018,Engines,1.25
Senegal,2021,Engines,1.0
Serbia,2012,Aircraft,0.44
Serbia,2018,Engines,0.48
Serbia,2020,Engines,0.48
Serbia,2021,Engines,0.78
Serbia,2022,Armoured vehicles,0.75
Serbia,2022,Engines,1.56
Serbia,2024,Engines,0.3
Seychelles,1990,Aircraft,0.08
Singapore,1990,Aircraft,114.84
Singapore,1990,Engines,3.0
Singapore,1990,Missiles,32.4
Singapore,1990,Sensors,24.0
Singapore,1991,Engines,3.0
Singapore,1991,Missiles,32.4
Singapore,1992,Missiles,8.4
Singapore,1993,Aircraft,74.34
Singapore,1993,Missiles,7.2
Singapore,1994,Missiles,10.8
Singapore,1995,Aircraft,4.0
Singapore,1995,Missiles,10.9
Singapore,1996,Aircraft,54.0
Singapore,1996,Engines,6.0
Singapore,1996,Missiles,1.0
Singapore,1997,Aircraft,426.0
Singapore,1997,Engines,6.4
Singapore,1997,Missiles,2.52
Singapore,1997,Sensors,11.0
Singapore,1998,Aircraft,558.0
Singapore,1998,Engines,8.8
Singapore,1998,Missiles,31.32
Singapore,1999,Aircraft,163.6
Singapore,1999,Engines,10.0
Singapore,1999,Missiles,1.08
Singapore,1999,Sensors,10.0
Singapore,2000,Aircraft,510.8
Singapore,2000,Engines,13.2
Singapore,2001,Aircraft,36.0
Singapore,2001,Armoured vehicles,1.05
Singapore,2001,Engines,9.7
Singapore,2001,Missiles,10.8
Singapore,2002,Aircraft,138.5
Singapore,2002,Armoured vehicles,5.25
Singapore,2002,Engines,12.2
Singapore,2002,Missiles,30.0
Singapore,2002,Sensors,24.0
Singapore,2003,Armoured vehicles,5.25
Singapore,2003,Engines,13.45
Singapore,2003,Missiles,30.0
Singapore,2004,Aircraft,341.0
Singapore,2004,Armoured vehicles,5.25
Singapore,2004,Engines,10.25
Singapore,2004,Sensors,9.0
Singapore,2005,Aircraft,465.0
Singapore,2005,Armoured vehicles,2.1
Singapore,2005,Engines,6.25
Singapore,2005,Missiles,18.15
Singapore,2005,Sensors,45.0
Singapore,2006,Engines,6.25
Singapore,2006,Missiles,30.0
Singapore,2007,Engines,6.25
Singapore,2007,Sensors,7.5
Singapore,2008,Engines,6.25
Singapore,2008,Missiles,4.0
Singapore,2008,Sensors,22.5
Singapore,2009,Aircraft,622.0
Singapore,2009,Armoured vehicles,4.8
Singapore,2009,Engines,5.0
Singapore,2009,Missiles,35.84
Singapore,2009,Sensors,47.0
Singapore,2010,Aircraft,544.0
Singapore,2010,Artillery,13.2
Singapore,2010,Engines,10.6
Singapore,2010,Missiles,73.34
Singapore,2010,Sensors,34.0
Singapore,2011,Aircraft,378.0
Singapore,2011,Artillery,6.6
Singapore,2011,Engines,9.35
Singapore,2011,Missiles,18.34
Singapore,2011,Sensors,30.0
Singapore,2012,Aircraft,378.24
Singapore,2012,Engines,14.1
Singapore,2012,Missiles,20.62
Singapore,2012,Sensors,20.0
Singapore,2013,Aircraft,560.24
Singapore,2013,Engines,22.1
Singapore,2013,Missiles,50.76
Singapore,2014,Engines,11.3
Singapore,2014,Missiles,14.48
Singapore,2015,Engines,5.25
Singapore,2015,Missiles,70.92
Singapore,2016,Aircraft,490.0
Singapore,2016,Engines,5.11
Singapore,2016,Missiles,62.66
Singapore,2017,Aircraft,70.0
Singapore,2017,Engines,4.6
Singapore,2017,Missiles,39.2
Singapore,2018,Aircraft,34.0
Singapore,2018,Engines,1.55
Singapore,2019,Engines,0.75
Singapore,2019,Missiles,2.48
Singapore,2020,Engines,0.75
Singapore,2020,Missiles,5.0
Singapore,2021,Aircraft,80.0
Singapore,2021,Engines,0.75
Singapore,2021,Sensors,58.5
Singapore,2022,Aircraft,240.0
Singapore,2022,Engines,0.75
Singapore,2022,Sensors,96.0
Singapore,2023,Engines,0.75
Singapore,2023,Sensors,62.5
Slovakia,2017,Aircraft,14.5
Slovakia,2017,Engines,3.0
Slovakia,2018,Aircraft,14.5
Slovakia,2018,Engines,3.0
Slovakia,2019,Aircraft,14.5
Slovakia,2020,Aircraft,21.75
Slovakia,2024,Aircraft,240.0
Slovakia,2024,Missiles,14.4
Slovenia,1992,Aircraft,10.0
Slovenia,1993,Sensors,22.0
Slovenia,1994,Aircraft,11.4
Slovenia,1995,Aircraft,15.0
Slovenia,2001,Armoured vehicles,0.13
Slovenia,2014,Armoured vehicles,0.98
Slovenia,2021,Armoured vehicles,6.84
Slovenia,2023,Armoured vehicles,6.66
Slovenia,2023,Engines,3.0
Slovenia,2024,Engines,3.0
Somalia,2013,Aircraft,0.58
South Africa,1997,Aircraft,9.2
South Africa,1999,Aircraft,18.4
South Africa,2006,Engines,14.0
South Africa,2007,Engines,18.0
South Africa,2007,Sensors,10.0
South Africa,2008,Engines,11.0
South Africa,2009,Engines,8.8
South Africa,2010,Engines,13.2
South Africa,2011,Engines,15.4
South Africa,2011,Missiles,0.5
South Africa,2012,Engines,8.8
South Africa,2012,Missiles,0.5
South Korea,1990,Aircraft,432.15999999999997
South Korea,1990,Armoured vehicles,225.0
South Korea,1990,Artillery,99.2
South Korea,1990,Engines,42.0
South Korea,1990,Missiles,141.2
South Korea,1990,Sensors,34.0
South Korea,1991,Aircraft,400.1
South Korea,1991,Armoured vehicles,225.0
South Korea,1991,Artillery,110.0
South Korea,1991,Missiles,25.0
South Korea,1991,Sensors,19.0
South Korea,1992,Aircraft,303.0
South Korea,1992,Armoured vehicles,225.0
South Korea,1992,Artillery,110.0
South Korea,1992,Missiles,18.24
South Korea,1992,Sensors,21.0
South Korea,1993,Aircraft,145.0
South Korea,1993,Armoured vehicles,256.25
South Korea,1993,Artillery,115.5
South Korea,1993,Engines,44.0
South Korea,1993,Missiles,16.02
South Korea,1993,Sensors,21.0
South Korea,1994,Aircraft,269.0
South Korea,1994,Armoured vehicles,268.75
South Korea,1994,Artillery,115.5
South Korea,1994,Engines,10.0
South Korea,1994,Missiles,10.0
South Korea,1994,Sensors,17.0
South Korea,1995,Aircraft,1011.95
South Korea,1995,Armoured vehicles,479.61
South Korea,1995,Artillery,121.22
South Korea,1995,Missiles,57.7
South Korea,1995,Sensors,59.0
South Korea,1996,Aircraft,1199.0
South Korea,1996,Armoured vehicles,309.55
South Korea,1996,Artillery,115.5
South Korea,1997,Aircraft,444.5
South Korea,1997,Armoured vehicles,267.55
South Korea,1997,Artillery,118.8
South Korea,1997,Missiles,33.15
South Korea,1997,Ships,24.0
South Korea,1998,Aircraft,661.5
South Korea,1998,Armoured vehicles,267.0
South Korea,1998,Artillery,12.0
South Korea,1998,Engines,23.75
South Korea,1998,Missiles,206.43
South Korea,1998,Sensors,5.0
South Korea,1999,Aircraft,701.1
South Korea,1999,Armoured vehicles,264.9
South Korea,1999,Artillery,22.8
South Korea,1999,Engines,23.75
South Korea,1999,Missiles,176.57000000000002
South Korea,1999,Sensors,9.5
South Korea,2000,Aircraft,678.0
South Korea,2000,Armoured vehicles,157.0
South Korea,2000,Engines,23.75
South Korea,2000,Missiles,59.55
South Korea,2000,Sensors,15.5
South Korea,2001,Aircraft,244.3
South Korea,2001,Armoured vehicles,186.0
South Korea,2001,Engines,11.75
South Korea,2001,Missiles,14.6
South Korea,2001,Sensors,4.5
South Korea,2002,Aircraft,0.3
South Korea,2002,Armoured vehicles,187.0
South Korea,2002,Artillery,4.8
South Korea,2002,Engines,6.0
South Korea,2002,Missiles,20.0
South Korea,2002,Sensors,44.0
South Korea,2003,Aircraft,310.0
South Korea,2003,Armoured vehicles,187.0
South Korea,2003,Artillery,20.4
South Korea,2003,Engines,14.0
South Korea,2003,Missiles,29.599999999999998
South Korea,2003,Naval weapons,25.25
South Korea,2003,Sensors,5.0
South Korea,2004,Aircraft,310.0
South Korea,2004,Armoured vehicles,209.5
South Korea,2004,Artillery,9.6
South Korea,2004,Engines,14.0
South Korea,2004,Missiles,265.01
South Korea,2004,Naval weapons,25.25
South Korea,2004,Sensors,38.0
South Korea,2005,Aircraft,280.0
South Korea,2005,Armoured vehicles,208.25
South Korea,2005,Engines,20.5
South Korea,2005,Missiles,68.15
South Korea,2005,Naval weapons,25.25
South Korea,2005,Sensors,17.0
South Korea,2006,Aircraft,980.0
South Korea,2006,Armoured vehicles,201.5
South Korea,2006,Engines,28.5
South Korea,2006,Missiles,86.56
South Korea,2006,Naval weapons,20.0
South Korea,2006,Sensors,42.0
South Korea,2007,Aircraft,840.0
South Korea,2007,Armoured vehicles,195.0
South Korea,2007,Engines,32.9
South Korea,2007,Missiles,80.12
South Korea,2007,Naval weapons,20.0
South Korea,2007,Sensors,36.0
South Korea,2008,Aircraft,700.0
South Korea,2008,Armoured vehicles,174.0
South Korea,2008,Engines,70.5
South Korea,2008,Missiles,55.55
South Korea,2008,Naval weapons,45.25
South Korea,2008,Sensors,74.0
South Korea,2009,Armoured vehicles,160.0
South Korea,2009,Engines,26.4
South Korea,2009,Missiles,19.2
South Korea,2010,Aircraft,1020.0
South Korea,2010,Armoured vehicles,10.0
South Korea,2010,Engines,54.4
South Korea,2010,Missiles,71.3
South Korea,2010,Naval weapons,25.25
South Korea,2010,Sensors,54.0
South Korea,2011,Aircraft,1270.0
South Korea,2011,Armoured vehicles,3.2
South Korea,2011,Engines,47.4
South Korea,2011,Missiles,119.45
South Korea,2011,Sensors,37.5
South Korea,2012,Aircraft,780.0
South Korea,2012,Engines,55.2
South Korea,2012,Missiles,36.540000000000006
South Korea,2012,Naval weapons,25.25
South Korea,2012,Sensors,81.5
South Korea,2013,Engines,40.6
South Korea,2013,Missiles,46.980000000000004
South Korea,2013,Naval weapons,12.25
South Korea,2013,Sensors,10.0
South Korea,2014,Aircraft,260.8
South Korea,2014,Engines,57.599999999999994
South Korea,2014,Missiles,19.8
South Korea,2014,Naval weapons,12.25
South Korea,2015,Engines,72.0
South Korea,2015,Missiles,59.1
South Korea,2015,Naval weapons,24.5
South Korea,2015,Sensors,15.0
South Korea,2016,Aircraft,270.0
South Korea,2016,Engines,81.5
South Korea,2016,Missiles,143.85
South Korea,2016,Naval weapons,24.5
South Korea,2016,Sensors,20.0
South Korea,2017,Air-defence systems,55.0
South Korea,2017,Aircraft,270.0
South Korea,2017,Engines,3.5
South Korea,2017,Missiles,162.92000000000002
South Korea,2017,Sensors,33.0
South Korea,2018,Air-defence systems,110.0
South Korea,2018,Aircraft,330.0
South Korea,2018,Engines,11.0
South Korea,2018,Missiles,227.16000000000003
South Korea,2018,Naval weapons,21.5
South Korea,2019,Air-defence systems,165.0
South Korea,2019,Aircraft,585.0
South Korea,2019,Engines,14.5
South Korea,2019,Missiles,106.06
South Korea,2020,Air-defence systems,110.0
South Korea,2020,Aircraft,655.0
South Korea,2020,Engines,18.0
South Korea,2020,Missiles,146.82
South Korea,2021,Aircraft,550.0
South Korea,2021,Engines,18.0
South Korea,2021,Missiles,64.5
South Korea,2021,Naval weapons,57.5
South Korea,2021,Sensors,37.5
South Korea,2022,Aircraft,220.0
South Korea,2022,Engines,18.0
South Korea,2022,Missiles,97.0
South Korea,2022,Sensors,87.5
South Korea,2023,Aircraft,2.7
South Korea,2023,Engines,2.2
South Korea,2023,Missiles,7.5
South Korea,2023,Naval weapons,58.0
South Korea,2023,Sensors,87.5
South Korea,2024,Aircraft,816.6
South Korea,2024,Engines,28.0
South Korea,2024,Missiles,9.0
South Korea,2024,Naval weapons,27.5
South Korea,2024,Sensors,109.5
Spain,1990,Aircraft,240.0
Spain,1990,Engines,7.48
Spain,1990,Missiles,21.0
Spain,1990,Ships,292.5
Spain,1991,Aircraft,6.0
Spain,1991,Artillery,5.28
Spain,1991,Engines,1.0
Spain,1991,Missiles,64.5
Spain,1992,Aircraft,16.35
Spain,1992,Armoured vehicles,77.64
Spain,1992,Engines,3.0
Spain,1992,Missiles,58.0
Spain,1993,Aircraft,10.35
Spain,1993,Armoured vehicles,186.76
Spain,1993,Artillery,10.56
Spain,1993,Engines,3.0
Spain,1993,Missiles,30.58
Spain,1994,Engines,3.0
Spain,1994,Missiles,41.05
Spain,1994,Ships,615.17
Spain,1995,Aircraft,169.2
Spain,1995,Artillery,12.32
Spain,1995,Engines,3.0
Spain,1995,Missiles,2.0
Spain,1995,Ships,30.17
Spain,1996,Aircraft,253.8
Spain,1996,Armoured vehicles,1.5
Spain,1996,Engines,3.0
Spain,1996,Missiles,5.6
Spain,1997,Aircraft,109.5
Spain,1997,Armoured vehicles,1.6
Spain,1997,Engines,2.0
Spain,1997,Missiles,18.0
Spain,1998,Engines,5.0
Spain,1998,Missiles,17.1
Spain,1999,Aircraft,158.4
Spain,1999,Engines,0.45
Spain,1999,Missiles,50.0
Spain,2000,Aircraft,79.4
Spain,2000,Engines,5.5
Spain,2000,Missiles,72.0
Spain,2001,Missiles,66.2
Spain,2002,Aircraft,112.0
Spain,2002,Engines,19.0
Spain,2002,Missiles,26.0
Spain,2002,Naval weapons,23.47
Spain,2002,Sensors,39.0
Spain,2003,Aircraft,71.0
Spain,2003,Engines,19.0
Spain,2003,Missiles,24.0
Spain,2003,Naval weapons,23.47
Spain,2003,Sensors,49.0
Spain,2004,Aircraft,54.0
Spain,2004,Engines,19.0
Spain,2004,Missiles,28.0
Spain,2004,Naval weapons,23.47
Spain,2004,Sensors,34.0
Spain,2006,Engines,19.0
Spain,2006,Missiles,4.5
Spain,2006,Naval weapons,23.47
Spain,2006,Sensors,34.0
Spain,2007,Engines,21.0
Spain,2007,Missiles,5.0
Spain,2008,Engines,22.5
Spain,2009,Engines,21.0
Spain,2009,Missiles,30.8
Spain,2010,Engines,7.0
Spain,2011,Missiles,20.0
Spain,2012,Engines,19.0
Spain,2012,Missiles,20.0
Spain,2012,Naval weapons,23.47
Spain,2012,Sensors,34.0
Spain,2013,Missiles,43.5
Spain,2014,Missiles,20.0
Spain,2015,Missiles,20.0
Spain,2016,Armoured vehicles,1.79
Spain,2017,Aircraft,4.79
Spain,2018,Aircraft,4.79
Spain,2018,Missiles,11.0
Spain,2019,Aircraft,7.5
Spain,2019,Missiles,12.4
Spain,2020,Aircraft,22.5
Spain,2020,Missiles,7.6
Spain,2021,Aircraft,29.57
Spain,2022,Aircraft,65.8
Spain,2022,Missiles,4.72
Spain,2023,Aircraft,160.0
Spain,2023,Missiles,6.12
Spain,2024,Aircraft,100.0
Spain,2024,Engines,8.8
Sri Lanka,1990,Aircraft,14.8
Sri Lanka,1997,Ships,36.0
Sri Lanka,1998,Sensors,6.0
Sri Lanka,2000,Aircraft,10.0
Sri Lanka,2002,Aircraft,9.0
Sri Lanka,2003,Sensors,3.0
Sri Lanka,2004,Sensors,3.0
Sri Lanka,2004,Ships,9.9
Sri Lanka,2007,Sensors,5.0
Sri Lanka,2011,Aircraft,10.0
Sri Lanka,2018,Ships,54.0
Sri Lanka,2021,Ships,54.0
Sri Lanka,2022,Aircraft,0.28
Sri Lanka,2024,Aircraft,7.5
Suriname,1999,Sensors,2.25
Sweden,1990,Engines,12.5
Sweden,1990,Missiles,12.0
Sweden,1990,Sensors,17.5
Sweden,1991,Missiles,16.0
Sweden,1991,Sensors,15.0
Sweden,1992,Sensors,15.0
Sweden,1993,Engines,2.2
Sweden,1993,Sensors,15.0
Sweden,1994,Engines,11.0
Sweden,1994,Sensors,15.0
Sweden,1995,Aircraft,46.0
Sweden,1995,Engines,13.2
Sweden,1996,Engines,51.8
Sweden,1997,Engines,69.0
Sweden,1998,Engines,64.6
Sweden,1998,Missiles,85.2
Sweden,1999,Engines,64.6
Sweden,2000,Aircraft,9.2
Sweden,2000,Engines,59.6
Sweden,2001,Engines,33.0
Sweden,2002,Engines,26.4
Sweden,2003,Engines,26.4
Sweden,2004,Engines,26.4
Sweden,2005,Engines,26.4
Sweden,2005,Missiles,31.8
Sweden,2006,Engines,50.4
Sweden,2006,Missiles,2.0
Sweden,2007,Engines,22.0
Sweden,2007,Missiles,2.0
Sweden,2008,Engines,6.0
Sweden,2008,Missiles,2.0
Sweden,2009,Missiles,2.0
Sweden,2011,Aircraft,29.8
Sweden,2011,Sensors,120.0
Sweden,2012,Aircraft,65.25
Sweden,2012,Sensors,120.0
Sweden,2013,Aircraft,14.5
Sweden,2016,Missiles,1.06
Sweden,2016,Sensors,7.5
Sweden,2017,Sensors,5.0
Sweden,2021,Air-defence systems,55.0
Sweden,2021,Engines,5.0
Sweden,2021,Missiles,52.5
Sweden,2021,Sensors,2.5
Sweden,2022,Air-defence systems,165.0
Sweden,2022,Missiles,147.5
Sweden,2022,Sensors,5.0
Sweden,2023,Missiles,62.0
Sweden,2023,Sensors,2.5
Sweden,2024,Engines,2.5
Sweden,2024,Missiles,55.0
Switzerland,1990,Engines,5.9399999999999995
Switzerland,1990,Missiles,5.0
Switzerland,1991,Artillery,121.0
Switzerland,1991,Engines,6.66
Switzerland,1991,Missiles,11.0
Switzerland,1992,Engines,6.66
Switzerland,1992,Missiles,11.0
Switzerland,1993,Engines,6.18
Switzerland,1993,Missiles,33.0
Switzerland,1994,Engines,4.529999999999999
Switzerland,1994,Missiles,108.0
Switzerland,1995,Missiles,93.0
Switzerland,1996,Aircraft,75.0
Switzerland,1996,Missiles,112.0
Switzerland,1997,Aircraft,337.5
Switzerland,1997,Engines,1.5
Switzerland,1997,Missiles,37.6
Switzerland,1998,Aircraft,375.0
Switzerland,1998,Engines,3.0
Switzerland,1998,Missiles,52.0
Switzerland,1999,Aircraft,487.5
Switzerland,1999,Engines,3.0
Switzerland,1999,Missiles,10.5
Switzerland,2000,Engines,3.0
Switzerland,2001,Engines,3.0
Switzerland,2002,Engines,1.95
Switzerland,2004,Sensors,18.0
Switzerland,2007,Missiles,1.8
Switzerland,2008,Missiles,0.54
Switzerland,2009,Missiles,1.8
Switzerland,2010,Engines,4.550000000000001
Switzerland,2010,Missiles,13.86
Switzerland,2010,Sensors,11.0
Switzerland,2011,Engines,4.85
Switzerland,2011,Sensors,11.0
Switzerland,2012,Aircraft,0.5
Switzerland,2012,Engines,4.76
Switzerland,2013,Engines,2.1
Switzerland,2014,Engines,0.6
Switzerland,2015,Engines,0.9
Switzerland,2016,Engines,1.2
Switzerland,2016,Missiles,60.0
Switzerland,2017,Engines,1.2
Switzerland,2022,Missiles,15.0
Switzerland,2023,Missiles,15.0
Taiwan,1990,Aircraft,41.6
Taiwan,1990,Armoured vehicles,152.4
Taiwan,1990,Engines,6.0
Taiwan,1990,Missiles,7.5
Taiwan,1990,Naval weapons,14.0
Taiwan,1990,Sensors,3.0
Taiwan,1991,Aircraft,189.0
Taiwan,1991,Armoured vehicles,159.24
Taiwan,1991,Artillery,79.2
Taiwan,1991,Engines,13.6
Taiwan,1991,Missiles,6.25
Taiwan,1991,Naval weapons,14.0
Taiwan,1991,Sensors,15.5
Taiwan,1991,Ships,36.0
Taiwan,1992,Aircraft,162.5
Taiwan,1992,Armoured vehicles,147.0
Taiwan,1992,Engines,31.25
Taiwan,1992,Missiles,16.25
Taiwan,1992,Naval weapons,7.0
Taiwan,1992,Sensors,43.0
Taiwan,1993,Aircraft,254.0
Taiwan,1993,Armoured vehicles,126.0
Taiwan,1993,Engines,43.75
Taiwan,1993,Missiles,33.0
Taiwan,1993,Sensors,40.0
Taiwan,1993,Ships,630.0
Taiwan,1994,Aircraft,342.8
Taiwan,1994,Armoured vehicles,63.0
Taiwan,1994,Engines,43.75
Taiwan,1994,Missiles,60.25
Taiwan,1994,Sensors,42.38
Taiwan,1994,Ships,300.0
Taiwan,1995,Aircraft,373.1
Taiwan,1995,Armoured vehicles,98.11
Taiwan,1995,Engines,43.75
Taiwan,1995,Missiles,78.06
Taiwan,1995,Sensors,40.0
Taiwan,1995,Ships,679.66
Taiwan,1996,Air-defence systems,47.0
Taiwan,1996,Aircraft,92.0
Taiwan,1996,Armoured vehicles,148.3
Taiwan,1996,Engines,43.75
Taiwan,1996,Missiles,110.5
Taiwan,1996,Naval weapons,14.0
Taiwan,1996,Sensors,40.0
Taiwan,1996,Ships,300.0
Taiwan,1997,Air-defence systems,94.0
Taiwan,1997,Aircraft,1874.5
Taiwan,1997,Armoured vehicles,41.58
Taiwan,1997,Engines,43.75
Taiwan,1997,Missiles,191.14
Taiwan,1997,Naval weapons,21.0
Taiwan,1997,Sensors,40.0
Taiwan,1997,Ships,660.34
Taiwan,1998,Air-defence systems,46.62
Taiwan,1998,Aircraft,1582.4
Taiwan,1998,Armoured vehicles,103.57
Taiwan,1998,Artillery,35.0
Taiwan,1998,Engines,45.75
Taiwan,1998,Missiles,119.68
Taiwan,1998,Naval weapons,7.0
Taiwan,1998,Sensors,40.0
Taiwan,1998,Ships,300.0
Taiwan,1999,Aircraft,1091.6
Taiwan,1999,Armoured vehicles,82.32
Taiwan,1999,Engines,45.75
Taiwan,1999,Missiles,187.01
Taiwan,1999,Sensors,62.9
Taiwan,1999,Ships,236.0
Taiwan,2000,Aircraft,246.5
Taiwan,2000,Armoured vehicles,22.68
Taiwan,2000,Engines,12.5
Taiwan,2000,Missiles,159.64
Taiwan,2000,Sensors,47.480000000000004
Taiwan,2000,Ships,58.48
Taiwan,2001,Aircraft,126.0
Taiwan,2001,Armoured vehicles,31.08
Taiwan,2001,Engines,6.25
Taiwan,2001,Missiles,150.47
Taiwan,2001,Sensors,28.2
Taiwan,2002,Aircraft,182.0
Taiwan,2002,Armoured vehicles,15.12
Taiwan,2002,Missiles,93.9
Taiwan,2003,Aircraft,72.0
Taiwan,2003,Missiles,36.0
Taiwan,2004,Sensors,11.0
Taiwan,2004,Ships,300.0
Taiwan,2005,Aircraft,160.0
Taiwan,2005,Armoured vehicles,27.0
Taiwan,2005,Missiles,42.52
Taiwan,2005,Sensors,55.0
Taiwan,2005,Ships,360.0
Taiwan,2006,Armoured vehicles,27.0
Taiwan,2006,Engines,0.48
Taiwan,2006,Missiles,60.919999999999995
Taiwan,2006,Sensors,55.0
Taiwan,2006,Ships,360.0
Taiwan,2007,Engines,0.4
Taiwan,2007,Missiles,12.1
Taiwan,2008,Engines,0.08
Taiwan,2008,Missiles,11.25
Taiwan,2009,Engines,0.16
Taiwan,2010,Engines,0.16
Taiwan,2010,Missiles,35.0
Taiwan,2011,Air-defence systems,55.0
Taiwan,2011,Engines,4.08
Taiwan,2011,Missiles,77.66
Taiwan,2012,Air-defence systems,110.0
Taiwan,2012,Aircraft,105.0
Taiwan,2012,Engines,4.08
Taiwan,2012,Missiles,114.55
Taiwan,2012,Sensors,6.0
Taiwan,2012,Ships,71.62
Taiwan,2013,Aircraft,270.0
Taiwan,2013,Engines,6.33
Taiwan,2013,Missiles,175.78
Taiwan,2013,Sensors,162.0
Taiwan,2014,Air-defence systems,55.0
Taiwan,2014,Aircraft,733.0
Taiwan,2014,Engines,8.58
Taiwan,2014,Missiles,239.2
Taiwan,2014,Naval weapons,7.0
Taiwan,2014,Sensors,33.0
Taiwan,2015,Air-defence systems,165.0
Taiwan,2015,Aircraft,329.0
Taiwan,2015,Engines,3.6
Taiwan,2015,Missiles,37.0
Taiwan,2016,Aircraft,87.0
Taiwan,2016,Engines,3.6
Taiwan,2016,Missiles,2.0
Taiwan,2017,Aircraft,87.0
Taiwan,2017,Engines,3.6
Taiwan,2017,Ships,396.0
Taiwan,2018,Aircraft,87.0
Taiwan,2018,Engines,1.84
Taiwan,2018,Missiles,3.6
Taiwan,2019,Aircraft,7.25
Taiwan,2019,Engines,2.56
Taiwan,2019,Missiles,3.6
Taiwan,2019,Sensors,42.0
Taiwan,2020,Armoured vehicles,12.0
Taiwan,2020,Engines,4.32
Taiwan,2020,Missiles,36.64
Taiwan,2020,Sensors,58.0
Taiwan,2021,Armoured vehicles,24.0
Taiwan,2021,Engines,11.0
Taiwan,2021,Missiles,30.4
Taiwan,2021,Naval weapons,7.0
Taiwan,2021,Sensors,80.0
Taiwan,2022,Armoured vehicles,9.0
Taiwan,2022,Engines,26.0
Taiwan,2022,Missiles,28.0
Taiwan,2022,Sensors,99.0
Taiwan,2023,Engines,48.019999999999996
Taiwan,2023,Missiles,19.65
Taiwan,2023,Naval weapons,28.0
Taiwan,2023,Sensors,113.0
Taiwan,2024,Armoured vehicles,162.0
Taiwan,2024,Artillery,15.5
Taiwan,2024,Missiles,86.85
Taiwan,2024,Sensors,8.0
Thailand,1990,Aircraft,142.29
Thailand,1990,Armoured vehicles,80.0
Thailand,1990,Missiles,2.5
Thailand,1991,Aircraft,177.9
Thailand,1991,Armoured vehicles,90.66
Thailand,1991,Missiles,4.1
Thailand,1991,Sensors,7.5
Thailand,1992,Aircraft,2.0
Thailand,1992,Armoured vehicles,7.0
Thailand,1992,Missiles,0.5
Thailand,1992,Sensors,22.0
Thailand,1993,Aircraft,112.0
Thailand,1993,Armoured vehicles,19.5
Thailand,1994,Armoured vehicles,19.5
Thailand,1994,Artillery,25.0
Thailand,1994,Engines,14.0
Thailand,1994,Missiles,30.060000000000002
Thailand,1994,Naval weapons,25.25
Thailand,1994,Ships,110.0
Thailand,1995,Aircraft,105.0
Thailand,1995,Engines,14.0
Thailand,1995,Missiles,15.84
Thailand,1995,Naval weapons,25.25
Thailand,1995,Sensors,5.0
Thailand,1996,Aircraft,302.36
Thailand,1996,Armoured vehicles,25.86
Thailand,1996,Missiles,2.15
Thailand,1996,Sensors,2.5
Thailand,1996,Ships,110.0
Thailand,1997,Aircraft,223.1
Thailand,1997,Armoured vehicles,110.94
Thailand,1997,Artillery,6.6
Thailand,1997,Engines,17.0
Thailand,1997,Missiles,7.2
Thailand,1997,Sensors,16.0
Thailand,1998,Aircraft,18.5
Thailand,1998,Armoured vehicles,2.4
Thailand,1998,Missiles,1.8
Thailand,1998,Sensors,13.0
Thailand,1999,Aircraft,18.5
Thailand,1999,Sensors,26.0
Thailand,2000,Aircraft,18.5
Thailand,2000,Armoured vehicles,6.6
Thailand,2001,Aircraft,7.25
Thailand,2001,Armoured vehicles,6.0
Thailand,2002,Aircraft,145.81
Thailand,2003,Aircraft,121.34
Thailand,2003,Missiles,4.8
Thailand,2004,Aircraft,31.79
Thailand,2004,Engines,2.0
Thailand,2004,Sensors,5.5
Thailand,2005,Aircraft,14.5
Thailand,2005,Sensors,2.5
Thailand,2006,Sensors,5.0
Thailand,2009,Aircraft,4.0
Thailand,2010,Engines,0.5
Thailand,2011,Aircraft,36.55
Thailand,2011,Engines,13.2
Thailand,2012,Aircraft,10.15
Thailand,2012,Engines,0.15
Thailand,2012,Sensors,11.0
Thailand,2013,Aircraft,21.75
Thailand,2013,Artillery,18.36
Thailand,2013,Engines,13.5
Thailand,2014,Aircraft,21.75
Thailand,2014,Engines,0.18
Thailand,2014,Sensors,10.0
Thailand,2015,Missiles,3.6
Thailand,2015,Sensors,23.0
Thailand,2016,Aircraft,7.25
Thailand,2016,Missiles,15.0
Thailand,2016,Sensors,24.0
Thailand,2017,Aircraft,5.6
Thailand,2017,Missiles,17.8
Thailand,2017,Sensors,6.0
Thailand,2018,Engines,15.8
Thailand,2018,Missiles,3.8
Thailand,2018,Naval weapons,27.0
Thailand,2019,Armoured vehicles,2.66
Thailand,2019,Engines,8.8
Thailand,2019,Missiles,12.5
Thailand,2020,Aircraft,8.34
Thailand,2020,Armoured vehicles,6.16
Thailand,2020,Engines,8.8
Thailand,2022,Aircraft,33.14
Thailand,2022,Armoured vehicles,2.38
Thailand,2023,Aircraft,27.25
Thailand,2023,Armoured vehicles,7.0
Thailand,2024,Aircraft,22.0
Thailand,2024,Engines,4.4
Thailand,2024,Missiles,4.5
Togo,1994,Aircraft,2.85
Togo,1995,Aircraft,2.85
Togo,2020,Armoured vehicles,4.6
Togo,2021,Armoured vehicles,10.0
Togo,2022,Armoured vehicles,4.2
Togo,2023,Armoured vehicles,1.2
Tonga,1996,Aircraft,0.26
Trinidad and Tobago,2000,Aircraft,2.74
Trinidad and Tobago,2001,Aircraft,0.5
Trinidad and Tobago,2002,Sensors,1.5
Trinidad and Tobago,2007,Ships,5.92
Trinidad and Tobago,2011,Aircraft,12.0
Trinidad and Tobago,2012,Aircraft,12.0
Tunisia,1992,Ships,8.0
Tunisia,1995,Aircraft,18.4
Tunisia,1996,Aircraft,22.59
Tunisia,1997,Aircraft,24.799999999999997
Tunisia,1998,Aircraft,18.4
Tunisia,1999,Aircraft,9.6
Tunisia,2002,Air-defence systems,8.0
Tunisia,2002,Aircraft,9.2
Tunisia,2002,Missiles,26.4
Tunisia,2003,Armoured vehicles,0.6
Tunisia,2006,Missiles,1.8
Tunisia,2008,Aircraft,3.46
Tunisia,2010,Aircraft,6.92
Tunisia,2011,Aircraft,6.92
Tunisia,2013,Aircraft,40.0
Tunisia,2014,Aircraft,40.0
Tunisia,2014,Engines,1.45
Tunisia,2015,Armoured vehicles,6.76
Tunisia,2016,Aircraft,8.4
Tunisia,2016,Armoured vehicles,3.64
Tunisia,2016,Engines,4.05
Tunisia,2017,Aircraft,59.0
Tunisia,2017,Engines,3.5
Tunisia,2017,Missiles,7.5
Tunisia,2018,Aircraft,29.0
Tunisia,2018,Armoured vehicles,1.26
Tunisia,2018,Engines,12.0
Tunisia,2019,Aircraft,14.5
Tunisia,2020,Aircraft,14.5
Tunisia,2020,Engines,0.2
Tunisia,2021,Engines,1.9
Tunisia,2022,Aircraft,15.0
Tunisia,2022,Engines,2.3
Tunisia,2023,Aircraft,11.4
Tunisia,2024,Aircraft,26.4
Turkey,1990,Aircraft,759.1
Turkey,1990,Armoured vehicles,6.0
Turkey,1990,Engines,24.2
Turkey,1990,Missiles,10.4
Turkey,1990,Sensors,11.0
Turkey,1991,Aircraft,874.95
Turkey,1991,Armoured vehicles,13.5
Turkey,1991,Engines,27.2
Turkey,1991,Missiles,27.1
Turkey,1992,Aircraft,1154.07
Turkey,1992,Armoured vehicles,391.54
Turkey,1992,Artillery,37.56
Turkey,1992,Engines,30.2
Turkey,1992,Missiles,55.02
Turkey,1993,Aircraft,918.0
Turkey,1993,Armoured vehicles,426.52
Turkey,1993,Artillery,1.32
Turkey,1993,Engines,25.5
Turkey,1993,Missiles,81.23
Turkey,1993,Sensors,11.0
Turkey,1993,Ships,440.0
Turkey,1994,Aircraft,646.04
Turkey,1994,Armoured vehicles,111.94
Turkey,1994,Engines,9.0
Turkey,1994,Missiles,118.35
Turkey,1994,Sensors,30.0
Turkey,1994,Ships,440.0
Turkey,1995,Aircraft,342.65
Turkey,1995,Armoured vehicles,102.3
Turkey,1995,Engines,26.0
Turkey,1995,Missiles,164.7
Turkey,1995,Naval weapons,17.25
Turkey,1995,Sensors,43.0
Turkey,1996,Air-defence systems,39.2
Turkey,1996,Aircraft,311.6
Turkey,1996,Engines,26.0
Turkey,1996,Missiles,181.66
Turkey,1996,Naval weapons,10.25
Turkey,1996,Sensors,44.0
Turkey,1997,Aircraft,924.8
Turkey,1997,Armoured vehicles,83.4
Turkey,1997,Engines,13.0
Turkey,1997,Missiles,125.5
Turkey,1997,Sensors,3.0
Turkey,1998,Aircraft,902.8
Turkey,1998,Armoured vehicles,58.8
Turkey,1998,Engines,26.0
Turkey,1998,Missiles,229.7
Turkey,1998,Naval weapons,25.25
Turkey,1998,Sensors,5.0
Turkey,1998,Ships,360.0
Turkey,1999,Aircraft,765.0
Turkey,1999,Armoured vehicles,105.6
Turkey,1999,Engines,3.0
Turkey,1999,Missiles,133.5
Turkey,1999,Sensors,5.0
Turkey,1999,Ships,120.0
Turkey,2000,Aircraft,87.0
Turkey,2000,Armoured vehicles,58.2
Turkey,2000,Engines,17.0
Turkey,2000,Missiles,73.1
Turkey,2000,Naval weapons,25.25
Turkey,2000,Sensors,15.0
Turkey,2000,Ships,240.0
Turkey,2001,Aircraft,43.5
Turkey,2001,Armoured vehicles,23.1
Turkey,2001,Engines,3.75
Turkey,2001,Missiles,56.0
Turkey,2001,Sensors,10.0
Turkey,2002,Aircraft,223.0
Turkey,2002,Armoured vehicles,44.4
Turkey,2002,Engines,3.75
Turkey,2002,Missiles,55.4
Turkey,2002,Ships,120.0
Turkey,2003,Armoured vehicles,58.8
Turkey,2003,Engines,3.75
Turkey,2003,Missiles,49.6
Turkey,2003,Ships,120.0
Turkey,2004,Aircraft,14.5
Turkey,2004,Armoured vehicles,63.0
Turkey,2004,Engines,3.75
Turkey,2004,Missiles,47.82
Turkey,2005,Air-defence systems,184.8
Turkey,2005,Engines,3.75
Turkey,2005,Missiles,29.4
Turkey,2005,Sensors,40.0
Turkey,2006,Engines,3.75
Turkey,2007,Engines,3.75
Turkey,2007,Missiles,30.3
Turkey,2008,Engines,3.75
Turkey,2008,Missiles,54.14
Turkey,2009,Aircraft,5.58
Turkey,2009,Missiles,2.98
Turkey,2009,Sensors,12.0
Turkey,2010,Aircraft,2.7
Turkey,2010,Engines,5.0
Turkey,2011,Aircraft,186.0
Turkey,2011,Engines,13.4
Turkey,2011,Missiles,97.4
Turkey,2011,Sensors,32.0
Turkey,2012,Aircraft,852.2099999999999
Turkey,2012,Engines,2.5
Turkey,2012,Missiles,26.98
Turkey,2012,Sensors,126.0
Turkey,2013,Aircraft,119.0
Turkey,2013,Engines,13.0
Turkey,2013,Missiles,85.42
Turkey,2013,Naval weapons,40.0
Turkey,2013,Sensors,100.0
Turkey,2014,Aircraft,835.0
Turkey,2014,Engines,18.25
Turkey,2014,Missiles,93.78
Turkey,2014,Naval weapons,40.0
Turkey,2014,Sensors,112.0
Turkey,2015,Aircraft,250.0
Turkey,2015,Engines,5.75
Turkey,2015,Missiles,22.08
Turkey,2015,Sensors,20.0
Turkey,2016,Aircraft,120.0
Turkey,2016,Engines,11.5
Turkey,2016,Missiles,46.580000000000005
Turkey,2017,Engines,9.0
Turkey,2017,Missiles,108.72
Turkey,2017,Naval weapons,28.0
Turkey,2018,Aircraft,20.0
Turkey,2018,Engines,32.0
Turkey,2018,Missiles,38.28
Turkey,2018,Naval weapons,28.0
Turkey,2019,Aircraft,60.0
Turkey,2019,Engines,45.85
Turkey,2019,Missiles,30.02
Turkey,2020,Engines,22.95
Turkey,2020,Missiles,6.0
Turkey,2021,Engines,27.6
Turkey,2021,Missiles,1.16
Turkey,2022,Aircraft,21.75
Turkey,2022,Engines,4.7
Turkey,2023,Aircraft,65.25
Turkey,2023,Engines,1.0
Turkey,2023,Missiles,21.0
Turkey,2023,Naval weapons,14.0
Turkey,2024,Aircraft,65.25
Turkey,2024,Engines,21.0
Turkmenistan,2016,Engines,1.4
Turkmenistan,2021,Aircraft,0.08
Turkmenistan,2021,Engines,18.16
Uganda,2009,Aircraft,2.0
Uganda,2015,Aircraft,2.0
Uganda,2015,Armoured vehicles,2.9000000000000004
Uganda,2017,Aircraft,15.5
Uganda,2020,Armoured vehicles,4.6
Uganda,2020,Engines,1.5
Ukraine,2015,Armoured vehicles,1.56
Ukraine,2015,Sensors,2.4
Ukraine,2016,Sensors,4.8
Ukraine,2017,Sensors,3.6
Ukraine,2018,Missiles,6.3
Ukraine,2018,Sensors,2.4
Ukraine,2018,Ships,7.36
Ukraine,2019,Sensors,2.4
Ukraine,2020,Missiles,4.5
Ukraine,2021,Armoured vehicles,1.04
Ukraine,2021,Missiles,5.4
Ukraine,2021,Sensors,2.4
Ukraine,2021,Ships,11.04
Ukraine,2022,Air-defence systems,50.0
Ukraine,2022,Aircraft,46.879999999999995
Ukraine,2022,Armoured vehicles,124.1
Ukraine,2022,Artillery,77.24
Ukraine,2022,Engines,3.67
Ukraine,2022,Missiles,539.8
Ukraine,2022,Sensors,30.8
Ukraine,2023,Air-defence systems,67.02
Ukraine,2023,Aircraft,14.299999999999999
Ukraine,2023,Armoured vehicles,310.96999999999997
Ukraine,2023,Artillery,39.36
Ukraine,2023,Missiles,1203.0
Ukraine,2023,Sensors,214.0
Ukraine,2024,Air-defence systems,44.0
Ukraine,2024,Aircraft,0.1
Ukraine,2024,Armoured vehicles,462.8
Ukraine,2024,Artillery,7.720000000000001
Ukraine,2024,Engines,0.8
Ukraine,2024,Missiles,2027.0
Ukraine,2024,Sensors,363.5
United Arab Emirates,1990,Missiles,5.94
United Arab Emirates,1993,Aircraft,84.0
United Arab Emirates,1993,Missiles,8.0
United Arab Emirates,1994,Aircraft,196.0
United Arab Emirates,1994,Missiles,16.8
United Arab Emirates,1995,Artillery,10.2
United Arab Emirates,1995,Sensors,16.0
United Arab Emirates,1996,Aircraft,140.0
United Arab Emirates,1996,Missiles,14.4
United Arab Emirates,1997,Aircraft,5.7
United Arab Emirates,1998,Missiles,19.98
United Arab Emirates,1999,Engines,3.8
United Arab Emirates,1999,Missiles,11.48
United Arab Emirates,2000,Engines,3.0
United Arab Emirates,2000,Missiles,12.2
United Arab Emirates,2001,Aircraft,11.2
United Arab Emirates,2001,Missiles,6.9
United Arab Emirates,2002,Aircraft,11.2
United Arab Emirates,2002,Missiles,6.0
United Arab Emirates,2003,Missiles,36.0
United Arab Emirates,2004,Aircraft,300.0
United Arab Emirates,2004,Missiles,80.5
United Arab Emirates,2004,Sensors,5.0
United Arab Emirates,2005,Aircraft,1131.0
United Arab Emirates,2005,Missiles,128.17
United Arab Emirates,2005,Sensors,10.0
United Arab Emirates,2006,Aircraft,826.0
United Arab Emirates,2006,Engines,6.6
United Arab Emirates,2006,Missiles,163.07
United Arab Emirates,2006,Sensors,10.0
United Arab Emirates,2007,Aircraft,390.4
United Arab Emirates,2007,Missiles,81.45
United Arab Emirates,2007,Sensors,10.0
United Arab Emirates,2008,Aircraft,633.5
United Arab Emirates,2008,Missiles,7.5
United Arab Emirates,2008,Sensors,41.0
United Arab Emirates,2009,Aircraft,315.25
United Arab Emirates,2009,Engines,6.6
United Arab Emirates,2009,Missiles,22.5
United Arab Emirates,2009,Sensors,54.0
United Arab Emirates,2010,Aircraft,135.85
United Arab Emirates,2010,Engines,4.4
United Arab Emirates,2010,Missiles,17.0
United Arab Emirates,2011,Aircraft,698.15
United Arab Emirates,2011,Armoured vehicles,12.5
United Arab Emirates,2011,Missiles,120.6
United Arab Emirates,2012,Air-defence systems,110.0
United Arab Emirates,2012,Aircraft,537.0
United Arab Emirates,2012,Missiles,288.37
United Arab Emirates,2013,Air-defence systems,220.0
United Arab Emirates,2013,Aircraft,145.45
United Arab Emirates,2013,Armoured vehicles,187.5
United Arab Emirates,2013,Artillery,22.0
United Arab Emirates,2013,Missiles,473.83
United Arab Emirates,2013,Sensors,24.0
United Arab Emirates,2014,Air-defence systems,165.0
United Arab Emirates,2014,Aircraft,94.8
United Arab Emirates,2014,Missiles,262.2
United Arab Emirates,2015,Air-defence systems,250.0
United Arab Emirates,2015,Aircraft,356.1
United Arab Emirates,2015,Missiles,187.6
United Arab Emirates,2016,Air-defence systems,250.0
United Arab Emirates,2016,Aircraft,65.39999999999999
United Arab Emirates,2016,Armoured vehicles,53.199999999999996
United Arab Emirates,2016,Engines,2.24
United Arab Emirates,2016,Missiles,265.2
United Arab Emirates,2017,Aircraft,59.2
United Arab Emirates,2017,Armoured vehicles,98.3
United Arab Emirates,2017,Engines,2.4
United Arab Emirates,2017,Missiles,291.2
United Arab Emirates,2018,Armoured vehicles,254.29999999999998
United Arab Emirates,2018,Artillery,13.2
United Arab Emirates,2018,Engines,2.4
United Arab Emirates,2018,Missiles,526.28
United Arab Emirates,2018,Sensors,4.0
United Arab Emirates,2019,Armoured vehicles,1.1
United Arab Emirates,2019,Engines,5.36
United Arab Emirates,2019,Missiles,361.7
United Arab Emirates,2019,Sensors,4.0
United Arab Emirates,2020,Aircraft,0.2
United Arab Emirates,2020,Engines,6.32
United Arab Emirates,2020,Missiles,238.43
United Arab Emirates,2021,Air-defence systems,55.0
United Arab Emirates,2021,Engines,8.08
United Arab Emirates,2021,Missiles,263.0
United Arab Emirates,2022,Air-defence systems,110.0
United Arab Emirates,2022,Engines,12.690000000000001
United Arab Emirates,2022,Missiles,252.8
United Arab Emirates,2022,Sensors,10.0
United Arab Emirates,2023,Air-defence systems,55.0
United Arab Emirates,2023,Aircraft,105.0
United Arab Emirates,2023,Engines,14.4
United Arab Emirates,2023,Missiles,237.5
United Arab Emirates,2023,Sensors,15.0
United Arab Emirates,2024,Aircraft,90.0
United Arab Emirates,2024,Armoured vehicles,4.22
United Arab Emirates,2024,Missiles,97.5
United Kingdom,1990,Aircraft,24.0
United Kingdom,1990,Artillery,12.0
United Kingdom,1990,Engines,12.0
United Kingdom,1990,Missiles,25.0
United Kingdom,1991,Aircraft,764.45
United Kingdom,1991,Artillery,15.6
United Kingdom,1991,Engines,12.0
United Kingdom,1991,Missiles,37.0
United Kingdom,1992,Aircraft,1013.0
United Kingdom,1992,Artillery,15.6
United Kingdom,1992,Engines,15.19
United Kingdom,1992,Missiles,37.0
United Kingdom,1993,Aircraft,14.45
United Kingdom,1993,Artillery,15.6
United Kingdom,1993,Engines,10.6
United Kingdom,1993,Missiles,727.4
United Kingdom,1994,Aircraft,14.45
United Kingdom,1994,Artillery,12.0
United Kingdom,1994,Engines,6.6
United Kingdom,1994,Missiles,377.5
United Kingdom,1995,Aircraft,39.7
United Kingdom,1995,Engines,3.3
United Kingdom,1995,Missiles,453.20000000000005
United Kingdom,1996,Aircraft,50.45
United Kingdom,1996,Missiles,439.1
United Kingdom,1997,Aircraft,99.0
United Kingdom,1997,Missiles,389.0
United Kingdom,1997,Sensors,8.0
United Kingdom,1998,Aircraft,134.0
United Kingdom,1998,Missiles,376.0
United Kingdom,1998,Naval weapons,14.0
United Kingdom,1998,Sensors,8.0
United Kingdom,1999,Aircraft,80.0
United Kingdom,1999,Engines,2.73
United Kingdom,1999,Naval weapons,14.0
United Kingdom,1999,Sensors,8.0
United Kingdom,2000,Aircraft,811.4
United Kingdom,2000,Engines,3.0
United Kingdom,2000,Missiles,25.9
United Kingdom,2000,Sensors,32.0
United Kingdom,2001,Aircraft,1121.1
United Kingdom,2001,Engines,3.0
United Kingdom,2001,Missiles,85.7
United Kingdom,2001,Sensors,54.0
United Kingdom,2002,Aircraft,262.7
United Kingdom,2002,Armoured vehicles,2.45
United Kingdom,2002,Engines,3.0
United Kingdom,2002,Missiles,55.7
United Kingdom,2002,Sensors,57.0
United Kingdom,2003,Aircraft,291.7
United Kingdom,2003,Armoured vehicles,0.35
United Kingdom,2003,Engines,3.0
United Kingdom,2003,Missiles,87.14
United Kingdom,2003,Sensors,62.0
United Kingdom,2004,Aircraft,54.15
United Kingdom,2004,Engines,3.0
United Kingdom,2004,Missiles,103.44
United Kingdom,2004,Sensors,9.0
United Kingdom,2005,Engines,3.0
United Kingdom,2005,Missiles,15.0
United Kingdom,2006,Armoured vehicles,4.2
United Kingdom,2006,Engines,3.0
United Kingdom,2006,Missiles,157.2
United Kingdom,2007,Air-defence systems,14.0
United Kingdom,2007,Aircraft,15.0
United Kingdom,2007,Armoured vehicles,44.1
United Kingdom,2007,Engines,2.7
United Kingdom,2007,Missiles,173.05
United Kingdom,2007,Sensors,140.0
United Kingdom,2008,Aircraft,287.5
United Kingdom,2008,Armoured vehicles,24.5
United Kingdom,2008,Engines,3.7199999999999998
United Kingdom,2008,Missiles,145.92000000000002
United Kingdom,2008,Naval weapons,28.0
United Kingdom,2009,Aircraft,67.55
United Kingdom,2009,Armoured vehicles,112.64999999999999
United Kingdom,2009,Engines,3.0
United Kingdom,2009,Missiles,61.52
United Kingdom,2009,Naval weapons,42.0
United Kingdom,2010,Aircraft,147.5
United Kingdom,2010,Armoured vehicles,48.620000000000005
United Kingdom,2010,Engines,6.5
United Kingdom,2010,Missiles,67.12
United Kingdom,2010,Naval weapons,42.0
United Kingdom,2011,Aircraft,41.0
United Kingdom,2011,Armoured vehicles,84.86
United Kingdom,2011,Engines,2.25
United Kingdom,2011,Missiles,91.52000000000001
United Kingdom,2012,Aircraft,260.0
United Kingdom,2012,Engines,71.5
United Kingdom,2012,Missiles,67.52000000000001
United Kingdom,2013,Aircraft,223.85
United Kingdom,2013,Engines,70.0
United Kingdom,2013,Missiles,54.06
United Kingdom,2014,Aircraft,157.7
United Kingdom,2014,Engines,30.0
United Kingdom,2014,Missiles,9.0
United Kingdom,2015,Aircraft,310.0
United Kingdom,2015,Engines,44.0
United Kingdom,2015,Missiles,4.0
United Kingdom,2015,Naval weapons,14.0
United Kingdom,2016,Aircraft,120.0
United Kingdom,2016,Engines,32.0
United Kingdom,2016,Missiles,52.5
United Kingdom,2016,Naval weapons,14.0
United Kingdom,2017,Aircraft,690.0
United Kingdom,2017,Missiles,57.5
United Kingdom,2017,Naval weapons,7.0
United Kingdom,2018,Aircraft,140.0
United Kingdom,2019,Aircraft,245.0
United Kingdom,2020,Aircraft,593.0
United Kingdom,2020,Missiles,5.0
United Kingdom,2021,Aircraft,860.0
United Kingdom,2021,Missiles,7.5
United Kingdom,2022,Aircraft,726.5
United Kingdom,2022,Missiles,41.3
United Kingdom,2023,Aircraft,353.0
United Kingdom,2023,Missiles,3.2
United Kingdom,2024,Aircraft,425.0
Uruguay,1990,Ships,3.12
Uruguay,1993,Aircraft,18.4
Uruguay,1994,Aircraft,9.2
Uruguay,1998,Aircraft,12.280000000000001
Uruguay,2021,Aircraft,1.48
Uruguay,2022,Ships,5.04
Uruguay,2024,Armoured vehicles,2.8
Uzbekistan,2015,Armoured vehicles,35.86
Uzbekistan,2018,Engines,0.2
Uzbekistan,2019,Engines,1.0
Venezuela,1990,Engines,0.45
Venezuela,1990,Missiles,3.85
Venezuela,1991,Aircraft,68.84
Venezuela,1991,Missiles,3.3
Venezuela,1991,Sensors,2.25
Venezuela,1994,Aircraft,0.9
Venezuela,1996,Aircraft,2.24
Venezuela,1999,Aircraft,20.0
Venezuela,2001,Engines,5.0
Venezuela,2002,Aircraft,1.0
Venezuela,2002,Sensors,10.0
Venezuela,2003,Aircraft,15.0
Venezuela,2015,Aircraft,6.4
Vietnam,2017,Ships,54.0
Vietnam,2021,Ships,54.0
Vietnam,2022,Aircraft,0.24
Vietnam,2024,Aircraft,10.0
Vietnam,2024,Engines,3.6
Yemen,2006,Armoured vehicles,3.2
Yemen,2008,Armoured vehicles,6.3
Yemen,2011,Aircraft,12.4
Yemen,2013,Aircraft,2.0
Yemen,2013,Engines,1.0
Yemen,2015,Aircraft,11.0
Zambia,2019,Engines,6.0
Zambia,2020,Aircraft,1.0
Zambia,2023,Aircraft,5.0
Zambia,2024,Aircraft,0.8
Zimbabwe,1993,Aircraft,0.28
