,Recipient,Designation,Description,Armament category,Order date,Numbers delivered,Delivery year,SIPRI estimate,TIV deal unit,Total TIV
0,Afghanistan,M-113,armoured personnel carrier,Armoured vehicles,2004,188,2005,0.25,0.1,18.8
1,Afghanistan,S-70A Black Hawk,transport helicopter,Aircraft,2016,4,2017,6.5,4.29,17.16
2,Afghanistan,S-70A Black Hawk,transport helicopter,Aircraft,2016,27,2018,6.5,4.29,115.83
3,Afghanistan,S-70A Black Hawk,transport helicopter,Aircraft,2016,19,2019,6.5,4.29,81.51
4,Afghanistan,S-70A Black Hawk,transport helicopter,Aircraft,2016,3,2020,6.5,4.29,12.87
5,Afghanistan,Paveway,guided bomb,Missiles,2017,100,2018,0.02,0.02,2.0
6,Afghanistan,Paveway,guided bomb,Missiles,2017,50,2017,0.02,0.02,1.0
7,Afghanistan,Paveway,guided bomb,Missiles,2017,100,2019,0.02,0.02,2.0
8,Afghanistan,M-1117 Guardian,armoured personnel carrier,Armoured vehicles,2012,71,2014,0.4,0.4,28.4
9,Afghanistan,M-1117 Guardian,armoured personnel carrier,Armoured vehicles,2011,120,2013,0.4,0.4,48.0
10,Afghanistan,M-1117 Guardian,armoured personnel carrier,Armoured vehicles,2011,120,2012,0.4,0.4,48.0
11,Afghanistan,M-1117 Guardian,armoured personnel carrier,Armoured vehicles,2013,36,2014,0.4,0.4,14.4
12,Afghanistan,M-1117 Guardian,armoured personnel carrier,Armoured vehicles,2013,99,2015,0.4,0.4,39.6
13,Afghanistan,MD-500E,light helicopter,Aircraft,2019,6,2020,0.7,0.7,4.2
14,Afghanistan,MD-500E,light helicopter,Aircraft,2019,6,2021,0.7,0.7,4.2
15,Afghanistan,M-1117 Guardian,armoured personnel carrier,Armoured vehicles,2019,55,2020,0.4,0.4,22.0
16,Afghanistan,M-1117 Guardian,armoured personnel carrier,Armoured vehicles,2017,15,2018,0.4,0.4,6.0
17,Afghanistan,M-1117 Guardian,armoured personnel carrier,Armoured vehicles,2017,40,2019,0.4,0.4,16.0
18,Afghanistan,Cessna-208 Caravan,light transport aircraft,Aircraft,2018,2,2018,1.0,1.0,2.0
19,Afghanistan,Cessna-208 Caravan,light transport aircraft,Aircraft,2018,6,2019,1.0,1.0,6.0
20,Afghanistan,Cessna-208 Caravan,light transport aircraft,Aircraft,2018,2,2020,1.0,1.0,2.0
21,Afghanistan,MD-500E,light helicopter,Aircraft,2017,9,2018,0.7,0.7,6.3
22,Afghanistan,MD-500E,light helicopter,Aircraft,2017,21,2019,0.7,0.7,14.7
23,Afghanistan,MD-500E,light helicopter,Aircraft,2015,12,2016,0.7,0.7,8.4
24,Afghanistan,C-130H Hercules,transport aircraft,Aircraft,2012,2,2013,28.0,11.2,22.4
25,Afghanistan,C-130H Hercules,transport aircraft,Aircraft,2012,1,2014,28.0,11.2,11.2
26,Afghanistan,C-130H Hercules,transport aircraft,Aircraft,2012,1,2015,28.0,11.2,11.2
27,Afghanistan,HMMWV-UA,armoured personnel carrier,Armoured vehicles,2016,450,2016,0.13,0.13,58.5
28,Afghanistan,HMMWV-UA,armoured personnel carrier,Armoured vehicles,2016,1223,2017,0.13,0.13,158.99
29,Afghanistan,MaxxPro,armoured personnel carrier,Armoured vehicles,2014,222,2015,0.32,0.13,28.42
30,Afghanistan,HMMWV-UA,armoured personnel carrier,Armoured vehicles,2016,433,2017,0.13,0.13,56.29
31,Afghanistan,M-1117 Guardian,armoured personnel carrier,Armoured vehicles,2012,50,2013,0.4,0.4,20.0
32,Afghanistan,M-1117 Guardian,armoured personnel carrier,Armoured vehicles,2012,86,2014,0.4,0.4,34.4
33,Afghanistan,HMMWV-UA,armoured personnel carrier,Armoured vehicles,2017,1800,2019,0.13,0.13,234.0
34,Afghanistan,HMMWV-UA,armoured personnel carrier,Armoured vehicles,2017,671,2018,0.13,0.13,87.23
35,Afghanistan,HMMWV-UA,armoured personnel carrier,Armoured vehicles,2017,1383,2020,0.13,0.13,179.79
36,Afghanistan,HMMWV-UA,armoured personnel carrier,Armoured vehicles,2017,446,2021,0.13,0.13,57.98
37,Afghanistan,ScanEagle,UAV,Aircraft,2015,20,2016,0.04,0.04,0.8
38,Afghanistan,ScanEagle,UAV,Aircraft,2015,25,2017,0.04,0.04,1.0
39,Afghanistan,ScanEagle,UAV,Aircraft,2015,20,2018,0.04,0.04,0.8
40,Afghanistan,ScanEagle,UAV,Aircraft,2018,35,2019,0.04,0.04,1.4
41,Afghanistan,ScanEagle,UAV,Aircraft,2017,5,2018,0.04,0.04,0.2
42,Afghanistan,HMMWV-UA,armoured personnel carrier,Armoured vehicles,2017,1200,2018,0.13,0.05,62.4
43,Afghanistan,HMMWV-UA,armoured personnel carrier,Armoured vehicles,2017,200,2020,0.13,0.05,10.4
44,Afghanistan,HMMWV-UA,armoured personnel carrier,Armoured vehicles,2017,222,2019,0.13,0.05,11.54
45,Afghanistan,HMMWV-UA,armoured personnel carrier,Armoured vehicles,2017,51,2021,0.13,0.05,2.65
46,Afghanistan,HMMWV-UA,armoured personnel carrier,Armoured vehicles,2006,400,2008,0.13,0.05,20.8
47,Afghanistan,HMMWV-UA,armoured personnel carrier,Armoured vehicles,2006,400,2007,0.13,0.05,20.8
48,Afghanistan,M-1117 Guardian,armoured personnel carrier,Armoured vehicles,2011,18,2011,0.4,0.4,7.2
49,Afghanistan,M-1117 Guardian,armoured personnel carrier,Armoured vehicles,2011,23,2012,0.4,0.4,9.2
50,Afghanistan,HMMWV-UA,armoured personnel carrier,Armoured vehicles,2010,2500,2011,0.13,0.13,325.0
51,Afghanistan,HMMWV-UA,armoured personnel carrier,Armoured vehicles,2010,1000,2012,0.13,0.13,130.0
52,Afghanistan,HMMWV-UA,armoured personnel carrier,Armoured vehicles,2010,502,2013,0.13,0.13,65.26
53,Afghanistan,HMMWV-UA,armoured personnel carrier,Armoured vehicles,2011,744,2012,0.13,0.13,96.72
54,Afghanistan,Cessna-208 Caravan,light transport aircraft,Aircraft,2011,6,2011,1.0,1.0,6.0
55,Afghanistan,Cessna-208 Caravan,light transport aircraft,Aircraft,2011,20,2012,1.0,1.0,20.0
56,Afghanistan,Cessna-180 Skywagon,light aircraft,Aircraft,2011,6,2011,0.18,0.18,1.08
57,Afghanistan,HMMWV-UA,armoured personnel carrier,Armoured vehicles,2008,1750,2010,0.13,0.13,227.5
58,Afghanistan,HMMWV-UA,armoured personnel carrier,Armoured vehicles,2008,400,2008,0.13,0.13,52.0
59,Afghanistan,HMMWV-UA,armoured personnel carrier,Armoured vehicles,2008,2000,2009,0.13,0.13,260.0
60,Afghanistan,HMMWV-UA,armoured personnel carrier,Armoured vehicles,2008,585,2011,0.13,0.13,76.05
61,Afghanistan,HMMWV-UA,armoured personnel carrier,Armoured vehicles,2010,1286,2011,0.13,0.05,66.87
62,Afghanistan,HMMWV-UA,armoured personnel carrier,Armoured vehicles,2010,1280,2012,0.13,0.05,66.56
63,Afghanistan,HMMWV-UA,armoured personnel carrier,Armoured vehicles,2010,237,2012,0.13,0.13,30.81
64,Afghanistan,MD-500E,light helicopter,Aircraft,2011,6,2011,0.7,0.7,4.2
65,Afghanistan,MD-500E,light helicopter,Aircraft,2014,12,2015,0.7,0.7,8.4
66,Afghanistan,M-1117 Guardian,armoured personnel carrier,Armoured vehicles,2015,55,2015,0.4,0.4,22.0
68,Albania,S-70A Black Hawk,transport helicopter,Aircraft,2020,2,2024,6.5,2.6,5.2
69,Albania,MaxxPro,armoured personnel carrier,Armoured vehicles,2018,37,2019,0.32,0.13,4.74
70,Albania,MaxxPro,armoured personnel carrier,Armoured vehicles,2016,3,2017,0.32,0.13,0.38
71,Albania,HMMWV-UA,armoured personnel carrier,Armoured vehicles,2017,15,2023,0.13,0.05,0.78
72,Albania,HMMWV-UA,armoured personnel carrier,Armoured vehicles,2017,20,2021,0.13,0.05,1.04
73,Albania,HMMWV-UA,armoured personnel carrier,Armoured vehicles,2017,25,2020,0.13,0.05,1.3
74,Albania,HMMWV-UA,armoured personnel carrier,Armoured vehicles,2017,17,2018,0.13,0.05,0.88
75,Algeria,King Air,light transport aircraft,Aircraft,2009,4,2010,2.85,2.85,11.4
76,Algeria,King Air,light transport aircraft,Aircraft,2009,4,2011,2.85,2.85,11.4
77,Algeria,aircraft engine 1001-2000,aircraft engine,Engines,2012,6,2016,0.5,0.5,3.0
78,Algeria,aircraft engine 1001-2000,aircraft engine,Engines,2012,6,2015,0.5,0.5,3.0
79,Algeria,LM-2500 (30001-35000),gas turbine,Engines,2012,2,2016,7.0,7.0,14.0
80,Algeria,Bell-412,helicopter,Aircraft,2001,3,2002,5.0,5.0,15.0
92,Algeria,King Air,light transport aircraft,Aircraft,1994,1,1996,2.85,2.85,2.85
93,Algeria,King Air,light transport aircraft,Aircraft,1994,2,1995,2.85,2.85,5.7
94,Algeria,Beech-1900 AGS,ground surveillance aircraft,Aircraft,2000,2,2001,10.9,10.9,21.8
95,Algeria,Beech-1900 AGS,ground surveillance aircraft,Aircraft,2000,4,2002,10.9,10.9,43.6
96,Algeria,TPS-70,air-search radar,Sensors,1998,2,2000,11.0,11.0,22.0
97,Algeria,TPS-70,air-search radar,Sensors,1998,2,2001,11.0,11.0,22.0
98,Algeria,C-130J Hercules,transport aircraft,Aircraft,2018,1,2023,40.0,40.0,40.0
99,Algeria,C-130J Hercules,transport aircraft,Aircraft,2018,1,2024,40.0,40.0,40.0
100,Algeria,Beech-1900,light transport aircraft,Aircraft,2000,6,2001,3.8,3.8,22.8
102,Algeria,C-130H Hercules,transport aircraft,Aircraft,1989,1,1990,28.0,28.0,28.0
103,Algeria,MaxxPro,armoured personnel carrier,Armoured vehicles,2017,12,2020,0.32,0.32,3.84
104,Algeria,MaxxPro,armoured personnel carrier,Armoured vehicles,2017,9,2018,0.32,0.32,2.88
105,Algeria,MaxxPro,armoured personnel carrier,Armoured vehicles,2017,9,2019,0.32,0.32,2.88
111,Algeria,C-130J Hercules,transport aircraft,Aircraft,2018,2,2022,40.0,16.0,32.0
112,Angola,Cessna-172,light /trainer aircraft,Aircraft,2012,6,2013,0.1,0.1,0.6
113,Angola,Citation-1,light transport aircraft,Aircraft,2015,1,2017,4.0,1.6,1.6
114,Angola,APS-128,maritime patrol aircraft radar,Sensors,1990,2,1994,2.5,2.5,5.0
117,Argentina,King Air,light transport aircraft,Aircraft,2020,3,2023,2.85,1.14,3.42
118,Argentina,King Air,light transport aircraft,Aircraft,2020,2,2022,2.85,1.14,2.28
119,Argentina,King Air,light transport aircraft,Aircraft,2020,1,2021,2.85,1.14,1.14
120,Argentina,C-130H Hercules,transport aircraft,Aircraft,2022,1,2023,28.0,11.2,11.2
122,Argentina,A-4AR,FGA aircraft,Aircraft,1994,5,1997,14.0,9.24,46.2
123,Argentina,A-4AR,FGA aircraft,Aircraft,1994,10,1998,14.0,9.24,92.4
124,Argentina,A-4AR,FGA aircraft,Aircraft,1994,4,2000,14.0,9.24,36.96
125,Argentina,A-4AR,FGA aircraft,Aircraft,1994,17,1999,14.0,9.24,157.08
126,Argentina,aircraft engine 1001-2000,aircraft engine,Engines,1989,2,2000,0.5,0.5,1.0
127,Argentina,aircraft engine 1001-2000,aircraft engine,Engines,1989,2,1997,0.5,0.5,1.0
128,Argentina,aircraft engine 1001-2000,aircraft engine,Engines,1989,2,1999,0.5,0.5,1.0
129,Argentina,aircraft engine 1001-2000,aircraft engine,Engines,1989,2,2002,0.5,0.5,1.0
130,Argentina,aircraft engine 1001-2000,aircraft engine,Engines,1989,2,1995,0.5,0.5,1.0
132,Argentina,C-212,transport aircraft,Aircraft,2015,2,2015,3.8,1.52,3.04
133,Argentina,Citation-2,light transport aircraft,Aircraft,2015,1,2015,3.0,1.2,1.2
141,Argentina,UH-1H Huey-2,helicopter,Aircraft,2006,1,2010,3.1,3.1,3.1
142,Argentina,UH-1H Huey-2,helicopter,Aircraft,2006,1,2014,3.1,3.1,3.1
143,Argentina,UH-1H Huey-2,helicopter,Aircraft,2006,1,2015,3.1,3.1,3.1
144,Argentina,UH-1H Huey-2,helicopter,Aircraft,2006,1,2016,3.1,3.1,3.1
145,Argentina,UH-1H Huey-2,helicopter,Aircraft,2006,2,2017,3.1,3.1,6.2
146,Argentina,UH-1H Huey-2,helicopter,Aircraft,2006,1,2019,3.1,3.1,3.1
147,Argentina,UH-1H Huey-2,helicopter,Aircraft,2006,1,2020,3.1,3.1,3.1
148,Argentina,UH-1H Huey-2,helicopter,Aircraft,2006,1,2021,3.1,3.1,3.1
149,Argentina,UH-1H Huey-2,helicopter,Aircraft,2006,1,2022,3.1,3.1,3.1
151,Argentina,Bell-412,helicopter,Aircraft,2017,4,2017,5.0,5.0,20.0
152,Argentina,Learjet-60,light transport aircraft,Aircraft,2019,1,2020,8.25,3.3,3.3
154,Argentina,TFE-731 (1600),turbofan,Engines,2013,5,2019,0.6,0.6,3.0
155,Argentina,TFE-731 (1600),turbofan,Engines,2013,1,2020,0.6,0.6,0.6
156,Argentina,TFE-731 (1600),turbofan,Engines,2013,2,2022,0.6,0.6,1.2
157,Argentina,TFE-731 (1600),turbofan,Engines,2013,1,2023,0.6,0.6,0.6
161,Argentina,Bell-412,helicopter,Aircraft,2014,1,2015,5.0,5.0,5.0
163,Argentina,Cessna-208 Caravan,light transport aircraft,Aircraft,2015,2,2015,1.0,1.0,2.0
164,Argentina,Schweizer-330,light helicopter,Aircraft,1997,2,1997,0.45,0.45,0.9
167,Argentina,Learjet-60,light transport aircraft,Aircraft,1998,1,1998,8.25,8.25,8.25
168,Argentina,PA-28 Cherokee,light aircraft,Aircraft,2014,1,2015,0.14,0.06,0.06
169,Argentina,Bell-412,helicopter,Aircraft,2014,1,2015,5.0,2.0,2.0
170,Argentina,TPS-43,air-search radar,Sensors,2004,3,2004,9.0,3.6,10.8
171,Argentina,TPS-43,air-search radar,Sensors,2003,2,2004,9.0,3.6,7.2
173,Argentina,T-6 Texan-2 -,(armed) trainer aircraft,Aircraft,2017,4,2017,2.0,2.0,8.0
174,Argentina,T-6 Texan-2 -,(armed) trainer aircraft,Aircraft,2017,4,2018,2.0,2.0,8.0
175,Argentina,T-6 Texan-2 -,(armed) trainer aircraft,Aircraft,2017,4,2019,2.0,2.0,8.0
176,Argentina,TFE-731 (1600),turbofan,Engines,2001,6,2009,0.6,0.6,3.6
177,Argentina,Cessna-208 Caravan,light transport aircraft,Aircraft,2016,2,2016,1.0,1.0,2.0
178,Argentina,TFE-731 (1600),turbofan,Engines,2009,3,2013,0.6,0.6,1.8
179,Argentina,TFE-731 (1600),turbofan,Engines,2009,4,2012,0.6,0.6,2.4
180,Argentina,TFE-731 (1600),turbofan,Engines,2009,2,2015,0.6,0.6,1.2
181,Argentina,TFE-731 (1600),turbofan,Engines,2009,2,2016,0.6,0.6,1.2
185,Argentina,C-130B Hercules,transport aircraft,Aircraft,1992,3,1994,23.0,9.2,27.6
186,Argentina,Navajo ATF,tug,Ships,1993,1,1994,30.0,12.0,12.0
187,Argentina,UH-1H Huey-2,helicopter,Aircraft,2004,1,2005,3.1,3.1,3.1
188,Argentina,UH-1H Huey-2,helicopter,Aircraft,2004,3,2006,3.1,3.1,9.3
189,Argentina,UH-1H Huey-2,helicopter,Aircraft,2004,3,2007,3.1,3.1,9.3
190,Argentina,UH-1H Huey-2,helicopter,Aircraft,2004,2,2008,3.1,3.1,6.2
191,Argentina,Bell-205A-1,helicopter,Aircraft,1992,8,1994,2.62,1.05,8.38
192,Argentina,Bell-205A-1,helicopter,Aircraft,1992,6,1992,2.62,1.05,6.29
193,Argentina,Bell-205A-1,helicopter,Aircraft,1992,2,1998,2.62,1.05,2.1
194,Argentina,Bell-205A-1,helicopter,Aircraft,1992,4,2000,2.62,1.05,4.19
195,Argentina,Bell-205A-1,helicopter,Aircraft,1992,5,2001,2.62,1.05,5.24
196,Argentina,P-3B,anti-submarine aircraft,Aircraft,1996,3,1998,30.0,12.0,36.0
197,Argentina,P-3B,anti-submarine aircraft,Aircraft,1996,3,1999,30.0,12.0,36.0
198,Argentina,Bell-205A-1,helicopter,Aircraft,1996,2,1999,2.62,1.05,2.1
199,Argentina,Bell-205A-1,helicopter,Aircraft,1996,6,2000,2.62,1.05,6.29
200,Argentina,Bell-205A-1,helicopter,Aircraft,1996,8,1997,2.62,1.05,8.38
201,Argentina,M-113,armoured personnel carrier,Armoured vehicles,1999,57,2000,0.25,0.1,5.7
202,Argentina,M-113,armoured personnel carrier,Armoured vehicles,1999,20,2000,0.25,0.1,2.0
203,Argentina,M-106,self-propelled mortar,Artillery,1999,25,2000,0.5,0.2,5.0
206,Argentina,Bell-205A-1,helicopter,Aircraft,2006,5,2007,2.62,1.05,5.24
228,Argentina,Bell-412,helicopter,Aircraft,2011,1,2013,5.0,5.0,5.0
229,Argentina,Bell-206,light helicopter,Aircraft,2009,2,2011,0.7,0.7,1.4
230,Argentina,Bell-206,light helicopter,Aircraft,2009,3,2012,0.7,0.7,2.1
282,Argentina,APS-128,maritime patrol aircraft radar,Sensors,1988,3,1990,2.5,2.5,7.5
310,Argentina,C-130B Hercules,transport aircraft,Aircraft,1992,2,1992,23.0,9.2,18.4
311,Argentina,OV-1 Mohawk,reconnaissance aircraft,Aircraft,1992,1,1992,5.0,2.0,2.0
312,Argentina,OV-1 Mohawk,reconnaissance aircraft,Aircraft,1992,9,1995,5.0,2.0,18.0
322,Argentina,S-2E Tracker,anti-submarine aircraft,Aircraft,1993,3,1995,7.5,3.0,9.0
324,Argentina,B-707,transport aircraft,Aircraft,1997,1,1997,44.5,17.8,17.8
328,Argentina,PA-31,light transport aircraft,Aircraft,1989,1,1990,0.75,0.75,0.75
330,Argentina,MD-500E,light helicopter,Aircraft,1989,3,1990,0.7,0.7,2.1
332,Argentina,TOW,anti-tank missile,Missiles,2000,21,2003,0.01,0.01,0.21
333,Argentina,TOW,anti-tank missile,Missiles,2000,21,2002,0.01,0.01,0.21
334,Argentina,APS-94,ground-surveillance radar,Sensors,1995,8,1997,2.5,1.0,8.0
335,Argentina,AIM-9L,short-range air-to-air missile,Missiles,2001,100,2002,0.11,0.11,11.0
336,Argentina,AIM-9L,short-range air-to-air missile,Missiles,2001,100,2003,0.11,0.11,11.0
337,Argentina,S-61 Sea King,transport helicopter,Aircraft,2007,2,2009,6.0,3.96,7.92
338,Argentina,S-61 Sea King,transport helicopter,Aircraft,2007,2,2008,6.0,3.96,7.92
339,Argentina,SA-315,light helicopter,Aircraft,2001,1,2001,0.75,0.3,0.3
340,Argentina,RDR-1500,maritime patrol aircraft radar,Sensors,1993,4,1996,2.25,2.25,9.0
348,Argentina,TFE-731 (1600),turbofan,Engines,1980,6,1990,0.6,0.6,3.6
349,Argentina,TFE-731 (1600),turbofan,Engines,1998,1,1999,0.6,0.6,0.6
350,Argentina,ERJ,transport aircraft,Aircraft,2023,2,2024,13.0,5.2,10.4
357,Argentina,Bell-407,light helicopter,Aircraft,2022,2,2024,1.1,1.1,2.2
358,Argentina,Bell-407,light helicopter,Aircraft,2022,1,2023,1.1,1.1,1.1
361,Argentina,S-61 Sea King,transport helicopter,Aircraft,2021,2,2022,6.0,3.96,7.92
369,Australia,GBU-39 SDB,guided glide bomb,Missiles,2016,100,2019,0.02,0.02,2.0
370,Australia,GBU-39 SDB,guided glide bomb,Missiles,2016,500,2023,0.02,0.02,10.0
371,Australia,GBU-39 SDB,guided glide bomb,Missiles,2016,500,2024,0.02,0.02,10.0
372,Australia,GBU-39 SDB,guided glide bomb,Missiles,2016,250,2020,0.02,0.02,5.0
373,Australia,GBU-39 SDB,guided glide bomb,Missiles,2016,500,2022,0.02,0.02,10.0
374,Australia,GBU-39 SDB,guided glide bomb,Missiles,2016,500,2021,0.02,0.02,10.0
375,Australia,LAV-25 turret,infantry fighting vehicle turret,Other,1992,20,1995,0.6,0.6,12.0
376,Australia,LAV-25 turret,infantry fighting vehicle turret,Other,1992,5,1994,0.6,0.6,3.0
377,Australia,LAV-25 turret,infantry fighting vehicle turret,Other,1992,8,1996,0.6,0.6,4.8
384,Australia,CH-47F,transport helicopter,Aircraft,2021,2,2021,20.0,20.0,40.0
385,Australia,CH-47F,transport helicopter,Aircraft,2021,2,2022,20.0,20.0,40.0
386,Australia,AGM-114 Hellfire-2,anti-tank/air-to-surface missile,Missiles,2021,100,2023,0.05,0.05,5.0
387,Australia,AGM-114 Hellfire-2,anti-tank/air-to-surface missile,Missiles,2021,200,2024,0.05,0.05,10.0
388,Australia,AGM-114 Hellfire-2,anti-tank/air-to-surface missile,Missiles,2021,50,2022,0.05,0.05,2.5
389,Australia,LAV-25 turret,infantry fighting vehicle turret,Other,1996,14,1996,0.6,0.6,8.4
391,Australia,MK-41 SAMS,naval SAM system,Naval weapons,2002,1,2007,20.0,20.0,20.0
392,Australia,MK-41 SAMS,naval SAM system,Naval weapons,2002,1,2006,20.0,20.0,20.0
393,Australia,MK-41 SAMS,naval SAM system,Naval weapons,2002,2,2008,20.0,20.0,40.0
394,Australia,LM-2500 (30001-35000),gas turbine,Engines,2008,1,2014,7.0,7.0,7.0
395,Australia,LM-2500 (30001-35000),gas turbine,Engines,2008,1,2015,7.0,7.0,7.0
396,Australia,Piranha-2 IFV,infantry fighting vehicle,Armoured vehicles,1989,14,1991,0.9,0.36,5.04
397,Australia,EA-18G Growler,FGA/electronic warfare aircraft,Aircraft,2013,2,2015,60.0,60.0,120.0
398,Australia,EA-18G Growler,FGA/electronic warfare aircraft,Aircraft,2013,6,2016,60.0,60.0,360.0
399,Australia,EA-18G Growler,FGA/electronic warfare aircraft,Aircraft,2013,4,2017,60.0,60.0,240.0
400,Australia,RQ-7 Shadow-200,UAV,Aircraft,2010,5,2011,0.1,0.1,0.5
401,Australia,RQ-7 Shadow-200,UAV,Aircraft,2010,5,2012,0.1,0.1,0.5
402,Australia,AGM-158A JASSM,air-to-surface missile,Missiles,2006,50,2012,0.64,0.64,32.0
403,Australia,AGM-158A JASSM,air-to-surface missile,Missiles,2006,50,2011,0.64,0.64,32.0
404,Australia,AGM-158A JASSM,air-to-surface missile,Missiles,2006,62,2013,0.64,0.64,39.68
405,Australia,AGM-158A JASSM,air-to-surface missile,Missiles,2006,50,2010,0.64,0.64,32.0
406,Australia,AGM-158A JASSM,air-to-surface missile,Missiles,2006,48,2009,0.64,0.64,30.72
407,Australia,C-17,heavy transport aircraft,Aircraft,2015,2,2015,140.0,140.0,280.0
417,Australia,F-414 (10000),turbofan,Engines,2014,3,2016,2.5,2.5,7.5
418,Australia,CH-47F,transport helicopter,Aircraft,2012,7,2015,20.0,20.0,140.0
422,Australia,CH-47F,transport helicopter,Aircraft,2016,3,2016,20.0,20.0,60.0
425,Australia,aircraft engine 3001-4500,aircraft engine,Engines,2005,4,2008,1.1,1.1,4.4
426,Australia,aircraft engine 3001-4500,aircraft engine,Engines,2005,4,2007,1.1,1.1,4.4
427,Australia,aircraft engine 3001-4500,aircraft engine,Engines,2005,4,2006,1.1,1.1,4.4
428,Australia,Phalanx,naval gun,Naval weapons,2014,2,2015,7.0,7.0,14.0
429,Australia,Phalanx,naval gun,Naval weapons,2014,2,2016,7.0,7.0,14.0
430,Australia,Phalanx,naval gun,Naval weapons,2014,2,2018,7.0,7.0,14.0
431,Australia,Phalanx,naval gun,Naval weapons,2014,1,2019,7.0,7.0,7.0
432,Australia,Phalanx,naval gun,Naval weapons,2014,1,2020,7.0,7.0,7.0
433,Australia,Phalanx,naval gun,Naval weapons,2014,1,2021,7.0,7.0,7.0
435,Australia,S-70A Black Hawk,transport helicopter,Aircraft,1987,14,1990,6.5,6.5,91.0
436,Australia,S-70A Black Hawk,transport helicopter,Aircraft,1987,1,1991,6.5,6.5,6.5
438,Australia,Harpoon Block-2,anti-ship/land-attack missile,Missiles,2002,20,2008,1.0,1.0,20.0
439,Australia,Harpoon Block-2,anti-ship/land-attack missile,Missiles,2002,19,2006,1.0,1.0,19.0
440,Australia,Harpoon Block-2,anti-ship/land-attack missile,Missiles,2002,10,2010,1.0,1.0,10.0
441,Australia,Harpoon Block-2,anti-ship/land-attack missile,Missiles,2002,15,2014,1.0,1.0,15.0
444,Australia,King Air,light transport aircraft,Aircraft,2005,2,2005,2.85,2.85,5.7
445,Australia,King Air,light transport aircraft,Aircraft,2005,1,2006,2.85,2.85,2.85
446,Australia,Bell-429,light helicopter,Aircraft,2011,3,2012,2.8,2.8,8.4
447,Australia,AGM-114 Hellfire-2,anti-tank/air-to-surface missile,Missiles,2006,200,2009,0.05,0.05,10.0
448,Australia,AGM-114 Hellfire-2,anti-tank/air-to-surface missile,Missiles,2006,200,2008,0.05,0.05,10.0
449,Australia,AGM-114 Hellfire-2,anti-tank/air-to-surface missile,Missiles,2006,50,2006,0.05,0.05,2.5
450,Australia,AGM-114 Hellfire-2,anti-tank/air-to-surface missile,Missiles,2006,50,2007,0.05,0.05,2.5
451,Australia,C-17,heavy transport aircraft,Aircraft,2006,1,2008,140.0,140.0,140.0
452,Australia,C-17,heavy transport aircraft,Aircraft,2006,1,2006,140.0,140.0,140.0
453,Australia,C-17,heavy transport aircraft,Aircraft,2006,2,2007,140.0,140.0,280.0
464,Australia,Perry,frigate,Ships,1983,1,1992,300.0,300.0,300.0
465,Australia,Perry,frigate,Ships,1983,1,1993,300.0,300.0,300.0
471,Australia,F-18A,FGA aircraft,Aircraft,1981,4,1990,30.0,30.0,120.0
472,Australia,M-88A2,armoured recovery vehicle,Armoured vehicles,2015,6,2016,2.0,2.0,12.0
473,Australia,M-1A1 Abrams,tank,Armoured vehicles,2004,18,2006,4.0,2.64,47.52
474,Australia,M-1A1 Abrams,tank,Armoured vehicles,2004,41,2007,4.0,2.64,108.24
475,Australia,King Air,light transport aircraft,Aircraft,2002,4,2003,2.85,2.85,11.4
476,Australia,King Air,light transport aircraft,Aircraft,2002,3,2004,2.85,2.85,8.55
477,Australia,Mk-48 ADCAP,anti-ship/anti-submarine torpedo,Missiles,2003,25,2007,1.6,1.6,40.0
478,Australia,Mk-48 ADCAP,anti-ship/anti-submarine torpedo,Missiles,2003,25,2008,1.6,1.6,40.0
479,Australia,Mk-48 ADCAP,anti-ship/anti-submarine torpedo,Missiles,2003,30,2009,1.6,1.6,48.0
480,Australia,Mk-48 ADCAP,anti-ship/anti-submarine torpedo,Missiles,2003,35,2010,1.6,1.6,56.0
481,Australia,Mk-48 ADCAP,anti-ship/anti-submarine torpedo,Missiles,2003,35,2011,1.6,1.6,56.0
482,Australia,FGM-148 Javelin,anti-tank missile,Missiles,2020,200,2022,0.03,0.03,6.0
483,Australia,vehicle engine 201-300,vehicle engine,Engines,2008,41,2010,0.03,0.03,1.23
484,Australia,Newport,landing ship,Ships,1993,2,1994,75.42,30.17,60.34
485,Australia,LM-2500 (30001-35000),gas turbine,Engines,2007,2,2017,7.0,7.0,14.0
486,Australia,LM-2500 (30001-35000),gas turbine,Engines,2007,2,2018,7.0,7.0,14.0
487,Australia,LM-2500 (30001-35000),gas turbine,Engines,2007,2,2020,7.0,7.0,14.0
488,Australia,ship engine 6001-8000,ship engine,Engines,2007,2,2020,2.5,2.5,5.0
489,Australia,ship engine 6001-8000,ship engine,Engines,2007,2,2017,2.5,2.5,5.0
490,Australia,ship engine 6001-8000,ship engine,Engines,2007,2,2018,2.5,2.5,5.0
491,Australia,ScanEagle,UAV,Aircraft,2007,4,2007,0.04,0.04,0.16
492,Australia,LAV-25 turret,infantry fighting vehicle turret,Other,1998,21,2003,0.6,0.6,12.6
493,Australia,LAV-25 turret,infantry fighting vehicle turret,Other,1998,20,2005,0.6,0.6,12.0
494,Australia,LAV-25 turret,infantry fighting vehicle turret,Other,1998,40,2004,0.6,0.6,24.0
501,Australia,Mk-45-4 127mm,naval gun,Naval weapons,2010,1,2017,7.5,7.5,7.5
502,Australia,Mk-45-4 127mm,naval gun,Naval weapons,2010,1,2018,7.5,7.5,7.5
503,Australia,Mk-45-4 127mm,naval gun,Naval weapons,2010,1,2020,7.5,7.5,7.5
504,Australia,TPS-77,air-search radar,Sensors,1998,2,2005,11.0,11.0,22.0
505,Australia,TPS-77,air-search radar,Sensors,1998,2,2004,11.0,11.0,22.0
506,Australia,ESSM,SAM,Missiles,2002,30,2012,0.4,0.4,12.0
507,Australia,ESSM,SAM,Missiles,2002,20,2003,0.4,0.4,8.0
508,Australia,ESSM,SAM,Missiles,2002,25,2007,0.4,0.4,10.0
509,Australia,ESSM,SAM,Missiles,2002,25,2008,0.4,0.4,10.0
510,Australia,ESSM,SAM,Missiles,2002,20,2004,0.4,0.4,8.0
511,Australia,ESSM,SAM,Missiles,2002,20,2005,0.4,0.4,8.0
512,Australia,ESSM,SAM,Missiles,2002,20,2006,0.4,0.4,8.0
513,Australia,ESSM,SAM,Missiles,2002,30,2010,0.4,0.4,12.0
514,Australia,ESSM,SAM,Missiles,2002,30,2009,0.4,0.4,12.0
515,Australia,ESSM,SAM,Missiles,2002,30,2011,0.4,0.4,12.0
516,Australia,ESSM,SAM,Missiles,2002,30,2013,0.4,0.4,12.0
517,Australia,ESSM,SAM,Missiles,2002,30,2014,0.4,0.4,12.0
518,Australia,ESSM,SAM,Missiles,2002,30,2015,0.4,0.4,12.0
519,Australia,ESSM,SAM,Missiles,2002,30,2016,0.4,0.4,12.0
520,Australia,ESSM,SAM,Missiles,2002,30,2017,0.4,0.4,12.0
521,Australia,B-737 AEW,airborne early-warning aircraft,Aircraft,2000,2,2009,250.0,250.0,500.0
522,Australia,B-737 AEW,airborne early-warning aircraft,Aircraft,2000,2,2010,250.0,250.0,500.0
523,Australia,SM-2MR,SAM,Missiles,2005,10,2008,0.3,0.3,3.0
524,Australia,SM-2MR,SAM,Missiles,2005,35,2012,0.3,0.3,10.5
525,Australia,SM-2MR,SAM,Missiles,2005,35,2010,0.3,0.3,10.5
526,Australia,SM-2MR,SAM,Missiles,2005,30,2009,0.3,0.3,9.0
527,Australia,SM-2MR,SAM,Missiles,2005,35,2011,0.3,0.3,10.5
528,Australia,SM-2MR,SAM,Missiles,2005,30,2013,0.3,0.3,9.0
529,Australia,B-737 AEW,airborne early-warning aircraft,Aircraft,2004,1,2011,250.0,250.0,250.0
530,Australia,B-737 AEW,airborne early-warning aircraft,Aircraft,2004,1,2012,250.0,250.0,250.0
531,Australia,Excalibur,guided shell,Missiles,2008,250,2009,0.04,0.04,10.0
532,Australia,AIM-9X,long-range air-to-air missile,Missiles,2008,5,2009,0.18,0.18,0.9
533,Australia,AIM-9X,long-range air-to-air missile,Missiles,2008,42,2010,0.18,0.18,7.56
534,Australia,F-414 (10000),turbofan,Engines,2008,4,2011,2.5,2.5,10.0
535,Australia,F-414 (10000),turbofan,Engines,2008,4,2010,2.5,2.5,10.0
537,Australia,AVQ-26 Pave Tack,aircraft electro-optical system,Sensors,1996,20,1997,1.0,0.4,8.0
538,Australia,C-17,heavy transport aircraft,Aircraft,2011,1,2011,140.0,140.0,140.0
539,Australia,vehicle engine 201-300,vehicle engine,Engines,2007,53,2008,0.03,0.03,1.59
540,Australia,vehicle engine 201-300,vehicle engine,Engines,2007,125,2009,0.03,0.03,3.75
541,Australia,vehicle engine 201-300,vehicle engine,Engines,2007,75,2010,0.03,0.03,2.25
542,Australia,vehicle engine 201-300,vehicle engine,Engines,2011,101,2012,0.03,0.03,3.03
543,Australia,vehicle engine 201-300,vehicle engine,Engines,2006,72,2007,0.03,0.03,2.16
544,Australia,vehicle engine 201-300,vehicle engine,Engines,2006,72,2008,0.03,0.03,2.16
545,Australia,C-17,heavy transport aircraft,Aircraft,2012,1,2012,140.0,140.0,140.0
546,Australia,CH-47D Chinook,transport helicopter,Aircraft,2011,2,2012,18.0,7.2,14.4
549,Australia,SH-60B Seahawk,anti-submarine helicopter,Aircraft,1986,4,1991,17.0,17.0,68.0
550,Australia,SH-60B Seahawk,anti-submarine helicopter,Aircraft,1986,4,1990,17.0,17.0,68.0
551,Australia,F-18E,FGA aircraft,Aircraft,2007,9,2011,50.0,50.0,450.0
552,Australia,F-18E,FGA aircraft,Aircraft,2007,15,2010,50.0,50.0,750.0
553,Australia,aircraft engine 4501-6000,aircraft engine,Engines,2012,4,2015,1.5,1.5,6.0
554,Australia,aircraft engine 4501-6000,aircraft engine,Engines,2012,4,2016,1.5,1.5,6.0
555,Australia,aircraft engine 4501-6000,aircraft engine,Engines,2012,6,2017,1.5,1.5,9.0
556,Australia,aircraft engine 4501-6000,aircraft engine,Engines,2012,6,2018,1.5,1.5,9.0
557,Australia,ASQ-228 ATFLIR,aircraft electro-optical system,Sensors,2007,15,2010,1.1,1.1,16.5
558,Australia,ASQ-228 ATFLIR,aircraft electro-optical system,Sensors,2007,9,2011,1.1,1.1,9.9
589,Australia,AIM-9L,short-range air-to-air missile,Missiles,1983,50,1990,0.11,0.11,5.5
635,Australia,SM-1MR,SAM,Missiles,1987,15,1996,0.25,0.25,3.75
636,Australia,SM-1MR,SAM,Missiles,1987,22,1994,0.25,0.25,5.5
637,Australia,SM-1MR,SAM,Missiles,1987,5,1993,0.25,0.25,1.25
638,Australia,SM-1MR,SAM,Missiles,1987,58,1995,0.25,0.25,14.5
639,Australia,Harpoon Block-1,anti-ship missile,Missiles,1987,14,1992,0.9,0.9,12.6
640,Australia,Harpoon Block-1,anti-ship missile,Missiles,1987,14,1993,0.9,0.9,12.6
642,Australia,AIM-7P,long-range air-to-air missile,Missiles,1991,10,1997,0.2,0.2,2.0
643,Australia,AIM-7P,long-range air-to-air missile,Missiles,1991,8,1996,0.2,0.2,1.6
644,Australia,AIM-7P,long-range air-to-air missile,Missiles,1991,4,1998,0.2,0.2,0.8
645,Australia,AIM-7P,long-range air-to-air missile,Missiles,1991,10,1999,0.2,0.2,2.0
646,Australia,FB-111,bomber aircraft,Aircraft,1993,6,1993,50.0,20.0,120.0
647,Australia,FB-111,bomber aircraft,Aircraft,1993,9,1994,50.0,20.0,180.0
648,Australia,P-3B,anti-submarine aircraft,Aircraft,1994,1,1995,30.0,12.0,12.0
649,Australia,P-3B,anti-submarine aircraft,Aircraft,1994,1,1997,30.0,12.0,12.0
650,Australia,P-3B,anti-submarine aircraft,Aircraft,1994,1,1999,30.0,12.0,12.0
655,Australia,Phalanx,naval gun,Naval weapons,1989,2,1993,7.0,7.0,14.0
656,Australia,Phalanx,naval gun,Naval weapons,1989,2,1992,7.0,7.0,14.0
657,Australia,Phalanx,naval gun,Naval weapons,1989,2,1991,7.0,7.0,14.0
658,Australia,Phalanx,naval gun,Naval weapons,1989,2,1990,7.0,7.0,14.0
659,Australia,Phalanx,naval gun,Naval weapons,1989,1,1994,7.0,7.0,7.0
660,Australia,SPS-49,air-search radar,Sensors,1993,1,1996,5.0,5.0,5.0
661,Australia,SPS-49,air-search radar,Sensors,1993,1,1998,5.0,5.0,5.0
662,Australia,SPS-49,air-search radar,Sensors,1993,1,2001,5.0,5.0,5.0
663,Australia,SPS-49,air-search radar,Sensors,1993,1,2002,5.0,5.0,5.0
664,Australia,SPS-49,air-search radar,Sensors,1993,1,2003,5.0,5.0,5.0
665,Australia,SPS-49,air-search radar,Sensors,1993,1,2004,5.0,5.0,5.0
666,Australia,SPS-49,air-search radar,Sensors,1993,1,2005,5.0,5.0,5.0
667,Australia,SPS-49,air-search radar,Sensors,1993,1,2006,5.0,5.0,5.0
669,Australia,Harpoon Block-1,anti-ship missile,Missiles,1995,6,2000,0.9,0.9,5.4
670,Australia,Harpoon Block-1,anti-ship missile,Missiles,1995,6,2001,0.9,0.9,5.4
674,Australia,Mk-45 127mm,naval gun,Naval weapons,1989,1,2006,5.25,5.25,5.25
675,Australia,Mk-45 127mm,naval gun,Naval weapons,1989,1,2004,5.25,5.25,5.25
676,Australia,Mk-45 127mm,naval gun,Naval weapons,1989,1,2003,5.25,5.25,5.25
677,Australia,Mk-45 127mm,naval gun,Naval weapons,1989,1,2002,5.25,5.25,5.25
678,Australia,Mk-45 127mm,naval gun,Naval weapons,1989,1,2001,5.25,5.25,5.25
679,Australia,Mk-45 127mm,naval gun,Naval weapons,1989,1,1998,5.25,5.25,5.25
680,Australia,Mk-45 127mm,naval gun,Naval weapons,1989,1,1996,5.25,5.25,5.25
681,Australia,Mk-45 127mm,naval gun,Naval weapons,1989,1,2005,5.25,5.25,5.25
682,Australia,Popeye,air-to-surface missile,Missiles,1998,12,2001,0.9,0.9,10.8
683,Australia,Popeye,air-to-surface missile,Missiles,1998,13,2002,0.9,0.9,11.7
684,Australia,Popeye,air-to-surface missile,Missiles,1998,13,2003,0.9,0.9,11.7
685,Australia,Popeye,air-to-surface missile,Missiles,1998,13,2004,0.9,0.9,11.7
691,Australia,CH-47D Chinook,transport helicopter,Aircraft,1998,2,2001,18.0,18.0,36.0
692,Australia,Mk-46-5,anti-submarine torpedo,Missiles,1994,25,1995,0.35,0.35,8.75
693,Australia,Mk-46-5,anti-submarine torpedo,Missiles,1994,25,1996,0.35,0.35,8.75
695,Australia,AIM-120B AMRAAM,long-range air-to-air missile,Missiles,2000,40,2006,0.4,0.4,16.0
696,Australia,AIM-120B AMRAAM,long-range air-to-air missile,Missiles,2000,45,2003,0.4,0.4,18.0
697,Australia,AIM-120B AMRAAM,long-range air-to-air missile,Missiles,2000,45,2004,0.4,0.4,18.0
698,Australia,AIM-120B AMRAAM,long-range air-to-air missile,Missiles,2000,40,2001,0.4,0.4,16.0
699,Australia,AIM-120B AMRAAM,long-range air-to-air missile,Missiles,2000,40,2002,0.4,0.4,16.0
700,Australia,AIM-120B AMRAAM,long-range air-to-air missile,Missiles,2000,40,2005,0.4,0.4,16.0
701,Australia,Popeye,air-to-surface missile,Missiles,2001,20,2008,0.9,0.9,18.0
702,Australia,Popeye,air-to-surface missile,Missiles,2001,20,2007,0.9,0.9,18.0
703,Australia,Popeye,air-to-surface missile,Missiles,2001,10,2005,0.9,0.9,9.0
704,Australia,Popeye,air-to-surface missile,Missiles,2001,20,2006,0.9,0.9,18.0
705,Australia,King Air,light transport aircraft,Aircraft,1998,1,1999,2.85,2.85,2.85
710,Australia,APG-73,combat aircraft radar,Sensors,2000,30,2002,2.0,2.0,60.0
711,Australia,APG-73,combat aircraft radar,Sensors,2000,41,2003,2.0,2.0,82.0
712,Australia,FGM-148 Javelin,anti-tank missile,Missiles,2003,200,2007,0.03,0.03,6.0
713,Australia,FGM-148 Javelin,anti-tank missile,Missiles,2003,276,2006,0.03,0.03,8.28
714,Australia,FGM-148 Javelin,anti-tank missile,Missiles,2003,200,2005,0.03,0.03,6.0
719,Australia,FGM-148 Javelin,anti-tank missile,Missiles,2001,10,2001,0.03,0.03,0.3
720,Australia,PSTAR-ER,air-search radar,Sensors,2003,2,2004,0.75,0.75,1.5
721,Australia,PSTAR-ER,air-search radar,Sensors,2003,2,2005,0.75,0.75,1.5
722,Australia,PSTAR-ER,air-search radar,Sensors,2003,1,2006,0.75,0.75,0.75
731,Australia,M-88A2,armoured recovery vehicle,Armoured vehicles,2004,5,2006,2.0,2.0,10.0
732,Australia,M-88A2,armoured recovery vehicle,Armoured vehicles,2004,2,2007,2.0,2.0,4.0
733,Australia,LM-2500 (30001-35000),gas turbine,Engines,1989,1,2004,7.0,7.0,7.0
734,Australia,LM-2500 (30001-35000),gas turbine,Engines,1989,1,2003,7.0,7.0,7.0
735,Australia,LM-2500 (30001-35000),gas turbine,Engines,1989,1,2002,7.0,7.0,7.0
736,Australia,LM-2500 (30001-35000),gas turbine,Engines,1989,1,2001,7.0,7.0,7.0
737,Australia,LM-2500 (30001-35000),gas turbine,Engines,1989,1,1998,7.0,7.0,7.0
738,Australia,LM-2500 (30001-35000),gas turbine,Engines,1989,1,1996,7.0,7.0,7.0
739,Australia,LM-2500 (30001-35000),gas turbine,Engines,1989,1,2005,7.0,7.0,7.0
740,Australia,LM-2500 (30001-35000),gas turbine,Engines,1989,1,2006,7.0,7.0,7.0
741,Australia,RQ-21 Blackjack,UAV,Aircraft,2022,24,2024,0.07,0.07,1.68
742,Australia,M-1A2 SEPv-3 Abrams,tank,Armoured vehicles,2021,46,2024,5.2,5.2,239.2
743,Australia,SM-2MR,SAM,Missiles,2016,20,2023,0.3,0.3,6.0
744,Australia,SM-2MR,SAM,Missiles,2016,20,2022,0.3,0.3,6.0
745,Australia,SM-2MR,SAM,Missiles,2016,20,2021,0.3,0.3,6.0
746,Australia,SM-2MR,SAM,Missiles,2016,20,2020,0.3,0.3,6.0
747,Australia,ESSM-2,SAM,Missiles,2018,25,2022,0.6,0.6,15.0
748,Australia,ESSM-2,SAM,Missiles,2018,25,2023,0.6,0.6,15.0
749,Australia,Mk-54 LWT,anti-submarine torpedo,Missiles,2012,32,2014,0.5,0.5,16.0
750,Australia,Mk-54 LWT,anti-submarine torpedo,Missiles,2012,75,2015,0.5,0.5,37.5
751,Australia,Mk-54 LWT,anti-submarine torpedo,Missiles,2012,77,2016,0.5,0.5,38.5
752,Australia,Mk-54 LWT,anti-submarine torpedo,Missiles,2012,16,2013,0.5,0.5,8.0
753,Australia,Harpoon Block-2,anti-ship/land-attack missile,Missiles,2017,5,2019,1.0,1.0,5.0
754,Australia,Harpoon Block-2,anti-ship/land-attack missile,Missiles,2017,5,2020,1.0,1.0,5.0
755,Australia,Harpoon Block-2,anti-ship/land-attack missile,Missiles,2017,5,2021,1.0,1.0,5.0
756,Australia,Harpoon Block-2,anti-ship/land-attack missile,Missiles,2017,5,2022,1.0,1.0,5.0
757,Australia,Harpoon Block-2,anti-ship/land-attack missile,Missiles,2017,5,2018,1.0,1.0,5.0
758,Australia,AIM-9X,long-range air-to-air missile,Missiles,2014,42,2019,0.18,0.18,7.56
759,Australia,AIM-9X,long-range air-to-air missile,Missiles,2014,42,2020,0.18,0.18,7.56
760,Australia,AIM-9X,long-range air-to-air missile,Missiles,2014,43,2021,0.18,0.18,7.74
761,Australia,AIM-9X,long-range air-to-air missile,Missiles,2014,42,2022,0.18,0.18,7.56
762,Australia,AGM-88E AARGM,anti-radar missile,Missiles,2018,5,2020,0.6,0.6,3.0
763,Australia,AGM-88E AARGM,anti-radar missile,Missiles,2018,5,2022,0.6,0.6,3.0
764,Australia,Mk-48,anti-ship/anti-submarine torpedo,Missiles,1996,10,1996,1.25,1.25,12.5
765,Australia,Mk-48,anti-ship/anti-submarine torpedo,Missiles,1996,10,1997,1.25,1.25,12.5
766,Australia,Mk-48,anti-ship/anti-submarine torpedo,Missiles,1998,5,1999,1.25,1.25,6.25
767,Australia,vehicle engine 201-300,vehicle engine,Engines,1999,74,2007,0.03,0.03,2.22
768,Australia,vehicle engine 201-300,vehicle engine,Engines,1999,150,2006,0.03,0.03,4.5
769,Australia,vehicle engine 201-300,vehicle engine,Engines,1999,75,2005,0.03,0.03,2.25
770,Australia,AIM-120C AMRAAM,long-range air-to-air missile,Missiles,2019,54,2024,0.6,0.6,32.4
771,Australia,AIM-120C AMRAAM,long-range air-to-air missile,Missiles,2019,54,2023,0.6,0.6,32.4
772,Australia,CF-6 (26000),turbofan,Engines,2004,2,2012,6.0,6.0,12.0
773,Australia,CF-6 (26000),turbofan,Engines,2004,8,2011,6.0,6.0,48.0
774,Australia,AIM-120D AMRAAM,long-range air-to-air missile,Missiles,2018,25,2019,0.8,0.8,20.0
775,Australia,AIM-120D AMRAAM,long-range air-to-air missile,Missiles,2018,50,2020,0.8,0.8,40.0
776,Australia,AIM-120D AMRAAM,long-range air-to-air missile,Missiles,2018,50,2021,0.8,0.8,40.0
777,Australia,AIM-120D AMRAAM,long-range air-to-air missile,Missiles,2018,50,2022,0.8,0.8,40.0
778,Australia,AIM-120D AMRAAM,long-range air-to-air missile,Missiles,2018,50,2023,0.8,0.8,40.0
779,Australia,AIM-120D AMRAAM,long-range air-to-air missile,Missiles,2018,50,2024,0.8,0.8,40.0
780,Australia,AGM-114 Hellfire-2,anti-tank/air-to-surface missile,Missiles,2013,300,2015,0.05,0.05,15.0
781,Australia,AGM-114 Hellfire-2,anti-tank/air-to-surface missile,Missiles,2013,150,2014,0.05,0.05,7.5
782,Australia,AGM-114 Hellfire-2,anti-tank/air-to-surface missile,Missiles,2013,150,2016,0.05,0.05,7.5
783,Australia,F-35A Lightning-2,FGA aircraft,Aircraft,2009,9,2024,55.0,55.0,495.0
784,Australia,F-35A Lightning-2,FGA aircraft,Aircraft,2009,3,2023,55.0,55.0,165.0
785,Australia,F-35A Lightning-2,FGA aircraft,Aircraft,2009,12,2022,55.0,55.0,660.0
786,Australia,F-35A Lightning-2,FGA aircraft,Aircraft,2009,15,2021,55.0,55.0,825.0
787,Australia,F-35A Lightning-2,FGA aircraft,Aircraft,2009,15,2020,55.0,55.0,825.0
788,Australia,F-35A Lightning-2,FGA aircraft,Aircraft,2009,8,2019,55.0,55.0,440.0
789,Australia,F-35A Lightning-2,FGA aircraft,Aircraft,2009,8,2018,55.0,55.0,440.0
790,Australia,F-35A Lightning-2,FGA aircraft,Aircraft,2009,2,2014,55.0,55.0,110.0
791,Australia,P-8A,anti-submarine aircraft,Aircraft,2014,1,2016,125.0,125.0,125.0
792,Australia,P-8A,anti-submarine aircraft,Aircraft,2014,4,2017,125.0,125.0,500.0
793,Australia,P-8A,anti-submarine aircraft,Aircraft,2014,2,2018,125.0,125.0,250.0
794,Australia,P-8A,anti-submarine aircraft,Aircraft,2014,4,2019,125.0,125.0,500.0
795,Australia,P-8A,anti-submarine aircraft,Aircraft,2014,1,2020,125.0,125.0,125.0
796,Australia,Bell-429,light helicopter,Aircraft,2015,1,2016,2.8,2.8,2.8
797,Australia,AGM-154 JSOW,guided glide bomb,Missiles,2007,5,2010,0.4,0.4,2.0
798,Australia,AGM-154 JSOW,guided glide bomb,Missiles,2007,5,2011,0.4,0.4,2.0
799,Australia,AGM-154 JSOW,guided glide bomb,Missiles,2007,5,2012,0.4,0.4,2.0
800,Australia,AGM-154 JSOW,guided glide bomb,Missiles,2007,10,2014,0.4,0.4,4.0
801,Australia,AGM-154 JSOW,guided glide bomb,Missiles,2007,5,2009,0.4,0.4,2.0
802,Australia,AGM-154 JSOW,guided glide bomb,Missiles,2007,10,2015,0.4,0.4,4.0
803,Australia,AGM-154 JSOW,guided glide bomb,Missiles,2007,10,2016,0.4,0.4,4.0
804,Australia,APKWS,air-to-surface missile,Missiles,2016,500,2018,0.01,0.01,5.0
805,Australia,SPY-1F,air-search radar,Sensors,2008,1,2017,20.0,20.0,20.0
806,Australia,SPY-1F,air-search radar,Sensors,2008,1,2018,20.0,20.0,20.0
807,Australia,SPY-1F,air-search radar,Sensors,2008,1,2020,20.0,20.0,20.0
808,Australia,Type-2150,anti-submarine sonar,Sensors,2007,1,2017,30.0,30.0,30.0
809,Australia,Type-2150,anti-submarine sonar,Sensors,2007,1,2018,30.0,30.0,30.0
810,Australia,Type-2150,anti-submarine sonar,Sensors,2007,1,2020,30.0,30.0,30.0
811,Australia,SPQ-9,fire-control radar,Sensors,2009,1,2017,3.5,3.5,3.5
812,Australia,SPQ-9,fire-control radar,Sensors,2009,1,2018,3.5,3.5,3.5
813,Australia,SPQ-9,fire-control radar,Sensors,2009,1,2020,3.5,3.5,3.5
814,Australia,Mk-54 LWT,anti-submarine torpedo,Missiles,2015,30,2018,0.5,0.5,15.0
815,Australia,Mk-54 LWT,anti-submarine torpedo,Missiles,2015,30,2017,0.5,0.5,15.0
816,Australia,Mk-54 LWT,anti-submarine torpedo,Missiles,2015,10,2016,0.5,0.5,5.0
817,Australia,Mk-54 LWT,anti-submarine torpedo,Missiles,2015,30,2019,0.5,0.5,15.0
818,Australia,AIM-120C AMRAAM,long-range air-to-air missile,Missiles,2013,4,2015,0.6,0.6,2.4
819,Australia,AIM-120C AMRAAM,long-range air-to-air missile,Missiles,2013,106,2016,0.6,0.6,63.6
820,Australia,MK-41 SAMS,naval SAM system,Naval weapons,2006,1,2017,20.0,20.0,20.0
821,Australia,MK-41 SAMS,naval SAM system,Naval weapons,2006,1,2018,20.0,20.0,20.0
822,Australia,MK-41 SAMS,naval SAM system,Naval weapons,2006,1,2020,20.0,20.0,20.0
823,Australia,MQ-4,UAV,Aircraft,2020,1,2024,35.0,35.0,35.0
827,Australia,ESSM,SAM,Missiles,2007,50,2017,0.4,0.4,20.0
828,Australia,ESSM,SAM,Missiles,2007,50,2018,0.4,0.4,20.0
829,Australia,MH-60R -,anti-submarine helicopter,Aircraft,2011,2,2013,16.5,16.5,33.0
830,Australia,MH-60R -,anti-submarine helicopter,Aircraft,2011,4,2014,16.5,16.5,66.0
831,Australia,MH-60R -,anti-submarine helicopter,Aircraft,2011,11,2015,16.5,16.5,181.5
832,Australia,MH-60R -,anti-submarine helicopter,Aircraft,2011,7,2016,16.5,16.5,115.5
849,Australia,C-130J Hercules,transport aircraft,Aircraft,1995,7,1999,40.0,40.0,280.0
850,Australia,C-130J Hercules,transport aircraft,Aircraft,1995,5,2000,40.0,40.0,200.0
853,Australia,EA-18G Growler,FGA/electronic warfare aircraft,Aircraft,2022,1,2023,60.0,24.0,24.0
854,Australia,S-70L Black Hawk,transport helicopter,Aircraft,2022,7,2024,7.25,7.25,50.75
855,Australia,S-70L Black Hawk,transport helicopter,Aircraft,2022,3,2023,7.25,7.25,21.75
856,Australia,vehicle engine 201-300,vehicle engine,Engines,1992,19,1996,0.03,0.03,0.57
857,Australia,vehicle engine 201-300,vehicle engine,Engines,1992,57,1995,0.03,0.03,1.71
858,Australia,vehicle engine 201-300,vehicle engine,Engines,1992,21,1994,0.03,0.03,0.63
859,Australia,vehicle engine 201-300,vehicle engine,Engines,1995,14,1996,0.03,0.03,0.42
860,Australia,vehicle engine 201-300,vehicle engine,Engines,1998,23,2005,0.03,0.03,0.69
861,Australia,vehicle engine 201-300,vehicle engine,Engines,1998,55,2004,0.03,0.03,1.65
862,Australia,vehicle engine 201-300,vehicle engine,Engines,1998,67,2003,0.03,0.03,2.01
863,Australia,vehicle engine 201-300,vehicle engine,Engines,1998,5,2002,0.03,0.03,0.15
864,Australia,vehicle engine 201-300,vehicle engine,Engines,2012,123,2013,0.03,0.03,3.69
865,Australia,vehicle engine 201-300,vehicle engine,Engines,2012,25,2012,0.03,0.03,0.75
866,Australia,vehicle engine 201-300,vehicle engine,Engines,2012,66,2014,0.03,0.03,1.98
867,Australia,AGM-88E AARGM,anti-radar missile,Missiles,2015,8,2016,0.6,0.6,4.8
868,Australia,AGM-88E AARGM,anti-radar missile,Missiles,2015,8,2017,0.6,0.6,4.8
869,Australia,King Air,light transport aircraft,Aircraft,2009,5,2010,2.85,2.85,14.25
870,Australia,JDAM,guided bomb,Missiles,2005,50,2008,0.02,0.02,1.0
871,Australia,JDAM,guided bomb,Missiles,2005,50,2007,0.02,0.02,1.0
873,Australia,M-1156,guided shell,Missiles,2013,1330,2016,0.03,0.03,39.9
874,Australia,M-1156,guided shell,Missiles,2013,1342,2017,0.03,0.03,40.26
875,Australia,M-1156,guided shell,Missiles,2013,1330,2018,0.03,0.03,39.9
876,Austria,vehicle engine 401-600,vehicle engine,Engines,2016,14,2019,0.08,0.08,1.12
877,Austria,vehicle engine 401-600,vehicle engine,Engines,2016,20,2020,0.08,0.08,1.6
878,Austria,vehicle engine 401-600,vehicle engine,Engines,2016,16,2022,0.08,0.08,1.28
879,Austria,vehicle engine 401-600,vehicle engine,Engines,2016,14,2023,0.08,0.08,1.12
880,Austria,vehicle engine 401-600,vehicle engine,Engines,2016,18,2024,0.08,0.08,1.44
891,Austria,S-70L Black Hawk,transport helicopter,Aircraft,2000,9,2002,7.25,7.25,65.25
911,Austria,M-109A5 155mm,self-propelled gun,Artillery,1995,27,1997,1.25,1.25,33.75
912,Austria,M-109A5 155mm,self-propelled gun,Artillery,1995,27,1998,1.25,1.25,33.75
913,Austria,AIM-9J,short-range air-to-air missile,Missiles,1992,20,1998,0.09,0.09,1.8
931,Azerbaijan,vehicle engine 201-300,vehicle engine,Engines,2009,22,2010,0.03,0.03,0.66
932,Azerbaijan,vehicle engine 201-300,vehicle engine,Engines,2009,18,2011,0.03,0.03,0.54
933,Azerbaijan,vehicle engine 201-300,vehicle engine,Engines,2009,10,2009,0.03,0.03,0.3
934,Azerbaijan,vehicle engine 201-300,vehicle engine,Engines,2011,18,2014,0.03,0.03,0.54
935,Azerbaijan,vehicle engine 201-300,vehicle engine,Engines,2011,12,2013,0.03,0.03,0.36
936,Azerbaijan,vehicle engine 201-300,vehicle engine,Engines,2011,60,2012,0.03,0.03,1.8
937,Azerbaijan,aircraft engine 4501-6000,aircraft engine,Engines,2023,2,2024,1.5,1.5,3.0
938,Bahamas,Cessna-411,light transport aircraft,Aircraft,1989,2,1990,0.95,0.95,1.9
939,Bahamas,Cessna-208 Caravan,light transport aircraft,Aircraft,2007,1,2009,1.0,1.0,1.0
940,Bahamas,King Air,light transport aircraft,Aircraft,2005,1,2005,2.85,2.85,2.85
941,Bahamas,Europatrol-250,patrol boat,Ships,1997,2,2000,16.5,16.5,33.0
942,Bahamas,LCU-1610,landing craft,Ships,1991,1,1991,7.5,3.0,3.0
943,Bahrain,JDAM,guided bomb,Missiles,2019,50,2024,0.02,0.02,1.0
944,Bahrain,M-113,armoured personnel carrier,Armoured vehicles,2003,105,2005,0.25,0.1,10.5
945,Bahrain,M-113,armoured personnel carrier,Armoured vehicles,2009,100,2010,0.25,0.1,10.0
946,Bahrain,M-113,armoured personnel carrier,Armoured vehicles,2011,101,2017,0.25,0.1,10.1
947,Bahrain,M-113,armoured personnel carrier,Armoured vehicles,2011,20,2018,0.25,0.1,2.0
948,Bahrain,MIM-104 PAC-3 MSE,ABM missile,Missiles,2019,60,2024,1.5,1.5,90.0
949,Bahrain,Patriot-3 SAMS,SAM system,Air-defence systems,2019,1,2024,55.0,55.0,55.0
950,Bahrain,Patriot-3 SAMS,SAM system,Air-defence systems,2019,1,2023,55.0,55.0,55.0
959,Bahrain,M-60A3,tank,Armoured vehicles,1990,27,1991,2.1,0.84,22.68
961,Bahrain,AIM-7E,long-range air-to-air missile,Missiles,1987,38,1992,0.15,0.15,5.7
962,Bahrain,AIM-7E,long-range air-to-air missile,Missiles,1987,37,1991,0.15,0.15,5.55
963,Bahrain,AAQ-33 Sniper ATP,aircraft electro-optical system,Sensors,2017,13,2024,1.0,1.0,13.0
964,Bahrain,AAQ-33 Sniper ATP,aircraft electro-optical system,Sensors,2017,3,2023,1.0,1.0,3.0
965,Bahrain,M-198 155mm,towed gun,Artillery,2018,6,2019,0.85,0.34,2.04
966,Bahrain,I-HAWK SAMS,SAM system,Air-defence systems,1995,1,1997,35.0,14.0,14.0
967,Bahrain,F-16V Viper,FGA aircraft,Aircraft,2017,13,2024,40.0,40.0,520.0
968,Bahrain,F-16V Viper,FGA aircraft,Aircraft,2017,3,2023,40.0,40.0,120.0
969,Bahrain,APKWS,air-to-surface missile,Missiles,2018,28,2022,0.01,0.01,0.28
970,Bahrain,APKWS,air-to-surface missile,Missiles,2018,28,2023,0.01,0.01,0.28
971,Bahrain,AIM-9X,long-range air-to-air missile,Missiles,2019,22,2024,0.18,0.18,3.96
972,Bahrain,AIM-9X,long-range air-to-air missile,Missiles,2019,10,2023,0.18,0.18,1.8
973,Bahrain,AH-1F Cobra,combat helicopter,Aircraft,1994,10,1997,7.5,3.0,30.0
974,Bahrain,AH-1F Cobra,combat helicopter,Aircraft,1994,12,1995,7.5,3.0,36.0
975,Bahrain,M-60A3,tank,Armoured vehicles,1995,20,1995,2.1,0.84,16.8
976,Bahrain,M-60A3,tank,Armoured vehicles,1995,40,1996,2.1,0.84,33.6
977,Bahrain,M-109A5 155mm,self-propelled gun,Artillery,2004,20,2005,1.25,1.25,25.0
978,Bahrain,FGM-148 Javelin,anti-tank missile,Missiles,2006,90,2008,0.03,0.03,2.7
979,Bahrain,FGM-148 Javelin,anti-tank missile,Missiles,2006,90,2007,0.03,0.03,2.7
980,Bahrain,M-198 155mm,towed gun,Artillery,2012,12,2017,0.85,0.34,4.08
983,Bahrain,M-106,self-propelled mortar,Artillery,2011,1,2017,0.5,0.2,0.2
984,Bahrain,S-70L Black Hawk,transport helicopter,Aircraft,1989,1,1991,7.25,7.25,7.25
985,Bahrain,TOW,anti-tank missile,Missiles,2016,232,2017,0.01,0.01,2.32
986,Bahrain,TOW,anti-tank missile,Missiles,2016,32,2018,0.01,0.01,0.32
987,Bahrain,TPS-59,air-search radar,Sensors,2004,1,2007,15.0,15.0,15.0
988,Bahrain,S-70L Black Hawk,transport helicopter,Aircraft,2007,8,2010,7.25,7.25,58.0
991,Bahrain,Cougar MRAP,armoured personnel carrier,Armoured vehicles,2017,9,2017,0.35,0.14,1.26
992,Bahrain,F-16C,FGA aircraft,Aircraft,1987,12,1990,28.5,28.5,342.0
993,Bahrain,F-16C,FGA aircraft,Aircraft,1998,10,2000,28.5,28.5,285.0
994,Bahrain,AGM-88 HARM,anti-radar missile,Missiles,2019,10,2024,0.25,0.25,2.5
995,Bahrain,MIM-104 PAC-2,SAM,Missiles,2019,18,2024,1.0,1.0,18.0
996,Bahrain,MIM-104 PAC-2,SAM,Missiles,2019,18,2023,1.0,1.0,18.0
997,Bahrain,Bell-505,light helicopter,Aircraft,2022,3,2023,0.9,0.9,2.7
998,Bahrain,King Air,light transport aircraft,Aircraft,2005,1,2006,2.85,2.85,2.85
999,Bahrain,TOW-2B,anti-tank missile,Missiles,2017,221,2018,0.02,0.02,4.42
1000,Bahrain,MIM-23B,SAM,Missiles,1995,40,1997,0.17,0.07,2.72
1001,Bahrain,SM-1MR,SAM,Missiles,1995,22,1997,0.25,0.1,2.2
1002,Bahrain,Perry,frigate,Ships,1995,1,1997,300.0,120.0,120.0
1003,Bahrain,M-578,armoured recovery vehicle,Armoured vehicles,1996,6,1996,0.36,0.14,0.86
1004,Bahrain,M-110A2 203mm,self-propelled gun,Artillery,1995,49,1997,1.1,0.44,21.56
1005,Bahrain,M-901,tank destroyer,Armoured vehicles,1999,38,2000,0.9,0.36,13.68
1006,Bahrain,Mk-46-5,anti-submarine torpedo,Missiles,1997,18,1997,0.35,0.14,2.52
1007,Bahrain,M-113,armoured personnel carrier,Armoured vehicles,2000,19,2001,0.25,0.1,1.9
1008,Bahrain,SM-1MR,SAM,Missiles,2002,10,2003,0.25,0.1,1.0
1009,Bahrain,SM-1MR,SAM,Missiles,2002,1,2002,0.25,0.1,0.1
1010,Bahrain,ATACMS-1A,surface-to-surface missile,Missiles,2011,30,2013,2.0,2.0,60.0
1011,Bahrain,Swift-35,patrol boat,Ships,2018,2,2021,6.0,6.0,12.0
1012,Bahrain,AIM-120C AMRAAM,long-range air-to-air missile,Missiles,2010,25,2015,0.6,0.6,15.0
1013,Bahrain,DB-110,aircraft reconnaissance system,Sensors,2019,3,2024,4.0,4.0,12.0
1014,Bahrain,DB-110,aircraft reconnaissance system,Sensors,2019,1,2023,4.0,4.0,4.0
1015,Bahrain,LCU-1466,landing craft,Ships,1991,4,1991,5.6,2.24,8.96
1021,Bahrain,AIM-9L,short-range air-to-air missile,Missiles,1987,75,1990,0.11,0.11,8.25
1022,Bahrain,AGM-65 Maverick,air-to-surface missile,Missiles,1987,75,1990,0.15,0.15,11.25
1024,Bahrain,M-270 MLRS,multiple rocket launcher,Artillery,1990,9,1992,1.2,1.2,10.8
1026,Bahrain,M-60A3,tank,Armoured vehicles,1991,25,1991,2.1,0.84,21.0
1027,Bahrain,M-113,armoured personnel carrier,Armoured vehicles,1991,101,1992,0.25,0.25,25.25
1028,Bahrain,M-113,armoured personnel carrier,Armoured vehicles,1991,2,1993,0.25,0.25,0.5
1029,Bahrain,M-113,armoured personnel carrier,Armoured vehicles,1991,12,1991,0.25,0.25,3.0
1030,Bahrain,Harpoon Block-1,anti-ship missile,Missiles,1995,4,1997,0.9,0.9,3.6
1031,Bahrain,Harpoon Block-1,anti-ship missile,Missiles,1995,4,1998,0.9,0.9,3.6
1032,Bahrain,TOW,anti-tank missile,Missiles,1994,190,1996,0.01,0.01,1.9
1033,Bahrain,GMLRS,guided rocket,Missiles,2018,720,2021,0.08,0.08,57.6
1034,Bahrain,AIM-120B AMRAAM,long-range air-to-air missile,Missiles,1999,26,2002,0.4,0.4,10.4
1035,Bahrain,TOW,anti-tank missile,Missiles,2000,135,2001,0.01,0.01,1.35
1036,Bahrain,TOW,anti-tank missile,Missiles,2000,135,2002,0.01,0.01,1.35
1037,Bahrain,ATACMS-1,surface-to-surface missile,Missiles,2000,30,2002,1.4,1.4,42.0
1038,Bahrain,AH-1F Cobra,combat helicopter,Aircraft,2001,9,2005,7.5,3.0,27.0
1039,Bahrain,AH-1F Cobra,combat helicopter,Aircraft,2001,3,2007,7.5,3.0,9.0
1040,Bahrain,aircraft engine 1001-2000,aircraft engine,Engines,2018,1,2022,0.5,0.5,0.5
1041,Bahrain,aircraft engine 1001-2000,aircraft engine,Engines,2018,1,2023,0.5,0.5,0.5
1042,Bahrain,AAQ-13 LANTIRN,combat aircraft radar,Sensors,1993,3,1996,1.0,1.0,3.0
1043,Bahrain,AAQ-14 LANTIRN,aircraft electro-optical system,Sensors,1993,3,1996,1.0,1.0,3.0
1045,Bahrain,K-6 120mm,mortar,Artillery,2021,4,2023,0.25,0.25,1.0
1046,Bahrain,K-6 120mm,mortar,Artillery,2021,12,2022,0.25,0.25,3.0
1047,Bahrain,Cyclone,patrol boat,Ships,2021,5,2022,21.5,8.6,43.0
1048,Bahrain,Perry,frigate,Ships,2019,1,2024,300.0,120.0,120.0
1049,Bahrain,ATACMS-1A,surface-to-surface missile,Missiles,2019,55,2022,2.0,2.0,110.0
1050,Bahrain,ATACMS-1A,surface-to-surface missile,Missiles,2019,55,2021,2.0,2.0,110.0
1051,Bahrain,AGM-114 Hellfire-2,anti-tank/air-to-surface missile,Missiles,2018,7,2022,0.05,0.05,0.35
1052,Bahrain,AGM-114 Hellfire-2,anti-tank/air-to-surface missile,Missiles,2018,7,2023,0.05,0.05,0.35
1054,Bahrain,AIM-120D AMRAAM,long-range air-to-air missile,Missiles,2019,16,2024,0.8,0.8,12.8
1055,Bahrain,GMLRS,guided rocket,Missiles,2015,24,2017,0.08,0.08,1.92
1056,Bahrain,AH-1Z Viper,combat helicopter,Aircraft,2018,6,2023,14.5,14.5,87.0
1057,Bahrain,AH-1Z Viper,combat helicopter,Aircraft,2018,6,2022,14.5,14.5,87.0
1058,Bangladesh,Bell-206L,light helicopter,Aircraft,2001,5,2002,0.95,0.95,4.75
1059,Bangladesh,Bell-206L,light helicopter,Aircraft,1997,1,1997,0.95,0.95,0.95
1061,Bangladesh,MaxxPro,armoured personnel carrier,Armoured vehicles,2018,19,2024,0.32,0.13,2.43
1062,Bangladesh,MaxxPro,armoured personnel carrier,Armoured vehicles,2018,33,2023,0.32,0.13,4.22
1063,Bangladesh,MaxxPro,armoured personnel carrier,Armoured vehicles,2018,39,2022,0.32,0.13,4.99
1064,Bangladesh,MaxxPro,armoured personnel carrier,Armoured vehicles,2018,50,2021,0.32,0.13,6.4
1066,Bangladesh,Hamilton,patrol ship,Ships,2014,1,2015,135.0,54.0,54.0
1067,Bangladesh,Bell-407,light helicopter,Aircraft,2020,2,2021,1.1,1.1,2.2
1068,Bangladesh,T-37B,(armed) trainer aircraft,Aircraft,1995,12,1995,1.8,0.72,8.64
1069,Bangladesh,Hamilton,patrol ship,Ships,2013,1,2013,135.0,54.0,54.0
1074,Bangladesh,LCU-1466,landing craft,Ships,1991,2,1992,5.6,3.7,7.39
1075,Bangladesh,TPS-43,air-search radar,Sensors,1990,2,1991,9.0,9.0,18.0
1076,Bangladesh,TPS-43,air-search radar,Sensors,1990,2,1992,9.0,9.0,18.0
1077,Bangladesh,C-130B Hercules,transport aircraft,Aircraft,1999,4,2000,23.0,15.18,60.72
1079,Belgium,L-ATV,armoured personnel carrier,Armoured vehicles,2020,132,2024,0.18,0.18,23.76
1080,Belgium,L-ATV,armoured personnel carrier,Armoured vehicles,2020,66,2023,0.18,0.18,11.88
1081,Belgium,MQ-9 UAV,UAV,Aircraft,2020,1,2024,6.5,6.5,6.5
1082,Belgium,Mk-54 LWT,anti-submarine torpedo,Missiles,2020,29,2024,0.5,0.5,14.5
1091,Belgium,F-35A Lightning-2,FGA aircraft,Aircraft,2018,7,2024,55.0,55.0,385.0
1094,Belgium,F-16A,FGA aircraft,Aircraft,1983,14,1990,20.65,20.65,289.1
1095,Belgium,F-16A,FGA aircraft,Aircraft,1983,5,1991,20.65,20.65,103.25
1110,Belgium,JDAM,guided bomb,Missiles,2018,200,2019,0.02,0.02,4.0
1111,Belgium,JDAM,guided bomb,Missiles,2018,196,2020,0.02,0.02,3.92
1112,Belgium,GBU-39 SDB,guided glide bomb,Missiles,2019,50,2020,0.02,0.02,1.0
1116,Belgium,AGM-65 Maverick,air-to-surface missile,Missiles,1999,10,1999,0.15,0.15,1.5
1152,Belgium,AIM-9X,long-range air-to-air missile,Missiles,2014,15,2016,0.18,0.18,2.7
1153,Belgium,AIM-9X,long-range air-to-air missile,Missiles,2014,15,2017,0.18,0.18,2.7
1154,Belgium,AIM-9X,long-range air-to-air missile,Missiles,2014,3,2018,0.18,0.18,0.54
1155,Belgium,JDAM,guided bomb,Missiles,2015,60,2016,0.02,0.02,1.2
1163,Belgium,JDAM,guided bomb,Missiles,2011,180,2012,0.02,0.02,3.6
1165,Belgium,JDAM,guided bomb,Missiles,2016,36,2018,0.02,0.02,0.72
1166,Belgium,JDAM,guided bomb,Missiles,2016,227,2017,0.02,0.02,4.54
1169,Belgium,C-130E Hercules,transport aircraft,Aircraft,2007,1,2009,24.0,9.6,9.6
1190,Belgium,AAQ-33 Sniper ATP,aircraft electro-optical system,Sensors,2006,4,2007,1.0,1.0,4.0
1191,Belgium,AAQ-33 Sniper ATP,aircraft electro-optical system,Sensors,2006,4,2008,1.0,1.0,4.0
1231,Belgium,AIM-9M,short-range air-to-air missile,Missiles,1988,100,1990,0.12,0.12,12.0
1232,Belgium,AIM-9M,short-range air-to-air missile,Missiles,1988,100,1991,0.12,0.12,12.0
1233,Belgium,AIM-9M,short-range air-to-air missile,Missiles,1988,100,1992,0.12,0.12,12.0
1234,Belgium,AIM-9M,short-range air-to-air missile,Missiles,1988,100,1993,0.12,0.12,12.0
1235,Belgium,AIM-9M,short-range air-to-air missile,Missiles,1988,100,1994,0.12,0.12,12.0
1236,Belgium,AIM-9M,short-range air-to-air missile,Missiles,1988,45,1995,0.12,0.12,5.4
1237,Belgium,TOW,anti-tank missile,Missiles,1989,224,1992,0.01,0.01,2.24
1246,Belgium,AIM-120B AMRAAM,long-range air-to-air missile,Missiles,1995,20,1998,0.4,0.4,8.0
1247,Belgium,AIM-120B AMRAAM,long-range air-to-air missile,Missiles,1995,52,1999,0.4,0.4,20.8
1249,Belgium,AGM-65 Maverick,air-to-surface missile,Missiles,1997,50,1999,0.15,0.15,7.5
1260,Belgium,APG-66,combat aircraft radar,Sensors,1993,2,1996,1.5,1.5,3.0
1261,Belgium,APG-66,combat aircraft radar,Sensors,1993,12,1997,1.5,1.5,18.0
1262,Belgium,APG-66,combat aircraft radar,Sensors,1993,12,1998,1.5,1.5,18.0
1263,Belgium,APG-66,combat aircraft radar,Sensors,1993,12,1999,1.5,1.5,18.0
1264,Belgium,APG-66,combat aircraft radar,Sensors,1993,12,2000,1.5,1.5,18.0
1265,Belgium,APG-66,combat aircraft radar,Sensors,1993,12,2001,1.5,1.5,18.0
1266,Belgium,APG-66,combat aircraft radar,Sensors,1993,12,2002,1.5,1.5,18.0
1267,Belgium,APG-66,combat aircraft radar,Sensors,1993,12,2003,1.5,1.5,18.0
1268,Belgium,APG-66,combat aircraft radar,Sensors,1993,6,2004,1.5,1.5,9.0
1274,Belgium,TOW,anti-tank missile,Missiles,2001,281,2002,0.01,0.01,2.81
1275,Belgium,TOW,anti-tank missile,Missiles,2001,281,2003,0.01,0.01,2.81
1276,Belgium,AAQ-14 LANTIRN,aircraft electro-optical system,Sensors,2000,8,2002,1.0,1.0,8.0
1277,Belgium,vehicle engine 301-400,vehicle engine,Engines,2006,30,2013,0.05,0.05,1.5
1278,Belgium,vehicle engine 301-400,vehicle engine,Engines,2006,30,2012,0.05,0.05,1.5
1279,Belgium,vehicle engine 301-400,vehicle engine,Engines,2006,30,2011,0.05,0.05,1.5
1280,Belgium,vehicle engine 301-400,vehicle engine,Engines,2006,37,2010,0.05,0.05,1.85
1281,Belgium,vehicle engine 301-400,vehicle engine,Engines,2006,32,2009,0.05,0.05,1.6
1282,Belgium,vehicle engine 301-400,vehicle engine,Engines,2006,24,2008,0.05,0.05,1.2
1283,Belgium,vehicle engine 301-400,vehicle engine,Engines,2006,30,2014,0.05,0.05,1.5
1284,Belgium,vehicle engine 301-400,vehicle engine,Engines,2006,29,2015,0.05,0.05,1.45
1286,Belgium,Mk-46-5,anti-submarine torpedo,Missiles,1988,33,1990,0.35,0.35,11.55
1287,Belgium,AAQ-13 LANTIRN,combat aircraft radar,Sensors,2000,8,2002,1.0,1.0,8.0
1288,Belgium,RQ-21 Blackjack,UAV,Aircraft,2021,4,2022,0.07,0.07,0.28
1289,Belgium,AAQ-33 Sniper ATP,aircraft electro-optical system,Sensors,2013,5,2015,1.0,1.0,5.0
1290,Belgium,JDAM,guided bomb,Missiles,2004,150,2005,0.02,0.02,3.0
1291,Belgium,JDAM,guided bomb,Missiles,2004,150,2006,0.02,0.02,3.0
1292,Belize,Cessna-208 Caravan,light transport aircraft,Aircraft,2022,1,2023,1.0,1.0,1.0
1293,Belize,Cessna-180 Skywagon,light aircraft,Aircraft,1995,1,1996,0.18,0.18,0.18
1294,Benin,vehicle engine 201-300,vehicle engine,Engines,2024,12,2024,0.03,0.03,0.36
1296,Bhutan,vehicle engine 201-300,vehicle engine,Engines,2021,15,2021,0.03,0.03,0.45
1299,Bolivia,R-44,light helicopter,Aircraft,2023,1,2024,0.25,0.1,0.1
1305,Bolivia,Bell-205A-1,helicopter,Aircraft,1991,6,1991,2.62,1.05,6.29
1316,Bolivia,C-130B Hercules,transport aircraft,Aircraft,1993,1,1994,23.0,9.2,9.2
1317,Bolivia,C-130B Hercules,transport aircraft,Aircraft,1999,1,1999,23.0,9.2,9.2
1318,Bolivia,C-130B Hercules,transport aircraft,Aircraft,1999,2,2000,23.0,9.2,18.4
1320,Bolivia,Tango-2,light aircraft,Aircraft,2012,1,2013,0.1,0.1,0.1
1321,Bolivia,Foxtrot-4,light aircraft,Aircraft,2012,2,2013,0.22,0.22,0.44
1342,Bolivia,R-44,light helicopter,Aircraft,2010,2,2011,0.25,0.25,0.5
1343,Bolivia,R-44,light helicopter,Aircraft,2010,4,2012,0.25,0.25,1.0
1367,Bolivia,BT-67,transport aircraft,Aircraft,1990,2,1992,4.25,4.25,8.5
1368,Bolivia,BT-67,transport aircraft,Aircraft,1990,3,1993,4.25,4.25,12.75
1369,Bolivia,BT-67,transport aircraft,Aircraft,1990,1,1991,4.25,4.25,4.25
1376,Bolivia,King Air,light transport aircraft,Aircraft,2013,2,2014,2.85,2.85,5.7
1377,Bosnia and Herz.,HMMWV-UA,armoured personnel carrier,Armoured vehicles,2017,9,2019,0.13,0.05,0.47
1378,Bosnia and Herz.,HMMWV-UA,armoured personnel carrier,Armoured vehicles,2017,9,2017,0.13,0.05,0.47
1379,Bosnia and Herz.,HMMWV-UA,armoured personnel carrier,Armoured vehicles,2017,6,2020,0.13,0.05,0.31
1380,Bosnia and Herz.,M-60A3,tank,Armoured vehicles,1996,45,1996,2.1,0.84,37.8
1381,Bosnia and Herz.,M-113,armoured personnel carrier,Armoured vehicles,1996,80,1996,0.25,0.1,8.0
1382,Bosnia and Herz.,Bell-205A-1,helicopter,Aircraft,1996,15,1999,2.62,1.05,15.72
1383,Bosnia and Herz.,M-114 155mm,towed gun,Artillery,1997,126,1997,0.5,0.2,25.2
1384,Bosnia and Herz.,UH-1H Huey-2,helicopter,Aircraft,2019,4,2021,3.1,3.1,12.4
1385,Botswana,C-130H Hercules,transport aircraft,Aircraft,2024,1,2024,28.0,11.2,11.2
1387,Botswana,C-130B Hercules,transport aircraft,Aircraft,1995,2,1997,23.0,9.2,18.4
1388,Botswana,aircraft engine 1001-2000,aircraft engine,Engines,2008,2,2009,0.5,0.5,1.0
1389,Botswana,aircraft engine 1001-2000,aircraft engine,Engines,2008,2,2010,0.5,0.5,1.0
1395,Botswana,Bell-412,helicopter,Aircraft,1988,2,1990,5.0,5.0,10.0
1397,Botswana,Cessna-337,light aircraft,Aircraft,1993,9,1993,0.35,0.14,1.26
1398,Botswana,C-130B Hercules,transport aircraft,Aircraft,1999,1,2001,23.0,15.18,15.18
1401,Botswana,C-212,transport aircraft,Aircraft,2018,1,2018,3.8,1.52,1.52
1402,Botswana,C-212,transport aircraft,Aircraft,2018,1,2019,3.8,1.52,1.52
1403,Brazil,MaxxPro,armoured personnel carrier,Armoured vehicles,2018,20,2023,0.32,0.13,2.56
1407,Brazil,M-113,armoured personnel carrier,Armoured vehicles,2015,46,2016,0.25,0.1,4.6
1413,Brazil,AAV-7RAM,armoured personnel carrier,Armoured vehicles,2015,21,2018,1.2,1.2,25.2
1414,Brazil,AAV-7RAM,armoured personnel carrier,Armoured vehicles,2015,2,2017,1.2,1.2,2.4
1415,Brazil,AAV-7A1,armoured personnel carrier,Armoured vehicles,1991,12,1991,1.0,0.4,4.8
1416,Brazil,AAV-7A1,armoured personnel carrier,Armoured vehicles,1995,14,1997,1.0,1.0,14.0
1431,Brazil,Thomaston,amphibious assault ship,Ships,1989,1,1990,95.0,38.0,38.0
1434,Brazil,vehicle engine 201-300,vehicle engine,Engines,2015,70,2019,0.03,0.03,2.1
1435,Brazil,vehicle engine 201-300,vehicle engine,Engines,2015,70,2018,0.03,0.03,2.1
1436,Brazil,vehicle engine 201-300,vehicle engine,Engines,2015,60,2017,0.03,0.03,1.8
1437,Brazil,vehicle engine 201-300,vehicle engine,Engines,2015,36,2020,0.03,0.03,1.08
1440,Brazil,Mk-46-5,anti-submarine torpedo,Missiles,1990,20,1992,0.35,0.35,7.0
1441,Brazil,Mk-46-5,anti-submarine torpedo,Missiles,1990,20,1993,0.35,0.35,7.0
1442,Brazil,Mk-46-5,anti-submarine torpedo,Missiles,1994,30,1995,0.35,0.35,10.5
1443,Brazil,Mk-46-5,anti-submarine torpedo,Missiles,1994,31,1996,0.35,0.35,10.85
1444,Brazil,Mk-46-5,anti-submarine torpedo,Missiles,1994,30,1997,0.35,0.35,10.5
1445,Brazil,Cessna-208 Caravan,light transport aircraft,Aircraft,2005,4,2007,1.0,1.0,4.0
1446,Brazil,Cessna-208 Caravan,light transport aircraft,Aircraft,2005,4,2006,1.0,1.0,4.0
1447,Brazil,Cessna-208 Caravan,light transport aircraft,Aircraft,2005,3,2005,1.0,1.0,3.0
1448,Brazil,Cessna-208 Caravan,light transport aircraft,Aircraft,2005,4,2008,1.0,1.0,4.0
1449,Brazil,APS-705,maritime patrol aircraft radar,Sensors,1989,6,1991,2.0,2.0,12.0
1451,Brazil,S-70L Black Hawk,transport helicopter,Aircraft,2009,6,2012,7.25,7.25,43.5
1452,Brazil,SH-60B Seahawk,anti-submarine helicopter,Aircraft,2013,2,2015,17.0,17.0,34.0
1453,Brazil,B-767,transport aircraft,Aircraft,2016,1,2016,60.0,24.0,24.0
1455,Brazil,M-113,armoured personnel carrier,Armoured vehicles,2017,30,2020,0.25,0.1,3.0
1461,Brazil,M-88 AV,armoured recovery vehicle,Armoured vehicles,2015,4,2016,1.5,0.6,2.4
1462,Brazil,APS-143,maritime patrol aircraft radar,Sensors,2013,2,2022,2.5,2.5,5.0
1463,Brazil,APS-143,maritime patrol aircraft radar,Sensors,2013,1,2021,2.5,2.5,2.5
1464,Brazil,ScanEagle,UAV,Aircraft,2019,6,2021,0.04,0.04,0.24
1466,Brazil,M-992 FAASV,armoured supply vehicle,Armoured vehicles,2018,40,2018,0.45,0.18,7.2
1467,Brazil,EDO-997,anti-submarine sonar,Sensors,1995,2,2005,7.5,7.5,15.0
1468,Brazil,EDO-997,anti-submarine sonar,Sensors,1995,1,2001,7.5,7.5,7.5
1469,Brazil,EDO-997,anti-submarine sonar,Sensors,1995,1,2002,7.5,7.5,7.5
1470,Brazil,EDO-997,anti-submarine sonar,Sensors,1995,2,2004,7.5,7.5,15.0
1471,Brazil,EDO-997,anti-submarine sonar,Sensors,1995,1,2008,7.5,7.5,7.5
1477,Brazil,M-109A5 155mm,self-propelled gun,Artillery,2017,36,2018,1.25,0.5,18.0
1482,Brazil,M-109A5 155mm,self-propelled gun,Artillery,2013,4,2015,1.25,0.5,2.0
1485,Brazil,Cessna-208 Caravan,light transport aircraft,Aircraft,2010,9,2011,1.0,1.0,9.0
1504,Brazil,S-70L Black Hawk,transport helicopter,Aircraft,1997,4,1997,7.25,7.25,29.0
1507,Brazil,S-70L Black Hawk,transport helicopter,Aircraft,2009,4,2011,7.25,7.25,29.0
1513,Brazil,vehicle engine 301-400,vehicle engine,Engines,2008,4,2013,0.05,0.05,0.2
1514,Brazil,vehicle engine 301-400,vehicle engine,Engines,2008,4,2012,0.05,0.05,0.2
1515,Brazil,vehicle engine 301-400,vehicle engine,Engines,2008,3,2011,0.05,0.05,0.15
1516,Brazil,vehicle engine 301-400,vehicle engine,Engines,2008,3,2010,0.05,0.05,0.15
1517,Brazil,vehicle engine 301-400,vehicle engine,Engines,2008,4,2014,0.05,0.05,0.2
1520,Brazil,SH-60B Seahawk,anti-submarine helicopter,Aircraft,2009,2,2012,17.0,17.0,34.0
1521,Brazil,SH-60B Seahawk,anti-submarine helicopter,Aircraft,2009,2,2013,17.0,17.0,34.0
1522,Brazil,vehicle engine 301-400,vehicle engine,Engines,2008,15,2013,0.05,0.05,0.75
1523,Brazil,vehicle engine 301-400,vehicle engine,Engines,2008,15,2014,0.05,0.05,0.75
1524,Brazil,M-109A5 155mm,self-propelled gun,Artillery,2013,32,2019,1.25,0.83,26.4
1525,Brazil,vehicle engine 201-300,vehicle engine,Engines,2010,120,2014,0.03,0.03,3.6
1526,Brazil,vehicle engine 201-300,vehicle engine,Engines,2010,26,2015,0.03,0.03,0.78
1527,Brazil,vehicle engine 201-300,vehicle engine,Engines,2010,4,2013,0.03,0.03,0.12
1528,Brazil,F-414 (10000),turbofan,Engines,2015,1,2020,2.5,2.5,2.5
1529,Brazil,F-414 (10000),turbofan,Engines,2015,4,2021,2.5,2.5,10.0
1530,Brazil,F-414 (10000),turbofan,Engines,2015,3,2023,2.5,2.5,7.5
1619,Brazil,Newport,landing ship,Ships,1994,1,1994,75.42,30.17,30.17
1620,Brazil,SH-3H Sea King,anti-submarine helicopter,Aircraft,1994,6,1996,14.0,5.6,33.6
1624,Brazil,M-60A3,tank,Armoured vehicles,1996,91,1997,2.1,0.84,76.44
1626,Brazil,Cessna-208 Caravan,light transport aircraft,Aircraft,1989,1,1990,1.0,1.0,1.0
1631,Brazil,Bell-205A-1,helicopter,Aircraft,1996,11,1996,2.62,1.05,11.53
1632,Brazil,Bell-205A-1,helicopter,Aircraft,1996,11,1997,2.62,1.05,11.53
1633,Brazil,TPS-77,air-search radar,Sensors,1997,1,1999,11.0,11.0,11.0
1634,Brazil,TPS-77,air-search radar,Sensors,1997,2,2000,11.0,11.0,22.0
1635,Brazil,TPS-77,air-search radar,Sensors,1997,3,2001,11.0,11.0,33.0
1643,Brazil,Metro-3,transport aircraft,Aircraft,1999,2,2001,2.8,1.85,3.7
1644,Brazil,C-130H Hercules,transport aircraft,Aircraft,2001,6,2001,28.0,11.2,67.2
1645,Brazil,C-130H Hercules,transport aircraft,Aircraft,2001,4,2002,28.0,11.2,44.8
1649,Brazil,S-70L Black Hawk,transport helicopter,Aircraft,2006,2,2006,7.25,7.25,14.5
1650,Brazil,S-70L Black Hawk,transport helicopter,Aircraft,2006,2,2007,7.25,7.25,14.5
1651,Brazil,S-70L Black Hawk,transport helicopter,Aircraft,2006,2,2008,7.25,7.25,14.5
1652,Brazil,Mk-48 ADCAP,anti-ship/anti-submarine torpedo,Missiles,2007,10,2010,1.6,1.6,16.0
1653,Brazil,Mk-48 ADCAP,anti-ship/anti-submarine torpedo,Missiles,2007,10,2011,1.6,1.6,16.0
1654,Brazil,Mk-48 ADCAP,anti-ship/anti-submarine torpedo,Missiles,2007,10,2012,1.6,1.6,16.0
1656,Brazil,LM-2500 (30001-35000),gas turbine,Engines,1981,1,1991,7.0,7.0,7.0
1657,Brazil,LM-2500 (30001-35000),gas turbine,Engines,1981,1,1992,7.0,7.0,7.0
1658,Brazil,LM-2500 (30001-35000),gas turbine,Engines,1981,1,1994,7.0,7.0,7.0
1659,Brazil,LM-2500 (30001-35000),gas turbine,Engines,1994,1,2008,7.0,7.0,7.0
1660,Brazil,AE-3007,turbofan,Engines,1997,10,2002,1.3,1.3,13.0
1661,Brazil,AE-3007,turbofan,Engines,1997,6,2003,1.3,1.3,7.8
1662,Brazil,EDO-700,anti-submarine sonar,Sensors,1995,1,2002,5.0,5.0,5.0
1663,Brazil,EDO-700,anti-submarine sonar,Sensors,1995,1,2004,5.0,5.0,5.0
1664,Brazil,M-113,armoured personnel carrier,Armoured vehicles,2020,30,2023,0.25,0.1,3.0
1665,Brazil,M-113,armoured personnel carrier,Armoured vehicles,2020,30,2020,0.25,0.1,3.0
1666,Brazil,L-ATV,armoured personnel carrier,Armoured vehicles,2020,4,2024,0.18,0.18,0.72
1667,Brazil,L-ATV,armoured personnel carrier,Armoured vehicles,2020,8,2023,0.18,0.18,1.44
1668,Brazil,aircraft engine 1001-2000,aircraft engine,Engines,2014,2,2021,0.5,0.5,1.0
1669,Brazil,aircraft engine 1001-2000,aircraft engine,Engines,2014,2,2020,0.5,0.5,1.0
1670,Brazil,aircraft engine 1001-2000,aircraft engine,Engines,2014,4,2019,0.5,0.5,2.0
1671,Brazil,aircraft engine 1001-2000,aircraft engine,Engines,2014,2,2023,0.5,0.5,1.0
1672,Brazil,V-2500 (12500),turbofan,Engines,2014,2,2019,3.0,3.0,6.0
1673,Brazil,V-2500 (12500),turbofan,Engines,2014,2,2020,3.0,3.0,6.0
1674,Brazil,V-2500 (12500),turbofan,Engines,2014,4,2021,3.0,3.0,12.0
1675,Brazil,V-2500 (12500),turbofan,Engines,2014,2,2022,3.0,3.0,6.0
1676,Brazil,V-2500 (12500),turbofan,Engines,2014,2,2023,3.0,3.0,6.0
1677,Brazil,V-2500 (12500),turbofan,Engines,2014,2,2024,3.0,3.0,6.0
1678,Brazil,M-88 AV,armoured recovery vehicle,Armoured vehicles,2018,4,2019,1.5,0.6,2.4
1679,Brazil,J-52,turbojet,Engines,2017,10,2017,1.1,0.44,4.4
1680,Brazil,vehicle engine 301-400,vehicle engine,Engines,2007,5,2009,0.05,0.05,0.25
1681,Brazil,P-3A,anti-submarine aircraft,Aircraft,2002,2,2011,28.01,11.2,22.41
1682,Brazil,P-3A,anti-submarine aircraft,Aircraft,2002,3,2012,28.01,11.2,33.61
1683,Brazil,P-3A,anti-submarine aircraft,Aircraft,2002,3,2013,28.01,11.2,33.61
1684,Brazil,P-3A,anti-submarine aircraft,Aircraft,2002,1,2014,28.01,11.2,11.2
1685,Brazil,vehicle engine 301-400,vehicle engine,Engines,2006,5,2007,0.05,0.05,0.25
1686,Brazil,vehicle engine 301-400,vehicle engine,Engines,2006,2,2008,0.05,0.05,0.1
1692,Brunei,S-70L Black Hawk,transport helicopter,Aircraft,2011,2,2013,7.25,7.25,14.5
1693,Brunei,S-70L Black Hawk,transport helicopter,Aircraft,2011,5,2015,7.25,7.25,36.25
1694,Brunei,S-70L Black Hawk,transport helicopter,Aircraft,2011,5,2014,7.25,7.25,36.25
1705,Brunei,S-70L Black Hawk,transport helicopter,Aircraft,1995,1,1996,7.25,7.25,7.25
1706,Brunei,S-70L Black Hawk,transport helicopter,Aircraft,1995,2,1997,7.25,7.25,14.5
1707,Brunei,S-70L Black Hawk,transport helicopter,Aircraft,1995,1,1998,7.25,7.25,7.25
1710,Brunei,aircraft engine 1001-2000,aircraft engine,Engines,1995,2,1997,0.5,0.5,1.0
1711,Brunei,vehicle engine 201-300,vehicle engine,Engines,2002,10,2004,0.03,0.03,0.3
1712,Brunei,vehicle engine 201-300,vehicle engine,Engines,2002,9,2003,0.03,0.03,0.27
1713,Brunei,RQ-21 Blackjack,UAV,Aircraft,2020,5,2021,0.07,0.07,0.35
1714,Bulgaria,aircraft engine 4501-6000,aircraft engine,Engines,2006,2,2011,1.5,1.5,3.0
1715,Bulgaria,aircraft engine 4501-6000,aircraft engine,Engines,2006,2,2007,1.5,1.5,3.0
1716,Bulgaria,aircraft engine 4501-6000,aircraft engine,Engines,2006,2,2008,1.5,1.5,3.0
1717,Bulgaria,Bell-206,light helicopter,Aircraft,1999,6,1999,0.7,0.7,4.2
1718,Bulgaria,M-1117 Guardian,armoured personnel carrier,Armoured vehicles,2008,7,2008,0.4,0.4,2.8
1719,Bulgaria,M-1117 Guardian,armoured personnel carrier,Armoured vehicles,2014,10,2015,0.4,0.4,4.0
1720,Burkina Faso,vehicle engine 301-400,vehicle engine,Engines,2021,24,2021,0.05,0.05,1.2
1721,Burkina Faso,King Air,light transport aircraft,Aircraft,2006,1,2006,2.85,2.85,2.85
1722,Burkina Faso,vehicle engine 301-400,vehicle engine,Engines,2022,15,2022,0.05,0.05,0.75
1725,Burundi,Cougar MRAP,armoured personnel carrier,Armoured vehicles,2014,10,2015,0.35,0.14,1.4
1726,Burundi,Cougar MRAP,armoured personnel carrier,Armoured vehicles,2016,21,2016,0.35,0.14,2.94
1766,Cameroon,ScanEagle,UAV,Aircraft,2015,2,2016,0.04,0.04,0.08
1767,Cameroon,Bell-412,helicopter,Aircraft,2018,2,2019,5.0,2.0,4.0
1768,Cameroon,Bell-412,helicopter,Aircraft,2015,1,2015,5.0,2.0,2.0
1769,Cameroon,Cougar MRAP,armoured personnel carrier,Armoured vehicles,2015,6,2015,0.35,0.14,0.84
1770,Cameroon,Cessna-208 Caravan,light transport aircraft,Aircraft,2016,2,2018,1.0,1.0,2.0
1771,Cameroon,Bell-412,helicopter,Aircraft,2009,2,2010,5.0,5.0,10.0
1772,Cameroon,aircraft engine 1001-2000,aircraft engine,Engines,2012,2,2013,0.5,0.5,1.0
1779,Cameroon,Bell-206L,light helicopter,Aircraft,1989,3,1990,0.95,0.95,2.85
1781,Cameroon,vehicle engine 301-400,vehicle engine,Engines,2022,10,2023,0.05,0.05,0.5
1785,Canada,vehicle engine 401-600,vehicle engine,Engines,2011,13,2019,0.08,0.08,1.04
1786,Canada,vehicle engine 401-600,vehicle engine,Engines,2011,67,2018,0.08,0.08,5.36
1787,Canada,vehicle engine 401-600,vehicle engine,Engines,2011,61,2017,0.08,0.08,4.88
1788,Canada,vehicle engine 401-600,vehicle engine,Engines,2011,103,2016,0.08,0.08,8.24
1789,Canada,vehicle engine 401-600,vehicle engine,Engines,2011,103,2015,0.08,0.08,8.24
1790,Canada,vehicle engine 401-600,vehicle engine,Engines,2011,103,2014,0.08,0.08,8.24
1791,Canada,vehicle engine 401-600,vehicle engine,Engines,2011,100,2013,0.08,0.08,8.0
1792,Canada,MTVL,armoured personnel carrier,Armoured vehicles,2000,21,2006,0.35,0.35,7.35
1793,Canada,MTVL,armoured personnel carrier,Armoured vehicles,2000,22,2008,0.35,0.35,7.7
1794,Canada,MTVL,armoured personnel carrier,Armoured vehicles,2000,22,2009,0.35,0.35,7.7
1795,Canada,MTVL,armoured personnel carrier,Armoured vehicles,2000,22,2007,0.35,0.35,7.7
1796,Canada,MTVL,armoured personnel carrier,Armoured vehicles,2000,20,2003,0.35,0.35,7.0
1797,Canada,MTVL,armoured personnel carrier,Armoured vehicles,2000,20,2005,0.35,0.35,7.0
1798,Canada,MTVL,armoured personnel carrier,Armoured vehicles,2000,20,2004,0.35,0.35,7.0
1801,Canada,M-113A3,armoured personnel carrier,Armoured vehicles,2000,20,2005,0.3,0.3,6.0
1802,Canada,M-113A3,armoured personnel carrier,Armoured vehicles,2000,15,2009,0.3,0.3,4.5
1803,Canada,M-113A3,armoured personnel carrier,Armoured vehicles,2000,2,2002,0.3,0.3,0.6
1804,Canada,M-113A3,armoured personnel carrier,Armoured vehicles,2000,25,2006,0.3,0.3,7.5
1805,Canada,M-113A3,armoured personnel carrier,Armoured vehicles,2000,25,2007,0.3,0.3,7.5
1806,Canada,M-113A3,armoured personnel carrier,Armoured vehicles,2000,25,2008,0.3,0.3,7.5
1807,Canada,M-113A3,armoured personnel carrier,Armoured vehicles,2000,20,2003,0.3,0.3,6.0
1808,Canada,M-113A3,armoured personnel carrier,Armoured vehicles,2000,20,2004,0.3,0.3,6.0
1812,Canada,Mk-54 LWT,anti-submarine torpedo,Missiles,2019,10,2024,0.5,0.5,5.0
1816,Canada,vehicle engine 401-600,vehicle engine,Engines,2019,50,2022,0.08,0.08,4.0
1817,Canada,vehicle engine 401-600,vehicle engine,Engines,2019,68,2023,0.08,0.08,5.44
1818,Canada,vehicle engine 401-600,vehicle engine,Engines,2019,50,2024,0.08,0.08,4.0
1819,Canada,C-17,heavy transport aircraft,Aircraft,2007,2,2007,140.0,140.0,280.0
1820,Canada,C-17,heavy transport aircraft,Aircraft,2007,2,2008,140.0,140.0,280.0
1823,Canada,Harpoon Block-1,anti-ship missile,Missiles,1984,22,1992,0.9,0.9,19.8
1824,Canada,Harpoon Block-1,anti-ship missile,Missiles,1984,7,1993,0.9,0.9,6.3
1825,Canada,Harpoon Block-1,anti-ship missile,Missiles,1988,71,1994,0.9,0.9,63.9
1826,Canada,Harpoon Block-1,anti-ship missile,Missiles,1988,32,1996,0.9,0.9,28.8
1827,Canada,Harpoon Block-1,anti-ship missile,Missiles,1988,35,1995,0.9,0.9,31.5
1828,Canada,Harpoon Block-1,anti-ship missile,Missiles,1988,22,1993,0.9,0.9,19.8
1829,Canada,MK-41 SAMS,naval SAM system,Naval weapons,1986,1,1994,20.0,20.0,20.0
1830,Canada,MK-41 SAMS,naval SAM system,Naval weapons,1986,1,1992,20.0,20.0,20.0
1831,Canada,MK-41 SAMS,naval SAM system,Naval weapons,1986,1,1991,20.0,20.0,20.0
1835,Canada,TAPV,armoured personnel carrier,Armoured vehicles,2012,130,2016,0.5,0.5,65.0
1836,Canada,TAPV,armoured personnel carrier,Armoured vehicles,2012,259,2017,0.5,0.5,129.5
1837,Canada,TAPV,armoured personnel carrier,Armoured vehicles,2012,100,2018,0.5,0.5,50.0
1838,Canada,TAPV,armoured personnel carrier,Armoured vehicles,2012,11,2019,0.5,0.5,5.5
1839,Canada,Paveway,guided bomb,Missiles,2015,225,2016,0.02,0.02,4.5
1840,Canada,AGM-65 Maverick,air-to-surface missile,Missiles,1999,6,2003,0.15,0.15,0.9
1841,Canada,AGM-65 Maverick,air-to-surface missile,Missiles,1999,52,2002,0.15,0.15,7.8
1847,Canada,APS-143,maritime patrol aircraft radar,Sensors,2002,1,2011,2.5,2.5,2.5
1848,Canada,APS-143,maritime patrol aircraft radar,Sensors,2002,1,2012,2.5,2.5,2.5
1849,Canada,APS-143,maritime patrol aircraft radar,Sensors,2002,3,2013,2.5,2.5,7.5
1850,Canada,APS-143,maritime patrol aircraft radar,Sensors,2002,3,2014,2.5,2.5,7.5
1851,Canada,APS-143,maritime patrol aircraft radar,Sensors,2002,2,2015,2.5,2.5,5.0
1852,Canada,C-17,heavy transport aircraft,Aircraft,2014,1,2015,140.0,140.0,140.0
1864,Canada,A-4NZ,FGA aircraft,Aircraft,2023,2,2024,14.0,5.6,11.2
1879,Canada,CH-47F,transport helicopter,Aircraft,2009,7,2013,20.0,20.0,140.0
1880,Canada,CH-47F,transport helicopter,Aircraft,2009,8,2014,20.0,20.0,160.0
1881,Canada,AIM-120C AMRAAM,long-range air-to-air missile,Missiles,2019,6,2024,0.6,0.6,3.6
1889,Canada,SM-2MR,SAM,Missiles,1996,10,1997,0.3,0.3,3.0
1890,Canada,SM-2MR,SAM,Missiles,1996,11,1998,0.3,0.3,3.3
1891,Canada,Bell-206L,light helicopter,Aircraft,1989,3,1990,0.95,0.95,2.85
1899,Canada,JDAM,guided bomb,Missiles,2015,350,2016,0.02,0.02,7.0
1900,Canada,JDAM,guided bomb,Missiles,2011,533,2012,0.02,0.02,10.66
1901,Canada,ESSM,SAM,Missiles,2001,20,2012,0.4,0.4,8.0
1902,Canada,ESSM,SAM,Missiles,2001,42,2009,0.4,0.4,16.8
1903,Canada,ESSM,SAM,Missiles,2001,20,2008,0.4,0.4,8.0
1904,Canada,ESSM,SAM,Missiles,2001,25,2005,0.4,0.4,10.0
1905,Canada,ESSM,SAM,Missiles,2001,35,2004,0.4,0.4,14.0
1906,Canada,ESSM,SAM,Missiles,2001,14,2006,0.4,0.4,5.6
1907,Canada,ESSM,SAM,Missiles,2001,4,2010,0.4,0.4,1.6
1908,Canada,ESSM,SAM,Missiles,2001,20,2011,0.4,0.4,8.0
1909,Canada,ESSM,SAM,Missiles,2001,20,2007,0.4,0.4,8.0
1913,Canada,Mk-48 SAMS,naval SAM system,Naval weapons,1986,2,1993,5.0,5.0,10.0
1914,Canada,Mk-48 SAMS,naval SAM system,Naval weapons,1986,4,1994,5.0,5.0,20.0
1915,Canada,Mk-48 SAMS,naval SAM system,Naval weapons,1986,3,1995,5.0,5.0,15.0
1916,Canada,Mk-48 SAMS,naval SAM system,Naval weapons,1986,2,1996,5.0,5.0,10.0
1917,Canada,Mk-48 SAMS,naval SAM system,Naval weapons,1986,1,1992,5.0,5.0,5.0
1918,Canada,ESSM-2,SAM,Missiles,2017,31,2023,0.6,0.6,18.6
1919,Canada,ESSM-2,SAM,Missiles,2017,8,2022,0.6,0.6,4.8
1920,Canada,ESSM-2,SAM,Missiles,2017,5,2021,0.6,0.6,3.0
1923,Canada,APG-79,combat aircraft radar,Sensors,2021,6,2024,2.5,2.5,15.0
1924,Canada,AGM-154 JSOW,guided glide bomb,Missiles,2021,10,2023,0.4,0.4,4.0
1925,Canada,AGM-154 JSOW,guided glide bomb,Missiles,2021,10,2024,0.4,0.4,4.0
1926,Canada,RQ-21 Blackjack,UAV,Aircraft,2016,5,2017,0.07,0.07,0.35
1927,Canada,Bell-412,helicopter,Aircraft,1992,6,1994,5.0,5.0,30.0
1928,Canada,Bell-412,helicopter,Aircraft,1992,30,1995,5.0,5.0,150.0
1929,Canada,Bell-412,helicopter,Aircraft,1992,30,1996,5.0,5.0,150.0
1930,Canada,Bell-412,helicopter,Aircraft,1992,30,1997,5.0,5.0,150.0
1931,Canada,Bell-412,helicopter,Aircraft,1992,4,1998,5.0,5.0,20.0
1933,Canada,AAQ-33 Sniper ATP,aircraft electro-optical system,Sensors,2007,18,2007,1.0,1.0,18.0
1934,Canada,AAQ-33 Sniper ATP,aircraft electro-optical system,Sensors,2007,18,2008,1.0,1.0,18.0
1941,Canada,C-130J Hercules,transport aircraft,Aircraft,2008,5,2010,40.0,40.0,200.0
1942,Canada,C-130J Hercules,transport aircraft,Aircraft,2008,8,2011,40.0,40.0,320.0
1943,Canada,C-130J Hercules,transport aircraft,Aircraft,2008,4,2012,40.0,40.0,160.0
1958,Canada,Cougar MRAP,armoured personnel carrier,Armoured vehicles,2007,10,2007,0.35,0.35,3.5
1959,Canada,Excalibur,guided shell,Missiles,2007,50,2007,0.04,0.04,2.0
1960,Canada,Excalibur,guided shell,Missiles,2007,50,2008,0.04,0.04,2.0
1961,Canada,CH-47D Chinook,transport helicopter,Aircraft,2008,5,2009,18.0,7.2,36.0
1962,Canada,CH-47D Chinook,transport helicopter,Aircraft,2008,1,2008,18.0,7.2,7.2
1963,Canada,Paveway,guided bomb,Missiles,2002,350,2003,0.02,0.02,7.0
1964,Canada,Paveway,guided bomb,Missiles,2002,350,2004,0.02,0.02,7.0
1965,Canada,Paveway,guided bomb,Missiles,2002,350,2005,0.02,0.02,7.0
1966,Canada,Paveway,guided bomb,Missiles,1995,100,1996,0.02,0.02,2.0
1967,Canada,Cougar MRAP,armoured personnel carrier,Armoured vehicles,2008,48,2009,0.35,0.35,16.8
1970,Canada,Mk-48 ADCAP,anti-ship/anti-submarine torpedo,Missiles,2005,10,2007,1.6,1.6,16.0
1971,Canada,Mk-46-5,anti-submarine torpedo,Missiles,1995,18,1995,0.35,0.35,6.3
1972,Canada,Mk-46-5,anti-submarine torpedo,Missiles,1995,18,1996,0.35,0.35,6.3
1973,Canada,Mk-48 ADCAP,anti-ship/anti-submarine torpedo,Missiles,2011,12,2014,1.6,1.6,19.2
1974,Canada,Mk-48 ADCAP,anti-ship/anti-submarine torpedo,Missiles,2011,12,2015,1.6,1.6,19.2
1975,Canada,Mk-48 ADCAP,anti-ship/anti-submarine torpedo,Missiles,2011,12,2016,1.6,1.6,19.2
1976,Canada,Excalibur,guided shell,Missiles,2011,100,2013,0.04,0.04,4.0
1977,Canada,Paveway,guided bomb,Missiles,2011,500,2012,0.02,0.02,10.0
1978,Canada,Paveway,guided bomb,Missiles,2011,500,2013,0.02,0.02,10.0
1979,Canada,Paveway,guided bomb,Missiles,2011,350,2014,0.02,0.02,7.0
2029,Canada,AIM-7M,long-range air-to-air missile,Missiles,1984,75,1992,0.18,0.18,13.5
2030,Canada,AIM-7M,long-range air-to-air missile,Missiles,1984,155,1996,0.18,0.18,27.9
2031,Canada,AIM-7M,long-range air-to-air missile,Missiles,1984,160,1994,0.18,0.18,28.8
2032,Canada,AIM-7M,long-range air-to-air missile,Missiles,1984,160,1995,0.18,0.18,28.8
2083,Canada,AIM-7M,long-range air-to-air missile,Missiles,1989,50,1990,0.18,0.18,9.0
2084,Canada,AIM-7M,long-range air-to-air missile,Missiles,1989,50,1991,0.18,0.18,9.0
2085,Canada,SM-2MR,SAM,Missiles,1986,48,1991,0.3,0.3,14.4
2086,Canada,SM-2MR,SAM,Missiles,1986,48,1994,0.3,0.3,14.4
2087,Canada,AIM-9M,short-range air-to-air missile,Missiles,1988,50,1990,0.12,0.12,6.0
2089,Canada,Phalanx,naval gun,Naval weapons,1986,3,1994,7.0,7.0,21.0
2090,Canada,Phalanx,naval gun,Naval weapons,1986,4,1993,7.0,7.0,28.0
2091,Canada,Phalanx,naval gun,Naval weapons,1986,5,1991,7.0,7.0,35.0
2092,Canada,Phalanx,naval gun,Naval weapons,1986,3,1992,7.0,7.0,21.0
2093,Canada,P-3C-3,anti-submarine aircraft,Aircraft,1989,3,1991,66.9,66.9,200.7
2094,Canada,TPS-70,air-search radar,Sensors,1990,1,1992,11.0,11.0,11.0
2095,Canada,TPS-70,air-search radar,Sensors,1990,1,1993,11.0,11.0,11.0
2098,Canada,Phalanx,naval gun,Naval weapons,1990,2,1995,7.0,7.0,14.0
2099,Canada,Phalanx,naval gun,Naval weapons,1990,4,1994,7.0,7.0,28.0
2100,Canada,C-130H Hercules,transport aircraft,Aircraft,1990,5,1991,28.0,28.0,140.0
2101,Canada,Harpoon Block-1,anti-ship missile,Missiles,1991,3,1992,0.9,0.9,2.7
2102,Canada,SPS-49,air-search radar,Sensors,1985,1,1992,5.0,5.0,5.0
2103,Canada,SPS-49,air-search radar,Sensors,1985,2,1993,5.0,5.0,10.0
2104,Canada,SPS-49,air-search radar,Sensors,1985,4,1994,5.0,5.0,20.0
2105,Canada,SPS-49,air-search radar,Sensors,1985,3,1995,5.0,5.0,15.0
2106,Canada,SPS-49,air-search radar,Sensors,1985,2,1996,5.0,5.0,10.0
2107,Canada,King Air,light transport aircraft,Aircraft,1995,8,1995,2.85,2.85,22.8
2113,Canada,T-6 Texan-2 -,(armed) trainer aircraft,Aircraft,1997,24,2000,2.0,2.0,48.0
2116,Canada,SM-2MR,SAM,Missiles,1998,6,2000,0.3,0.3,1.8
2117,Canada,SM-2MR,SAM,Missiles,1998,12,2001,0.3,0.3,3.6
2123,Canada,Harpoon Block-1,anti-ship missile,Missiles,1998,6,2000,0.9,0.9,5.4
2124,Canada,Harpoon Block-1,anti-ship missile,Missiles,1998,3,2001,0.9,0.9,2.7
2125,Canada,Harpoon Block-1,anti-ship missile,Missiles,1998,3,2002,0.9,0.9,2.7
2126,Canada,APG-73,combat aircraft radar,Sensors,2001,10,2003,2.0,2.0,20.0
2127,Canada,APG-73,combat aircraft radar,Sensors,2001,18,2004,2.0,2.0,36.0
2128,Canada,APG-73,combat aircraft radar,Sensors,2001,30,2005,2.0,2.0,60.0
2129,Canada,APG-73,combat aircraft radar,Sensors,2001,22,2006,2.0,2.0,44.0
2138,Canada,PC-9 -,(armed) trainer aircraft,Aircraft,2002,2,2002,1.9,1.9,3.8
2139,Canada,MSTAR,ground surveillance radar,Sensors,2001,23,2002,0.5,0.5,11.5
2140,Canada,MSTAR,ground surveillance radar,Sensors,2001,24,2003,0.5,0.5,12.0
2141,Canada,SM-2MR,SAM,Missiles,2002,12,2006,0.3,0.3,3.6
2145,Canada,AIM-120C AMRAAM,long-range air-to-air missile,Missiles,2004,97,2007,0.6,0.6,58.2
2146,Canada,TOW-2B,anti-tank missile,Missiles,2007,1000,2008,0.02,0.02,20.0
2147,Canada,TOW-2B,anti-tank missile,Missiles,2007,1000,2009,0.02,0.02,20.0
2148,Canada,TOW-2B,anti-tank missile,Missiles,2007,400,2010,0.02,0.02,8.0
2157,Canada,vehicle engine 201-300,vehicle engine,Engines,1989,50,1992,0.03,0.03,1.5
2158,Canada,vehicle engine 201-300,vehicle engine,Engines,1989,50,1991,0.03,0.03,1.5
2159,Canada,vehicle engine 201-300,vehicle engine,Engines,1989,50,1990,0.03,0.03,1.5
2161,Canada,vehicle engine 201-300,vehicle engine,Engines,1989,24,1993,0.03,0.03,0.72
2162,Canada,vehicle engine 201-300,vehicle engine,Engines,1993,47,1998,0.03,0.03,1.41
2163,Canada,vehicle engine 201-300,vehicle engine,Engines,1993,78,1997,0.03,0.03,2.34
2164,Canada,vehicle engine 201-300,vehicle engine,Engines,1993,78,1996,0.03,0.03,2.34
2169,Canada,vehicle engine 301-400,vehicle engine,Engines,1997,11,2004,0.05,0.05,0.55
2170,Canada,vehicle engine 301-400,vehicle engine,Engines,1997,80,2003,0.05,0.05,4.0
2171,Canada,vehicle engine 301-400,vehicle engine,Engines,1997,80,2002,0.05,0.05,4.0
2172,Canada,vehicle engine 301-400,vehicle engine,Engines,1997,120,2001,0.05,0.05,6.0
2173,Canada,vehicle engine 301-400,vehicle engine,Engines,1997,180,2000,0.05,0.05,9.0
2174,Canada,vehicle engine 301-400,vehicle engine,Engines,1997,160,1999,0.05,0.05,8.0
2175,Canada,vehicle engine 301-400,vehicle engine,Engines,1997,20,1998,0.05,0.05,1.0
2176,Canada,LM-2500 (30001-35000),gas turbine,Engines,1983,2,1992,7.0,7.0,14.0
2177,Canada,LM-2500 (30001-35000),gas turbine,Engines,1983,4,1993,7.0,7.0,28.0
2178,Canada,LM-2500 (30001-35000),gas turbine,Engines,1983,8,1994,7.0,7.0,56.0
2179,Canada,LM-2500 (30001-35000),gas turbine,Engines,1983,6,1995,7.0,7.0,42.0
2180,Canada,LM-2500 (30001-35000),gas turbine,Engines,1983,4,1996,7.0,7.0,28.0
2181,Canada,ship engine 6001-8000,ship engine,Engines,1986,2,1992,2.5,2.5,5.0
2182,Canada,ship engine 6001-8000,ship engine,Engines,1986,4,1994,2.5,2.5,10.0
2183,Canada,ship engine 6001-8000,ship engine,Engines,1986,2,1991,2.5,2.5,5.0
2186,Canada,LAV-25 turret,infantry fighting vehicle turret,Other,1997,14,2002,0.6,0.6,8.4
2187,Canada,LAV-25 turret,infantry fighting vehicle turret,Other,1997,120,2001,0.6,0.6,72.0
2188,Canada,LAV-25 turret,infantry fighting vehicle turret,Other,1997,180,2000,0.6,0.6,108.0
2189,Canada,LAV-25 turret,infantry fighting vehicle turret,Other,1997,160,1999,0.6,0.6,96.0
2190,Canada,LAV-25 turret,infantry fighting vehicle turret,Other,1997,20,1998,0.6,0.6,12.0
2191,Canada,LAV-25 turret,infantry fighting vehicle turret,Other,1993,47,1998,0.6,0.6,28.2
2192,Canada,LAV-25 turret,infantry fighting vehicle turret,Other,1993,78,1997,0.6,0.6,46.8
2193,Canada,LAV-25 turret,infantry fighting vehicle turret,Other,1993,78,1996,0.6,0.6,46.8
2194,Canada,C-130H Hercules,transport aircraft,Aircraft,1996,2,1997,28.0,28.0,56.0
2195,Canada,vehicle engine 401-600,vehicle engine,Engines,2017,21,2019,0.08,0.08,1.68
2196,Canada,vehicle engine 401-600,vehicle engine,Engines,2017,120,2018,0.08,0.08,9.6
2197,Canada,AIM-9X,long-range air-to-air missile,Missiles,2020,10,2023,0.18,0.18,1.8
2198,Canada,AIM-9X,long-range air-to-air missile,Missiles,2020,50,2024,0.18,0.18,9.0
2199,Canada,H-92,anti-submarine helicopter,Aircraft,2004,8,2015,18.0,18.0,144.0
2200,Canada,H-92,anti-submarine helicopter,Aircraft,2004,2,2016,18.0,18.0,36.0
2201,Canada,H-92,anti-submarine helicopter,Aircraft,2004,4,2017,18.0,18.0,72.0
2202,Canada,H-92,anti-submarine helicopter,Aircraft,2004,1,2018,18.0,18.0,18.0
2203,Canada,H-92,anti-submarine helicopter,Aircraft,2004,4,2019,18.0,18.0,72.0
2204,Canada,H-92,anti-submarine helicopter,Aircraft,2004,3,2020,18.0,18.0,54.0
2205,Canada,H-92,anti-submarine helicopter,Aircraft,2004,2,2021,18.0,18.0,36.0
2206,Canada,H-92,anti-submarine helicopter,Aircraft,2004,2,2022,18.0,18.0,36.0
2207,Canada,H-92,anti-submarine helicopter,Aircraft,2004,1,2024,18.0,18.0,18.0
2213,Canada,King Air ISR,ground surveillance aircraft,Aircraft,2019,3,2024,11.0,11.0,33.0
2214,Canada,M-1156,guided shell,Missiles,2013,500,2017,0.03,0.03,15.0
2215,Canada,M-1156,guided shell,Missiles,2013,250,2016,0.03,0.03,7.5
2216,Canada,M-1156,guided shell,Missiles,2013,250,2018,0.03,0.03,7.5
2217,Central African Rep.,C-130B Hercules,transport aircraft,Aircraft,2006,1,2006,23.0,9.2,9.2
2219,Chad,Cessna-208 Caravan,light transport aircraft,Aircraft,2016,2,2017,1.0,1.0,2.0
2220,Chad,David,armoured personnel carrier,Armoured vehicles,2016,20,2016,0.11,0.11,2.2
2221,Chad,David,armoured personnel carrier,Armoured vehicles,2016,40,2017,0.11,0.11,4.4
2228,Chad,PC-7,(armed) trainer aircraft,Aircraft,2006,1,2006,1.6,0.64,0.64
2229,Chad,aircraft engine 4501-6000,aircraft engine,Engines,2012,4,2014,1.5,1.5,6.0
2233,Chad,David,armoured personnel carrier,Armoured vehicles,2020,28,2020,0.11,0.11,3.08
2234,Chad,vehicle engine 301-400,vehicle engine,Engines,2019,12,2022,0.05,0.05,0.6
2235,Chad,vehicle engine 301-400,vehicle engine,Engines,2019,8,2021,0.05,0.05,0.4
2236,Chad,vehicle engine 301-400,vehicle engine,Engines,2018,20,2018,0.05,0.05,1.0
2238,Chile,aircraft engine 1001-2000,aircraft engine,Engines,1996,2,1997,0.5,0.5,1.0
2244,Chile,T-35 Pillan,trainer aircraft,Aircraft,1980,7,1990,0.28,0.28,1.96
2247,Chile,M-113,armoured personnel carrier,Armoured vehicles,2001,158,2004,0.25,0.1,15.8
2248,Chile,SR-22,light aircraft,Aircraft,2020,1,2021,0.2,0.2,0.2
2251,Chile,vehicle engine 201-300,vehicle engine,Engines,1980,5,1995,0.03,0.03,0.15
2252,Chile,vehicle engine 201-300,vehicle engine,Engines,1980,5,1996,0.03,0.03,0.15
2253,Chile,vehicle engine 201-300,vehicle engine,Engines,1980,5,1992,0.03,0.03,0.15
2254,Chile,vehicle engine 201-300,vehicle engine,Engines,1980,17,1991,0.03,0.03,0.51
2255,Chile,vehicle engine 201-300,vehicle engine,Engines,1980,3,1994,0.03,0.03,0.09
2256,Chile,vehicle engine 201-300,vehicle engine,Engines,1980,20,1990,0.03,0.03,0.6
2265,Chile,vehicle engine 201-300,vehicle engine,Engines,1980,5,1997,0.03,0.03,0.15
2266,Chile,vehicle engine 201-300,vehicle engine,Engines,1980,5,1998,0.03,0.03,0.15
2267,Chile,vehicle engine 201-300,vehicle engine,Engines,1980,5,1999,0.03,0.03,0.15
2268,Chile,vehicle engine 201-300,vehicle engine,Engines,1980,2,2000,0.03,0.03,0.06
2269,Chile,AIM-120C AMRAAM,long-range air-to-air missile,Missiles,2011,25,2014,0.6,0.6,15.0
2270,Chile,AIM-120C AMRAAM,long-range air-to-air missile,Missiles,2011,50,2015,0.6,0.6,30.0
2277,Chile,F-110 (13500),turbofan,Engines,2014,2,2016,3.25,1.3,2.6
2278,Chile,S-70L Black Hawk,transport helicopter,Aircraft,2016,6,2018,7.25,7.25,43.5
2282,Chile,Bell-205A-1,helicopter,Aircraft,1991,4,1992,2.62,1.05,4.19
2283,Chile,Bell-205A-1,helicopter,Aircraft,1991,6,1993,2.62,1.05,6.29
2288,Chile,F-16C Block-50,FGA aircraft,Aircraft,2003,8,2006,31.0,31.0,248.0
2289,Chile,F-16C Block-50,FGA aircraft,Aircraft,2003,2,2007,31.0,31.0,62.0
2294,Chile,JDAM,guided bomb,Missiles,2011,210,2012,0.02,0.02,4.2
2298,Chile,HELRAS,anti-submarine sonar,Sensors,2012,2,2013,2.0,2.0,4.0
2299,Chile,HELRAS,anti-submarine sonar,Sensors,2012,3,2014,2.0,2.0,6.0
2300,Chile,AIM-120C AMRAAM,long-range air-to-air missile,Missiles,2010,25,2013,0.6,0.6,15.0
2301,Chile,AIM-120C AMRAAM,long-range air-to-air missile,Missiles,2010,50,2014,0.6,0.6,30.0
2302,Chile,AIM-120C AMRAAM,long-range air-to-air missile,Missiles,2010,25,2015,0.6,0.6,15.0
2303,Chile,Cessna-172,light /trainer aircraft,Aircraft,2014,2,2015,0.1,0.1,0.2
2304,Chile,M-109A5 155mm,self-propelled gun,Artillery,2013,12,2015,1.25,0.83,9.9
2306,Chile,M-109A5 155mm,self-propelled gun,Artillery,2010,12,2012,1.25,0.83,9.9
2307,Chile,KC-130H Hercules,tanker/transport aircraft,Aircraft,2013,1,2015,38.0,15.2,15.2
2308,Chile,KC-130H Hercules,tanker/transport aircraft,Aircraft,2013,1,2016,38.0,15.2,15.2
2309,Chile,SR-22,light aircraft,Aircraft,2016,2,2017,0.2,0.2,0.4
2310,Chile,SR-22,light aircraft,Aircraft,2016,2,2016,0.2,0.2,0.4
2312,Chile,C-130H Hercules,transport aircraft,Aircraft,2019,2,2021,28.0,11.2,22.4
2315,Chile,T-35 Pillan,trainer aircraft,Aircraft,2011,6,2013,0.28,0.28,1.68
2316,Chile,JDAM,guided bomb,Missiles,2018,44,2019,0.02,0.02,0.88
2323,Chile,Phalanx,naval gun,Naval weapons,2001,1,2001,7.0,2.8,2.8
2324,Chile,C-130B Hercules,transport aircraft,Aircraft,1991,1,1991,23.0,9.2,9.2
2325,Chile,C-130B Hercules,transport aircraft,Aircraft,1991,3,1992,23.0,9.2,27.6
2326,Chile,UP-3A,maritime patrol aircraft,Aircraft,1992,1,1994,23.0,9.2,9.2
2327,Chile,UP-3A,maritime patrol aircraft,Aircraft,1992,2,1993,23.0,9.2,18.4
2328,Chile,UP-3A,maritime patrol aircraft,Aircraft,1992,1,1992,23.0,9.2,9.2
2333,Chile,M-163,self-propelled anti-aircraft gun,Air-defence systems,1999,28,2000,1.0,0.4,11.2
2334,Chile,M-163,self-propelled anti-aircraft gun,Air-defence systems,1999,16,1999,1.0,0.4,6.4
2335,Chile,M-167,anti-aircraft gun,Air-defence systems,1997,32,2000,0.4,0.16,5.12
2336,Chile,M-167,anti-aircraft gun,Air-defence systems,1997,34,1999,0.4,0.16,5.44
2337,Chile,Bell-206,light helicopter,Aircraft,1998,2,1998,0.7,0.7,1.4
2339,Chile,AGM-65 Maverick,air-to-surface missile,Missiles,2006,14,2007,0.15,0.15,2.1
2340,Chile,APS-143,maritime patrol aircraft radar,Sensors,2007,1,2010,2.5,2.5,2.5
2341,Chile,APS-143,maritime patrol aircraft radar,Sensors,2007,2,2011,2.5,2.5,5.0
2350,Chile,MPQ-64 Sentinel,air-search radar,Sensors,2011,2,2013,5.0,5.0,10.0
2351,Chile,MPQ-64 Sentinel,air-search radar,Sensors,2011,2,2014,5.0,5.0,10.0
2352,Chile,MPQ-64 Sentinel,air-search radar,Sensors,2011,2,2015,5.0,5.0,10.0
2353,Chile,SR-22,light aircraft,Aircraft,2012,2,2013,0.2,0.2,0.4
2354,Chile,SR-22,light aircraft,Aircraft,2012,2,2015,0.2,0.2,0.4
2356,Chile,Kaiser,replenishment ship,Ships,2009,1,2010,130.0,85.8,85.8
2410,Chile,A-37B Dragonfly,ground-attack aircraft,Aircraft,1992,10,1992,5.0,2.0,20.0
2417,Chile,Newport,landing ship,Ships,1995,1,1995,75.42,30.17,30.17
2418,Chile,MD-500E,light helicopter,Aircraft,1994,10,1994,0.7,0.7,7.0
2420,Chile,MD-500E,light helicopter,Aircraft,1995,6,1996,0.7,0.7,4.2
2421,Chile,MD-500E,light helicopter,Aircraft,1995,3,1997,0.7,0.7,2.1
2423,Chile,Cessna-337,light aircraft,Aircraft,1996,1,1997,0.35,0.14,0.14
2424,Chile,Cessna-337,light aircraft,Aircraft,1996,5,1998,0.35,0.14,0.7
2425,Chile,Cessna-337,light aircraft,Aircraft,1996,5,1999,0.35,0.14,0.7
2426,Chile,Cessna-337,light aircraft,Aircraft,1996,4,2000,0.35,0.14,0.56
2427,Chile,Bell-412,helicopter,Aircraft,2007,4,2009,5.0,5.0,20.0
2428,Chile,S-70L Black Hawk,transport helicopter,Aircraft,1998,1,1998,7.25,7.25,7.25
2429,Chile,Cessna-208 Caravan,light transport aircraft,Aircraft,1997,8,1998,1.0,1.0,8.0
2432,Chile,Citation-3,light transport aircraft,Aircraft,1992,1,1992,6.9,6.9,6.9
2437,Chile,King Air,light transport aircraft,Aircraft,1996,1,1996,2.85,2.85,2.85
2438,Chile,Harpoon Block-2,anti-ship/land-attack missile,Missiles,2005,5,2006,1.0,1.0,5.0
2439,Chile,Harpoon Block-2,anti-ship/land-attack missile,Missiles,2005,15,2007,1.0,1.0,15.0
2440,Chile,KC-135,tanker/transport aircraft,Aircraft,2009,1,2010,60.0,24.0,24.0
2441,Chile,KC-135,tanker/transport aircraft,Aircraft,2009,1,2011,60.0,24.0,24.0
2442,Chile,KC-135,tanker/transport aircraft,Aircraft,2009,1,2012,60.0,24.0,24.0
2445,Chile,Bell-412,helicopter,Aircraft,2000,1,2000,5.0,2.0,2.0
2448,Chile,Bell-412,helicopter,Aircraft,2000,1,2001,5.0,2.0,2.0
2450,Chile,CitationJet,light transport aircraft,Aircraft,2000,3,2001,3.1,3.1,9.3
2451,Chile,TFE-731 (1600),turbofan,Engines,1980,2,1996,0.6,0.6,1.2
2452,Chile,TFE-731 (1600),turbofan,Engines,1980,3,1997,0.6,0.6,1.8
2454,Chile,TFE-731 (1600),turbofan,Engines,1980,1,1992,0.6,0.6,0.6
2455,Chile,TFE-731 (1600),turbofan,Engines,1980,2,1993,0.6,0.6,1.2
2456,Chile,TFE-731 (1600),turbofan,Engines,1980,2,1994,0.6,0.6,1.2
2457,Chile,TFE-731 (1600),turbofan,Engines,1980,2,1995,0.6,0.6,1.2
2463,Chile,TFE-731 (1600),turbofan,Engines,1980,3,1990,0.6,0.6,1.8
2464,Chile,TFE-731 (1600),turbofan,Engines,1980,3,1991,0.6,0.6,1.8
2466,Chile,aircraft engine 1001-2000,aircraft engine,Engines,1989,4,1990,0.5,0.5,2.0
2468,Chile,Bell-206,light helicopter,Aircraft,1996,2,1996,0.7,0.7,1.4
2469,Chile,Bell-412,helicopter,Aircraft,2009,4,2010,5.0,5.0,20.0
2470,Chile,Bell-412,helicopter,Aircraft,2009,2,2009,5.0,5.0,10.0
2471,Chile,Bell-412,helicopter,Aircraft,2009,2,2011,5.0,5.0,10.0
2473,Chile,APS-115,maritime patrol aircraft radar,Sensors,2000,3,2003,2.5,2.5,7.5
2474,China,LM-2500 (30001-35000),gas turbine,Engines,1985,5,1994,7.0,7.0,35.0
2476,China,TFE-731 (1600),turbofan,Engines,1987,3,1995,0.6,0.6,1.8
2477,China,TFE-731 (1600),turbofan,Engines,1987,3,1996,0.6,0.6,1.8
2480,Colombia,T-6 Texan-2 -,(armed) trainer aircraft,Aircraft,2020,4,2021,2.0,2.0,8.0
2481,Colombia,T-6 Texan-2 -,(armed) trainer aircraft,Aircraft,2020,2,2022,2.0,2.0,4.0
2482,Colombia,T-6 Texan-2 -,(armed) trainer aircraft,Aircraft,2020,1,2023,2.0,2.0,2.0
2485,Colombia,S-70A Black Hawk,transport helicopter,Aircraft,2016,10,2017,6.5,2.6,26.0
2486,Colombia,aircraft engine 1001-2000,aircraft engine,Engines,2009,2,2010,0.5,0.5,1.0
2487,Colombia,aircraft engine 1001-2000,aircraft engine,Engines,2002,4,2003,0.5,0.5,2.0
2488,Colombia,V-BAT-128,UAV,Aircraft,2024,3,2024,0.05,0.02,0.06
2489,Colombia,UH-1H Huey-2,helicopter,Aircraft,2011,1,2013,3.1,3.1,3.1
2490,Colombia,UH-1H Huey-2,helicopter,Aircraft,2011,1,2014,3.1,3.1,3.1
2491,Colombia,UH-1H Huey-2,helicopter,Aircraft,2011,1,2016,3.1,3.1,3.1
2492,Colombia,UH-1H Huey-2,helicopter,Aircraft,2011,1,2015,3.1,3.1,3.1
2493,Colombia,UH-1H Huey-2,helicopter,Aircraft,2011,1,2017,3.1,3.1,3.1
2494,Colombia,UH-1H Huey-2,helicopter,Aircraft,2011,1,2018,3.1,3.1,3.1
2495,Colombia,UH-1H Huey-2,helicopter,Aircraft,2011,2,2019,3.1,3.1,6.2
2496,Colombia,UH-1H Huey-2,helicopter,Aircraft,2011,2,2020,3.1,3.1,6.2
2497,Colombia,UH-1H Huey-2,helicopter,Aircraft,2020,5,2021,3.1,1.24,6.2
2498,Colombia,M-1117 Guardian,armoured personnel carrier,Armoured vehicles,2011,2,2013,0.4,0.4,0.8
2499,Colombia,M-1117 Guardian,armoured personnel carrier,Armoured vehicles,2011,26,2014,0.4,0.4,10.4
2500,Colombia,Bell-206,light helicopter,Aircraft,2009,6,2011,0.7,0.28,1.68
2501,Colombia,Bell-206,light helicopter,Aircraft,2009,6,2010,0.7,0.28,1.68
2502,Colombia,Bell-206,light helicopter,Aircraft,2009,4,2012,0.7,0.28,1.12
2503,Colombia,Bell-206,light helicopter,Aircraft,2009,4,2013,0.7,0.28,1.12
2504,Colombia,Stinger,portable SAM,Missiles,2015,60,2015,0.08,0.08,4.8
2505,Colombia,TOW,anti-tank missile,Missiles,2015,100,2015,0.01,0.01,1.0
2506,Colombia,TPS-70,air-search radar,Sensors,2013,4,2015,11.0,11.0,44.0
2509,Colombia,M-1117 Guardian,armoured personnel carrier,Armoured vehicles,2016,2,2016,0.4,0.4,0.8
2511,Colombia,RDR-1500,maritime patrol aircraft radar,Sensors,1996,1,1997,2.25,2.25,2.25
2512,Colombia,RDR-1500,maritime patrol aircraft radar,Sensors,1996,1,1998,2.25,2.25,2.25
2515,Colombia,ScanEagle,UAV,Aircraft,2006,8,2006,0.04,0.04,0.32
2516,Colombia,ScanEagle,UAV,Aircraft,2006,8,2007,0.04,0.04,0.32
2519,Colombia,S-70L Black Hawk,transport helicopter,Aircraft,2011,7,2012,7.25,7.25,50.75
2520,Colombia,S-70L Black Hawk,transport helicopter,Aircraft,2000,16,2001,7.25,7.25,116.0
2524,Colombia,K-MAX,helicopter,Aircraft,2002,5,2002,3.1,3.1,15.5
2526,Colombia,S-70L Black Hawk,transport helicopter,Aircraft,1997,5,1998,7.25,7.25,36.25
2529,Colombia,De Toledo,patrol boat,Ships,1992,2,1994,6.4,6.4,12.8
2530,Colombia,AC-47T -,ground-attack aircraft,Aircraft,1999,2,2000,3.8,3.8,7.6
2533,Colombia,S-70L Black Hawk,transport helicopter,Aircraft,1998,1,2000,7.25,7.25,7.25
2534,Colombia,S-70L Black Hawk,transport helicopter,Aircraft,1998,5,1999,7.25,7.25,36.25
2535,Colombia,Bell-205A-1,helicopter,Aircraft,1992,10,1993,2.62,1.05,10.48
2537,Colombia,S-70L Black Hawk,transport helicopter,Aircraft,2007,15,2009,7.25,7.25,108.75
2538,Colombia,Cessna-172,light /trainer aircraft,Aircraft,2020,4,2021,0.1,0.1,0.4
2539,Colombia,Cessna-172,light /trainer aircraft,Aircraft,2020,4,2022,0.1,0.1,0.4
2540,Colombia,Cessna-172,light /trainer aircraft,Aircraft,2020,2,2024,0.1,0.1,0.2
2541,Colombia,BT-67,transport aircraft,Aircraft,1990,2,1997,4.25,4.25,8.5
2542,Colombia,BT-67,transport aircraft,Aircraft,1990,3,1998,4.25,4.25,12.75
2543,Colombia,BT-67,transport aircraft,Aircraft,1990,1,1991,4.25,4.25,4.25
2544,Colombia,Legacy,light aircraft,Aircraft,2009,1,2010,0.15,0.15,0.15
2545,Colombia,Legacy,light aircraft,Aircraft,2009,5,2011,0.15,0.15,0.75
2546,Colombia,Legacy,light aircraft,Aircraft,2009,5,2012,0.15,0.15,0.75
2547,Colombia,Legacy,light aircraft,Aircraft,2009,8,2013,0.15,0.15,1.2
2548,Colombia,Legacy,light aircraft,Aircraft,2009,6,2014,0.15,0.15,0.9
2549,Colombia,Bell-206,light helicopter,Aircraft,2015,30,2016,0.7,0.28,8.4
2550,Colombia,Bell-206,light helicopter,Aircraft,2015,30,2019,0.7,0.28,8.4
2556,Colombia,OV-10,ground-attack aircraft,Aircraft,1991,3,1993,4.5,1.8,5.4
2557,Colombia,OV-10,ground-attack aircraft,Aircraft,1991,13,1991,4.5,1.8,23.4
2558,Colombia,LCU-1466,landing craft,Ships,1991,4,1991,5.6,3.7,14.78
2559,Colombia,LCU-1466,landing craft,Ships,1991,4,1992,5.6,3.7,14.78
2562,Colombia,Metro-3,transport aircraft,Aircraft,1996,2,1996,2.8,1.12,2.24
2563,Colombia,Metro-3,transport aircraft,Aircraft,1996,1,1997,2.8,1.12,1.12
2564,Colombia,Metro-3,transport aircraft,Aircraft,1996,1,1998,2.8,1.12,1.12
2565,Colombia,Metro-3,transport aircraft,Aircraft,1996,1,1999,2.8,1.12,1.12
2566,Colombia,OV-10,ground-attack aircraft,Aircraft,1997,5,1997,4.5,1.8,9.0
2567,Colombia,UH-1H Huey-2,helicopter,Aircraft,1996,10,1997,3.1,3.1,31.0
2568,Colombia,UH-1H Huey-2,helicopter,Aircraft,1996,9,1998,3.1,3.1,27.9
2569,Colombia,UH-1H Huey-2,helicopter,Aircraft,1998,2,1999,3.1,3.1,6.2
2570,Colombia,UH-1H Huey-2,helicopter,Aircraft,1998,8,2000,3.1,3.1,24.8
2571,Colombia,UH-1H Huey-2,helicopter,Aircraft,1998,8,2001,3.1,3.1,24.8
2572,Colombia,UH-1H Huey-2,helicopter,Aircraft,1998,7,2002,3.1,3.1,21.7
2573,Colombia,UH-1H Huey-2,helicopter,Aircraft,2000,21,2002,3.1,3.1,65.1
2574,Colombia,UH-1H Huey-2,helicopter,Aircraft,2000,21,2003,3.1,3.1,65.1
2575,Colombia,Bell-212,helicopter,Aircraft,2000,15,2000,3.7,1.48,22.2
2576,Colombia,OV-10,ground-attack aircraft,Aircraft,2000,2,2002,4.5,1.8,3.6
2577,Colombia,SA-2-37,reconnaissance aircraft,Aircraft,2000,3,2003,0.26,0.26,0.78
2578,Colombia,SA-2-37,reconnaissance aircraft,Aircraft,2000,2,2002,0.26,0.26,0.52
2579,Colombia,TPS-70,air-search radar,Sensors,1998,1,2001,11.0,11.0,11.0
2580,Colombia,TPS-70,air-search radar,Sensors,1998,2,2007,11.0,11.0,22.0
2581,Colombia,TPS-70,air-search radar,Sensors,1998,2,2006,11.0,11.0,22.0
2582,Colombia,C-130B Hercules,transport aircraft,Aircraft,2002,1,2002,23.0,9.2,9.2
2583,Colombia,UH-1H Huey-2,helicopter,Aircraft,2006,6,2007,3.1,3.1,18.6
2584,Colombia,BT-67,transport aircraft,Aircraft,2004,1,2007,4.25,4.25,4.25
2585,Colombia,BT-67,transport aircraft,Aircraft,2004,1,2005,4.25,4.25,4.25
2586,Colombia,BT-67,transport aircraft,Aircraft,2004,1,2006,4.25,4.25,4.25
2587,Colombia,RDR-1700,maritime patrol aircraft radar,Sensors,2012,2,2014,2.5,2.5,5.0
2588,Colombia,RDR-1700,maritime patrol aircraft radar,Sensors,2012,2,2013,2.5,2.5,5.0
2589,Colombia,RDR-1700,maritime patrol aircraft radar,Sensors,2021,1,2022,2.5,2.5,2.5
2591,Colombia,Balsam,cargo ship,Ships,2007,1,2007,10.0,4.0,4.0
2592,Colombia,B-767,transport aircraft,Aircraft,2007,1,2010,60.0,24.0,24.0
2593,Colombia,King Air,light transport aircraft,Aircraft,2006,2,2007,2.85,2.85,5.7
2594,Colombia,TPS-79 MMSR,air-search radar,Sensors,2006,2,2008,6.0,6.0,12.0
2595,Colombia,TPS-79 MMSR,air-search radar,Sensors,2006,1,2009,6.0,6.0,6.0
2596,Colombia,King Air,light transport aircraft,Aircraft,2008,1,2009,2.85,2.85,2.85
2597,Colombia,King Air,light transport aircraft,Aircraft,2008,1,2010,2.85,2.85,2.85
2598,Colombia,T-37B,(armed) trainer aircraft,Aircraft,2008,4,2008,1.8,0.72,2.88
2599,Colombia,T-37B,(armed) trainer aircraft,Aircraft,2008,4,2010,1.8,0.72,2.88
2600,Colombia,T-37B,(armed) trainer aircraft,Aircraft,2008,6,2009,1.8,0.72,4.32
2601,Colombia,S-70L Black Hawk,transport helicopter,Aircraft,2008,4,2011,7.25,7.25,29.0
2602,Colombia,S-70L Black Hawk,transport helicopter,Aircraft,2008,3,2012,7.25,7.25,21.75
2603,Colombia,King Air,light transport aircraft,Aircraft,2008,2,2009,2.85,2.85,5.7
2604,Colombia,King Air,light transport aircraft,Aircraft,2010,2,2010,2.85,2.85,5.7
2606,Colombia,Swift-110,patrol boat,Ships,1988,1,1990,4.6,4.6,4.6
2607,Colombia,King Air,light transport aircraft,Aircraft,2010,1,2011,2.85,2.85,2.85
2608,Colombia,APS-143,maritime patrol aircraft radar,Sensors,2012,1,2014,2.5,2.5,2.5
2609,Colombia,APS-143,maritime patrol aircraft radar,Sensors,2012,1,2015,2.5,2.5,2.5
2610,Colombia,B-737C,transport aircraft,Aircraft,2012,2,2013,33.0,13.2,26.4
2611,Colombia,King Air,light transport aircraft,Aircraft,2011,1,2012,2.85,2.85,2.85
2613,Colombia,Bell-412,helicopter,Aircraft,1995,4,1996,5.0,5.0,20.0
2615,Colombia,S-70L Black Hawk,transport helicopter,Aircraft,2005,8,2007,7.25,7.25,58.0
2616,Colombia,UH-1H Huey-2,helicopter,Aircraft,2008,12,2011,3.1,3.1,37.2
2617,Colombia,Bell-206,light helicopter,Aircraft,2006,12,2007,0.7,0.7,8.4
2618,Colombia,Paveway,guided bomb,Missiles,2006,50,2007,0.02,0.02,1.0
2619,Colombia,Paveway,guided bomb,Missiles,2006,50,2008,0.02,0.02,1.0
2620,Colombia,Cessna-208 Caravan,light transport aircraft,Aircraft,2008,2,2009,1.0,1.0,2.0
2621,Colombia,Cessna-208 Caravan,light transport aircraft,Aircraft,2008,8,2010,1.0,1.0,8.0
2622,Colombia,A-37B Dragonfly,ground-attack aircraft,Aircraft,2010,3,2011,5.0,2.0,6.0
2623,Colombia,Paveway,guided bomb,Missiles,2011,80,2013,0.02,0.02,1.6
2624,Colombia,Cessna-180 Skywagon,light aircraft,Aircraft,2008,1,2008,0.18,0.07,0.07
2625,Colombia,Textron TUR,armoured personnel carrier turret,Other,2013,12,2014,0.05,0.05,0.6
2626,Colombia,S-70L Black Hawk,transport helicopter,Aircraft,2012,5,2013,7.25,7.25,36.25
2627,Colombia,ScanEagle,UAV,Aircraft,2013,6,2013,0.04,0.04,0.24
2628,Colombia,Cessna-208 Caravan,light transport aircraft,Aircraft,2012,1,2013,1.0,1.0,1.0
2629,Colombia,Cessna-208 Caravan,light transport aircraft,Aircraft,2016,1,2017,1.0,1.0,1.0
2630,Colombia,S-70L Black Hawk,transport helicopter,Aircraft,2013,2,2013,7.25,7.25,14.5
2631,Colombia,Cessna-208 Caravan,light transport aircraft,Aircraft,2012,2,2013,1.0,1.0,2.0
2632,Colombia,Bell-212,helicopter,Aircraft,2008,12,2009,3.7,1.48,17.76
2633,Colombia,Bell-206,light helicopter,Aircraft,2012,4,2013,0.7,0.28,1.12
2660,Colombia,Cessna-337,light aircraft,Aircraft,2001,2,2001,0.35,0.14,0.28
2681,Colombia,F-28 HELI,light helicopter,Aircraft,1994,12,1995,0.25,0.25,3.0
2682,Colombia,Bell-212,helicopter,Aircraft,1994,4,1994,3.7,3.7,14.8
2683,Colombia,Bell-212,helicopter,Aircraft,1994,4,1996,3.7,3.7,14.8
2684,Colombia,Bell-212,helicopter,Aircraft,1994,4,1995,3.7,3.7,14.8
2685,Colombia,S-70L Black Hawk,transport helicopter,Aircraft,1993,2,1994,7.25,7.25,14.5
2686,Colombia,S-70L Black Hawk,transport helicopter,Aircraft,1993,2,1995,7.25,7.25,14.5
2692,Colombia,S-70L Black Hawk,transport helicopter,Aircraft,1996,7,1997,7.25,7.25,50.75
2698,Colombia,Bell-206L,light helicopter,Aircraft,1985,2,1990,0.95,0.95,1.9
2699,Colombia,Bell-206L,light helicopter,Aircraft,1985,2,1991,0.95,0.95,1.9
2707,Colombia,AC-47T -,ground-attack aircraft,Aircraft,1990,2,1991,3.8,3.8,7.6
2709,Colombia,C-130B Hercules,transport aircraft,Aircraft,1993,4,1993,23.0,9.2,36.8
2710,Colombia,SA-2-37,reconnaissance aircraft,Aircraft,1992,1,1992,0.26,0.26,0.26
2711,Colombia,King Air,light transport aircraft,Aircraft,1994,1,1995,2.85,2.85,2.85
2712,Colombia,R-22,light helicopter,Aircraft,1998,1,1998,0.13,0.13,0.13
2713,Colombia,S-70L Black Hawk,transport helicopter,Aircraft,2000,14,2001,7.25,7.25,101.5
2716,Colombia,OV-10,ground-attack aircraft,Aircraft,2001,10,2003,4.5,1.8,18.0
2717,Colombia,APG-66,combat aircraft radar,Sensors,2000,2,2001,1.5,1.5,3.0
2718,Colombia,OT-47B Tracker,airborne early-warning/ground surveillance aircraft,Aircraft,2002,1,2002,8.5,8.5,8.5
2719,Colombia,SA-2-37,reconnaissance aircraft,Aircraft,1998,1,1998,0.26,0.26,0.26
2721,Colombia,RDR-1400C,maritime patrol aircraft radar,Sensors,2000,3,2000,2.0,2.0,6.0
2722,Colombia,RDR-1400C,maritime patrol aircraft radar,Sensors,2000,4,2001,2.0,2.0,8.0
2724,Colombia,MSTAR,ground surveillance radar,Sensors,2003,5,2003,0.5,0.5,2.5
2725,Colombia,AC-47T -,ground-attack aircraft,Aircraft,2006,2,2007,3.8,3.8,7.6
2726,Colombia,aircraft engine 1001-2000,aircraft engine,Engines,1997,6,1998,0.5,0.5,3.0
2727,Colombia,Reliance,patrol ship,Ships,2003,1,2003,15.0,6.0,6.0
2728,Colombia,King Air,light transport aircraft,Aircraft,2020,1,2021,2.85,2.85,2.85
2729,Colombia,Bell-412,helicopter,Aircraft,2021,1,2022,5.0,5.0,5.0
2730,Colombia,M-1117 Guardian,armoured personnel carrier,Armoured vehicles,2020,66,2022,0.4,0.16,10.56
2731,Colombia,M-1117 Guardian,armoured personnel carrier,Armoured vehicles,2020,114,2024,0.4,0.16,18.24
2732,Colombia,M-1117 Guardian,armoured personnel carrier,Armoured vehicles,2020,20,2021,0.4,0.16,3.2
2733,Colombia,King Air,light transport aircraft,Aircraft,2010,1,2011,2.85,2.85,2.85
2734,Colombia,S-70L Black Hawk,transport helicopter,Aircraft,2018,1,2019,7.25,7.25,7.25
2735,Colombia,Bell-412,helicopter,Aircraft,2012,2,2013,5.0,5.0,10.0
2736,Colombia,Bell-412,helicopter,Aircraft,2012,2,2014,5.0,5.0,10.0
2737,Colombia,HMMWV-UA,armoured personnel carrier,Armoured vehicles,2023,4,2023,0.13,0.13,0.52
2738,Colombia,C-130H Hercules,transport aircraft,Aircraft,2018,1,2020,28.0,11.2,11.2
2739,Colombia,C-130H Hercules,transport aircraft,Aircraft,2018,2,2021,28.0,11.2,22.4
2740,Colombia,B-737NG,transport aircraft,Aircraft,2021,2,2022,33.0,13.2,26.4
2741,Colombia,M-1117 Guardian,armoured personnel carrier,Armoured vehicles,2009,39,2010,0.4,0.4,15.6
2742,Congo,vehicle engine 201-300,vehicle engine,Engines,2010,32,2010,0.03,0.03,0.96
2743,Congo,vehicle engine 301-400,vehicle engine,Engines,2021,6,2021,0.05,0.05,0.3
2756,Costa Rica,Nemesis,armoured personnel carrier,Armoured vehicles,2017,1,2018,0.18,0.18,0.18
2768,Costa Rica,King Air MP,maritime patrol aircraft,Aircraft,2018,1,2019,7.5,7.5,7.5
2772,Côte d'Ivoire,Cessna-337,light aircraft,Aircraft,1992,2,1992,0.35,0.14,0.28
2773,Côte d'Ivoire,Terrier LT-79,armoured personnel carrier,Armoured vehicles,2021,2,2022,0.14,0.14,0.28
2774,Côte d'Ivoire,BATT,armoured personnel carrier,Armoured vehicles,2021,9,2022,0.16,0.16,1.44
2775,Croatia,AGM-114 Hellfire-2,anti-tank/air-to-surface missile,Missiles,2016,50,2018,0.05,0.05,2.5
2776,Croatia,AGM-114 Hellfire-2,anti-tank/air-to-surface missile,Missiles,2016,50,2017,0.05,0.05,2.5
2777,Croatia,M-ATV,armoured personnel carrier,Armoured vehicles,2014,42,2014,0.25,0.1,4.2
2778,Croatia,MaxxPro,armoured personnel carrier,Armoured vehicles,2013,30,2014,0.32,0.13,3.84
2779,Croatia,RG-33,armoured personnel carrier,Armoured vehicles,2013,20,2014,0.2,0.08,1.6
2780,Croatia,M-ATV,armoured personnel carrier,Armoured vehicles,2013,120,2014,0.25,0.1,12.0
2781,Croatia,OH-58D,combat helicopter,Aircraft,2016,16,2016,3.0,1.2,19.2
2782,Croatia,MaxxPro,armoured personnel carrier,Armoured vehicles,2015,6,2016,0.32,0.13,0.77
2783,Croatia,Bell-206,light helicopter,Aircraft,1996,10,1997,0.7,0.7,7.0
2784,Croatia,TPS-77,air-search radar,Sensors,1999,5,2001,11.0,11.0,55.0
2785,Croatia,S-70L Black Hawk,transport helicopter,Aircraft,2021,2,2022,7.25,7.25,14.5
2786,Croatia,S-70L Black Hawk,transport helicopter,Aircraft,2018,2,2022,7.25,7.25,14.5
2807,Cyprus,Bell-412,helicopter,Aircraft,1997,1,1997,5.0,5.0,5.0
2808,Cyprus,Bell-412,helicopter,Aircraft,1990,1,1990,5.0,5.0,5.0
2809,Cyprus,Bell-206L,light helicopter,Aircraft,1990,3,1990,0.95,0.95,2.85
2810,Czechia,FJ-44-4 (1650),turbofan,Engines,2022,4,2024,0.6,0.6,2.4
2811,Czechia,AIM-9M,short-range air-to-air missile,Missiles,2002,20,2002,0.12,0.12,2.4
2812,Czechia,AIM-9M,short-range air-to-air missile,Missiles,2002,80,2005,0.12,0.12,9.6
2813,Czechia,AGM-114 Hellfire-2,anti-tank/air-to-surface missile,Missiles,2021,14,2023,0.05,0.05,0.7
2814,Czechia,vehicle engine 301-400,vehicle engine,Engines,2009,23,2012,0.05,0.05,1.15
2815,Czechia,vehicle engine 301-400,vehicle engine,Engines,2009,32,2011,0.05,0.05,1.6
2816,Czechia,vehicle engine 301-400,vehicle engine,Engines,2009,30,2010,0.05,0.05,1.5
2817,Czechia,vehicle engine 301-400,vehicle engine,Engines,2009,17,2009,0.05,0.05,0.85
2818,Czechia,vehicle engine 301-400,vehicle engine,Engines,2009,5,2013,0.05,0.05,0.25
2819,Czechia,ScanEagle,UAV,Aircraft,2014,10,2015,0.04,0.04,0.4
2820,Czechia,AH-1Z Viper,combat helicopter,Aircraft,2019,4,2023,14.5,14.5,58.0
2821,Czechia,FGM-148 Javelin,anti-tank missile,Missiles,2016,50,2018,0.03,0.03,1.5
2822,Czechia,vehicle engine 301-400,vehicle engine,Engines,2017,16,2020,0.05,0.05,0.8
2823,Czechia,vehicle engine 301-400,vehicle engine,Engines,2017,4,2019,0.05,0.05,0.2
2824,Czechia,UH-1Y,helicopter,Aircraft,2019,2,2023,6.5,6.5,13.0
2825,Czechia,UH-1Y,helicopter,Aircraft,2019,6,2024,6.5,6.5,39.0
2826,Czechia,Enstrom-480,light helicopter,Aircraft,2017,4,2018,0.4,0.4,1.6
2827,Czechia,AIM-120C AMRAAM,long-range air-to-air missile,Missiles,2005,24,2008,0.6,0.6,14.4
2828,Czechia,F-404 (8000),turbofan,Engines,2004,14,2005,2.2,2.2,30.8
2829,Czechia,F-124 (2850),turbofan,Engines,1994,2,2000,1.0,1.0,2.0
2830,Czechia,F-124 (2850),turbofan,Engines,1994,35,2001,1.0,1.0,35.0
2831,Czechia,F-124 (2850),turbofan,Engines,1994,21,2002,1.0,1.0,21.0
2832,Czechia,F-124 (2850),turbofan,Engines,1994,14,2003,1.0,1.0,14.0
2833,Czechia,FGM-148 Javelin,anti-tank missile,Missiles,2005,12,2006,0.03,0.03,0.36
2846,Denmark,Mk-54 LWT,anti-submarine torpedo,Missiles,2020,5,2023,0.5,0.5,2.5
2847,Denmark,Mk-54 LWT,anti-submarine torpedo,Missiles,2020,5,2024,0.5,0.5,2.5
2848,Denmark,Cougar MRAP,armoured personnel carrier,Armoured vehicles,2014,9,2018,0.35,0.35,3.15
2849,Denmark,Cougar MRAP,armoured personnel carrier,Armoured vehicles,2010,40,2011,0.35,0.14,5.6
2850,Denmark,MK-41 SAMS,naval SAM system,Naval weapons,2006,1,2012,20.0,20.0,20.0
2851,Denmark,MK-41 SAMS,naval SAM system,Naval weapons,2006,1,2013,20.0,20.0,20.0
2852,Denmark,MK-41 SAMS,naval SAM system,Naval weapons,2006,1,2014,20.0,20.0,20.0
2856,Denmark,Stinger,portable SAM,Missiles,1991,280,1994,0.08,0.08,22.4
2857,Denmark,Stinger,portable SAM,Missiles,1991,280,1995,0.08,0.08,22.4
2858,Denmark,Stinger,portable SAM,Missiles,1991,280,1996,0.08,0.08,22.4
2860,Denmark,F-16A,FGA aircraft,Aircraft,1994,4,1997,20.65,8.26,33.04
2866,Denmark,GBU-39 SDB,guided glide bomb,Missiles,2015,100,2016,0.02,0.02,2.0
2869,Denmark,F-35A Lightning-2,FGA aircraft,Aircraft,2018,7,2024,55.0,55.0,385.0
2870,Denmark,F-35A Lightning-2,FGA aircraft,Aircraft,2018,4,2023,55.0,55.0,220.0
2871,Denmark,F-35A Lightning-2,FGA aircraft,Aircraft,2018,2,2022,55.0,55.0,110.0
2872,Denmark,F-35A Lightning-2,FGA aircraft,Aircraft,2018,4,2021,55.0,55.0,220.0
2873,Denmark,ESSM,SAM,Missiles,2002,8,2006,0.4,0.4,3.2
2874,Denmark,ESSM,SAM,Missiles,2002,19,2007,0.4,0.4,7.6
2875,Denmark,ESSM,SAM,Missiles,2002,30,2004,0.4,0.4,12.0
2876,Denmark,ESSM,SAM,Missiles,2002,30,2005,0.4,0.4,12.0
2877,Denmark,ESSM,SAM,Missiles,2002,20,2012,0.4,0.4,8.0
2878,Denmark,ESSM,SAM,Missiles,2002,20,2014,0.4,0.4,8.0
2879,Denmark,ESSM,SAM,Missiles,2002,20,2013,0.4,0.4,8.0
2880,Denmark,ESSM,SAM,Missiles,2002,20,2015,0.4,0.4,8.0
2881,Denmark,ESSM,SAM,Missiles,2002,8,2016,0.4,0.4,3.2
2885,Denmark,Gulfstream-3,light transport aircraft,Aircraft,1996,1,1996,20.0,8.0,8.0
2894,Denmark,AAQ-14 LANTIRN,aircraft electro-optical system,Sensors,2006,3,2008,1.0,1.0,3.0
2903,Denmark,JDAM,guided bomb,Missiles,2015,50,2016,0.02,0.02,1.0
2904,Denmark,JDAM,guided bomb,Missiles,2011,210,2012,0.02,0.02,4.2
2905,Denmark,F-100 EN (12000),turbofan,Engines,2013,24,2016,3.25,1.3,31.2
2906,Denmark,F-100 EN (12000),turbofan,Engines,2013,26,2015,3.25,1.3,33.8
2908,Denmark,JDAM,guided bomb,Missiles,2016,150,2017,0.02,0.02,3.0
2912,Denmark,Cougar MRAP,armoured personnel carrier,Armoured vehicles,2017,6,2017,0.35,0.14,0.84
2913,Denmark,MH-60R -,anti-submarine helicopter,Aircraft,2012,4,2016,16.5,16.5,66.0
2914,Denmark,MH-60R -,anti-submarine helicopter,Aircraft,2012,3,2017,16.5,16.5,49.5
2915,Denmark,MH-60R -,anti-submarine helicopter,Aircraft,2012,2,2018,16.5,16.5,33.0
2916,Denmark,AIM-7M,long-range air-to-air missile,Missiles,1994,33,1998,0.18,0.18,5.94
2917,Denmark,AIM-7M,long-range air-to-air missile,Missiles,1994,33,1999,0.18,0.18,5.94
2918,Denmark,AIM-7M,long-range air-to-air missile,Missiles,1994,34,2000,0.18,0.18,6.12
2919,Denmark,AIM-7M,long-range air-to-air missile,Missiles,1994,34,2001,0.18,0.18,6.12
2920,Denmark,AIM-7M,long-range air-to-air missile,Missiles,1994,33,2002,0.18,0.18,5.94
2921,Denmark,AIM-7M,long-range air-to-air missile,Missiles,1994,33,2003,0.18,0.18,5.94
2939,Denmark,JDAM,guided bomb,Missiles,2003,100,2005,0.02,0.02,2.0
2940,Denmark,JDAM,guided bomb,Missiles,2003,145,2006,0.02,0.02,2.9
2941,Denmark,Paveway,guided bomb,Missiles,2004,100,2005,0.02,0.02,2.0
2942,Denmark,Paveway,guided bomb,Missiles,2004,100,2006,0.02,0.02,2.0
2943,Denmark,JDAM,guided bomb,Missiles,2002,137,2004,0.02,0.02,2.74
2944,Denmark,JDAM,guided bomb,Missiles,2002,137,2005,0.02,0.02,2.74
2945,Denmark,AGM-65 Maverick,air-to-surface missile,Missiles,1989,81,1991,0.15,0.15,12.15
2946,Denmark,AGM-65 Maverick,air-to-surface missile,Missiles,1989,81,1992,0.15,0.15,12.15
2947,Denmark,AIM-9X,long-range air-to-air missile,Missiles,2018,16,2020,0.18,0.18,2.88
2948,Denmark,vehicle engine 201-300,vehicle engine,Engines,2006,13,2009,0.03,0.03,0.39
2949,Denmark,vehicle engine 201-300,vehicle engine,Engines,2006,11,2008,0.03,0.03,0.33
2950,Denmark,vehicle engine 201-300,vehicle engine,Engines,2006,5,2007,0.03,0.03,0.15
2995,Denmark,TOW,anti-tank missile,Missiles,1987,125,1990,0.01,0.01,1.25
2996,Denmark,TOW,anti-tank missile,Missiles,1987,125,1991,0.01,0.01,1.25
2997,Denmark,M-113,armoured personnel carrier,Armoured vehicles,1988,25,1993,0.25,0.25,6.25
2998,Denmark,M-113,armoured personnel carrier,Armoured vehicles,1988,25,1992,0.25,0.25,6.25
3004,Denmark,AIM-120B AMRAAM,long-range air-to-air missile,Missiles,1994,44,1997,0.4,0.4,17.6
3005,Denmark,AIM-120B AMRAAM,long-range air-to-air missile,Missiles,1994,84,1998,0.4,0.4,33.6
3008,Denmark,M-270 MLRS,multiple rocket launcher,Artillery,1996,4,1998,1.2,1.2,4.8
3009,Denmark,M-270 MLRS,multiple rocket launcher,Artillery,1996,4,2001,1.2,1.2,4.8
3010,Denmark,M-270 MLRS,multiple rocket launcher,Artillery,1996,4,1999,1.2,1.2,4.8
3015,Denmark,F-16A,FGA aircraft,Aircraft,1994,3,1994,20.65,8.26,24.78
3027,Denmark,AIM-9X,long-range air-to-air missile,Missiles,2004,2,2006,0.18,0.18,0.36
3028,Denmark,AIM-9X,long-range air-to-air missile,Missiles,2004,58,2007,0.18,0.18,10.44
3029,Denmark,APG-66,combat aircraft radar,Sensors,1993,6,2001,1.5,1.5,9.0
3030,Denmark,APG-66,combat aircraft radar,Sensors,1993,1,1995,1.5,1.5,1.5
3031,Denmark,APG-66,combat aircraft radar,Sensors,1993,3,1996,1.5,1.5,4.5
3032,Denmark,APG-66,combat aircraft radar,Sensors,1993,9,1997,1.5,1.5,13.5
3033,Denmark,APG-66,combat aircraft radar,Sensors,1993,14,1998,1.5,1.5,21.0
3034,Denmark,APG-66,combat aircraft radar,Sensors,1993,14,1999,1.5,1.5,21.0
3035,Denmark,APG-66,combat aircraft radar,Sensors,1993,14,2000,1.5,1.5,21.0
3036,Denmark,Mk-45 127mm,naval gun,Naval weapons,2002,1,2005,5.25,3.47,3.47
3037,Denmark,Mk-45 127mm,naval gun,Naval weapons,2002,1,2004,5.25,3.47,3.47
3038,Denmark,AAQ-14 LANTIRN,aircraft electro-optical system,Sensors,1999,7,2001,1.0,1.0,7.0
3039,Denmark,AAQ-14 LANTIRN,aircraft electro-optical system,Sensors,1999,6,2002,1.0,1.0,6.0
3040,Denmark,APS-143,maritime patrol aircraft radar,Sensors,2002,1,2003,2.5,2.5,2.5
3041,Denmark,APS-143,maritime patrol aircraft radar,Sensors,2002,2,2004,2.5,2.5,5.0
3042,Denmark,AIM-9X,long-range air-to-air missile,Missiles,2004,40,2007,0.18,0.18,7.2
3043,Denmark,CF-34 (4100),turbofan,Engines,1998,2,1999,1.6,1.6,3.2
3044,Denmark,CF-34 (4100),turbofan,Engines,2000,4,2001,1.6,1.6,6.4
3055,Denmark,AIM-120C AMRAAM,long-range air-to-air missile,Missiles,2019,28,2022,0.6,0.6,16.8
3056,Denmark,C-130J Hercules,transport aircraft,Aircraft,2004,1,2007,40.0,40.0,40.0
3057,Denmark,C-130J Hercules,transport aircraft,Aircraft,2000,3,2004,40.0,40.0,120.0
3058,Denmark,SM-2MR,SAM,Missiles,2018,10,2022,0.3,0.3,3.0
3059,Denmark,SM-2MR,SAM,Missiles,2018,20,2023,0.3,0.3,6.0
3060,Denmark,SM-2MR,SAM,Missiles,2018,20,2024,0.3,0.3,6.0
3061,Denmark,ship engine 4001-6000,ship engine,Engines,1985,2,1992,1.5,1.5,3.0
3062,Denmark,ship engine 4001-6000,ship engine,Engines,1985,1,1991,1.5,1.5,1.5
3063,Denmark,ship engine 4001-6000,ship engine,Engines,1985,1,1990,1.5,1.5,1.5
3064,Denmark,ship engine 4001-6000,ship engine,Engines,1985,1,1996,1.5,1.5,1.5
3065,Denmark,ship engine 4001-6000,ship engine,Engines,1985,2,1994,1.5,1.5,3.0
3066,Denmark,ship engine 4001-6000,ship engine,Engines,1985,2,1993,1.5,1.5,3.0
3067,Denmark,ship engine 4001-6000,ship engine,Engines,1985,1,1995,1.5,1.5,1.5
3069,Denmark,TPS-77,air-search radar,Sensors,2005,2,2007,11.0,11.0,22.0
3070,Djibouti,HMMWV-UA,armoured personnel carrier,Armoured vehicles,2018,54,2019,0.13,0.13,7.02
3071,Djibouti,RG-33,armoured personnel carrier,Armoured vehicles,2013,10,2014,0.2,0.08,0.8
3072,Djibouti,PKSV,armoured personnel carrier,Armoured vehicles,2014,15,2014,0.3,0.3,4.5
3073,Djibouti,Cougar MRAP,armoured personnel carrier,Armoured vehicles,2015,7,2016,0.35,0.14,0.98
3074,Djibouti,Cessna-208 Caravan,light transport aircraft,Aircraft,1991,1,1991,1.0,1.0,1.0
3075,Dominican Rep.,Bell-206,light helicopter,Aircraft,2022,2,2023,0.7,0.28,0.56
3076,Dominican Rep.,UH-1H Huey-2,helicopter,Aircraft,2002,8,2004,3.1,3.1,24.8
3079,Dominican Rep.,Cessna-208 Caravan,light transport aircraft,Aircraft,2022,1,2022,1.0,1.0,1.0
3080,Dominican Rep.,Cessna-208 Caravan,light transport aircraft,Aircraft,2022,1,2024,1.0,1.0,1.0
3081,Dominican Rep.,P-2006T,light aircraft,Aircraft,2015,1,2016,0.25,0.25,0.25
3082,Dominican Rep.,Cessna-172,light /trainer aircraft,Aircraft,2014,5,2015,0.1,0.1,0.5
3093,Dominican Rep.,Stan-2606,patrol boat,Ships,2017,1,2020,4.25,4.25,4.25
3107,Dominican Rep.,Balsam,cargo ship,Ships,1995,1,1996,10.0,4.0,4.0
3108,Dominican Rep.,Balsam,cargo ship,Ships,2000,1,2001,10.0,4.0,4.0
3109,Dominican Rep.,Bell-206,light helicopter,Aircraft,2002,9,2003,0.7,0.28,2.52
3110,Dominican Rep.,Bell-206,light helicopter,Aircraft,2002,3,2004,0.7,0.28,0.84
3111,Dominican Rep.,Bell-205A-1,helicopter,Aircraft,1998,6,1998,2.62,1.05,6.29
3112,Dominican Rep.,LCU-1610,landing craft,Ships,2004,1,2004,7.5,3.0,3.0
3113,Dominican Rep.,Swift-35,patrol boat,Ships,2002,1,2003,6.0,6.0,6.0
3114,Dominican Rep.,Swift-35,patrol boat,Ships,2002,1,2004,6.0,6.0,6.0
3135,Dominican Rep.,R-22,light helicopter,Aircraft,2000,3,2001,0.13,0.13,0.39
3136,Dominican Rep.,R-22,light helicopter,Aircraft,2000,1,2002,0.13,0.13,0.13
3137,Dominican Rep.,R-44,light helicopter,Aircraft,2000,1,2001,0.25,0.25,0.25
3138,Dominican Rep.,R-44,light helicopter,Aircraft,2000,1,2002,0.25,0.25,0.25
3140,Dominican Rep.,Schweizer-330,light helicopter,Aircraft,2003,1,2003,0.45,0.45,0.45
3141,Dominican Rep.,Schweizer-330,light helicopter,Aircraft,2003,3,2004,0.45,0.45,1.35
3142,Dominican Rep.,UH-1H Huey-2,helicopter,Aircraft,2022,2,2022,3.1,1.24,2.48
3143,Dominican Rep.,UH-1H Huey-2,helicopter,Aircraft,2022,4,2023,3.1,1.24,4.96
3144,Dominican Rep.,Citation-5,light transport aircraft,Aircraft,2021,1,2022,4.35,1.74,1.74
3145,Dem. Rep. Congo,vehicle engine 301-400,vehicle engine,Engines,2020,40,2024,0.05,0.05,2.0
3146,Dem. Rep. Congo,B-727,transport aircraft,Aircraft,2009,2,2009,35.0,14.0,28.0
3147,Dem. Rep. Congo,Bell-206,light helicopter,Aircraft,2018,2,2018,0.7,0.28,0.56
3148,Dem. Rep. Congo,UH-1H Huey-2,helicopter,Aircraft,2018,5,2020,3.1,1.24,6.2
3175,Ecuador,C-130H Hercules,transport aircraft,Aircraft,2023,1,2024,28.0,11.2,11.2
3178,Ecuador,TPS-70,air-search radar,Sensors,1994,2,1995,11.0,11.0,22.0
3181,Ecuador,Bell-430,light helicopter,Aircraft,2012,2,2014,3.2,1.28,2.56
3182,Ecuador,ESPADA,patrol boat,Ships,1989,2,1991,10.5,10.5,21.0
3188,Ecuador,vehicle engine 401-600,vehicle engine,Engines,2022,6,2024,0.08,0.08,0.48
3190,Ecuador,Bell-407,light helicopter,Aircraft,2021,1,2021,1.1,1.1,1.1
3200,Ecuador,Bell-206,light helicopter,Aircraft,1990,12,1990,0.7,0.28,3.36
3201,Ecuador,A-37B Dragonfly,ground-attack aircraft,Aircraft,1991,2,1994,5.0,2.0,4.0
3203,Ecuador,MX-7,light aircraft,Aircraft,2001,3,2002,0.1,0.1,0.3
3204,Ecuador,Bell-430,light helicopter,Aircraft,2009,2,2010,3.2,1.28,2.56
3205,Ecuador,Cessna-U206,light aircraft,Aircraft,2008,1,2010,0.25,0.25,0.25
3206,Ecuador,Cessna-U206,light aircraft,Aircraft,2008,2,2009,0.25,0.25,0.5
3207,Ecuador,Phalanx,naval gun,Naval weapons,2009,1,2010,7.0,7.0,7.0
3208,Ecuador,A-37B Dragonfly,ground-attack aircraft,Aircraft,1996,14,1997,5.0,2.0,28.0
3247,Ecuador,King Air MP,maritime patrol aircraft,Aircraft,1996,2,1997,7.5,7.5,15.0
3248,Ecuador,C-130B Hercules,transport aircraft,Aircraft,1993,2,1993,23.0,9.2,18.4
3249,Ecuador,Bell-222,light helicopter,Aircraft,1996,2,1998,2.9,2.9,5.8
3253,Ecuador,aircraft engine 1001-2000,aircraft engine,Engines,2003,4,2005,0.5,0.5,2.0
3256,Ecuador,Bell-430,light helicopter,Aircraft,2022,1,2023,3.2,1.28,1.28
3260,Egypt,M-113,armoured personnel carrier,Armoured vehicles,1996,422,1997,0.25,0.1,42.2
3263,Egypt,M-113,armoured personnel carrier,Armoured vehicles,2001,62,2005,0.25,0.1,6.2
3264,Egypt,M-113,armoured personnel carrier,Armoured vehicles,2001,170,2006,0.25,0.1,17.0
3265,Egypt,M-113,armoured personnel carrier,Armoured vehicles,2001,22,2003,0.25,0.1,2.2
3266,Egypt,Avenger AD,mobile SAM system,Air-defence systems,2000,25,2001,0.63,0.63,15.75
3267,Egypt,M-901,tank destroyer,Armoured vehicles,1995,130,1995,0.9,0.36,46.8
3270,Egypt,Swift-93,patrol boat,Ships,2016,2,2020,4.5,4.5,9.0
3271,Egypt,Swift-93,patrol boat,Ships,2016,2,2022,4.5,4.5,9.0
3272,Egypt,Swift-93,patrol boat,Ships,2016,2,2021,4.5,4.5,9.0
3273,Egypt,Swift-93,patrol boat,Ships,2016,2,2018,4.5,4.5,9.0
3274,Egypt,Swift-93,patrol boat,Ships,2016,3,2019,4.5,4.5,13.5
3275,Egypt,Swift-93,patrol boat,Ships,2014,2,2017,4.5,4.5,9.0
3276,Egypt,Swift-93,patrol boat,Ships,2014,4,2016,4.5,4.5,18.0
3277,Egypt,Swift-93,patrol boat,Ships,2008,4,2014,4.5,4.5,18.0
3278,Egypt,Swift-93,patrol boat,Ships,2008,2,2010,4.5,4.5,9.0
3279,Egypt,Swift-93,patrol boat,Ships,2022,3,2023,4.5,4.5,13.5
3280,Egypt,Swift-93,patrol boat,Ships,2022,3,2024,4.5,4.5,13.5
3281,Egypt,RIM-116C RAM-2B,SAM,Missiles,2021,50,2024,0.25,0.25,12.5
3282,Egypt,RIM-116C RAM-2B,SAM,Missiles,2021,50,2023,0.25,0.25,12.5
3289,Egypt,M-88 AV,armoured recovery vehicle,Armoured vehicles,1990,22,1991,1.5,1.5,33.0
3290,Egypt,M-88 AV,armoured recovery vehicle,Armoured vehicles,1990,22,1992,1.5,1.5,33.0
3304,Egypt,TPS-63,air-search radar,Sensors,1985,3,1990,5.0,5.0,15.0
3305,Egypt,TPS-63,air-search radar,Sensors,1985,10,1991,5.0,5.0,50.0
3306,Egypt,TPS-63,air-search radar,Sensors,1985,10,1992,5.0,5.0,50.0
3309,Egypt,AAQ-14 LANTIRN,aircraft electro-optical system,Sensors,1989,6,1991,1.0,1.0,6.0
3310,Egypt,AAQ-14 LANTIRN,aircraft electro-optical system,Sensors,1989,6,1992,1.0,1.0,6.0
3311,Egypt,AAQ-20 Pathfinder,aircraft electro-optical system,Sensors,1989,6,1991,0.3,0.3,1.8
3312,Egypt,AAQ-20 Pathfinder,aircraft electro-optical system,Sensors,1989,6,1992,0.3,0.3,1.8
3313,Egypt,AIM-9J,short-range air-to-air missile,Missiles,1984,400,1992,0.09,0.09,36.0
3314,Egypt,AIM-9J,short-range air-to-air missile,Missiles,1984,400,1991,0.09,0.09,36.0
3315,Egypt,AIM-9J,short-range air-to-air missile,Missiles,1984,300,1995,0.09,0.09,27.0
3316,Egypt,AIM-9J,short-range air-to-air missile,Missiles,1984,300,1996,0.09,0.09,27.0
3319,Egypt,AIM-9J,short-range air-to-air missile,Missiles,1984,400,1994,0.09,0.09,36.0
3320,Egypt,AIM-9J,short-range air-to-air missile,Missiles,1984,400,1990,0.09,0.09,36.0
3321,Egypt,AIM-9J,short-range air-to-air missile,Missiles,1984,300,1997,0.09,0.09,27.0
3322,Egypt,AIM-9J,short-range air-to-air missile,Missiles,1984,400,1993,0.09,0.09,36.0
3323,Egypt,AIM-9J,short-range air-to-air missile,Missiles,1984,300,2000,0.09,0.09,27.0
3324,Egypt,AIM-9J,short-range air-to-air missile,Missiles,1984,300,1999,0.09,0.09,27.0
3327,Egypt,AIM-9J,short-range air-to-air missile,Missiles,1984,300,1998,0.09,0.09,27.0
3328,Egypt,LM-2500 (30001-35000),gas turbine,Engines,2020,1,2020,7.0,7.0,7.0
3329,Egypt,LM-2500 (30001-35000),gas turbine,Engines,2020,1,2021,7.0,7.0,7.0
3330,Egypt,M-88 AV,armoured recovery vehicle,Armoured vehicles,2013,13,2015,1.5,0.6,7.8
3331,Egypt,M-88 AV,armoured recovery vehicle,Armoured vehicles,2013,10,2018,1.5,0.6,6.0
3332,Egypt,M-48 SAMS,mobile SAM system,Air-defence systems,2000,60,2000,1.0,0.4,24.0
3333,Egypt,MIM-72C,SAM,Missiles,2014,200,2014,0.11,0.04,8.8
3334,Egypt,MIM-72C,SAM,Missiles,1999,1072,2000,0.11,0.11,117.92
3335,Egypt,MIM-23B,SAM,Missiles,2004,250,2005,0.17,0.07,17.0
3336,Egypt,MIM-23B,SAM,Missiles,2004,250,2006,0.17,0.07,17.0
3337,Egypt,MaxxPro,armoured personnel carrier,Armoured vehicles,2015,12,2016,0.32,0.13,1.54
3338,Egypt,M-1A1 Abrams,tank,Armoured vehicles,2011,25,2019,4.0,4.0,100.0
3339,Egypt,M-1A1 Abrams,tank,Armoured vehicles,2011,15,2020,4.0,4.0,60.0
3340,Egypt,M-1A1 Abrams,tank,Armoured vehicles,2011,25,2018,4.0,4.0,100.0
3341,Egypt,M-1A1 Abrams,tank,Armoured vehicles,2011,25,2016,4.0,4.0,100.0
3342,Egypt,M-1A1 Abrams,tank,Armoured vehicles,2011,25,2017,4.0,4.0,100.0
3343,Egypt,M-1A1 Abrams,tank,Armoured vehicles,2011,10,2015,4.0,4.0,40.0
3346,Egypt,F-16C Block-50,FGA aircraft,Aircraft,2010,8,2013,31.0,31.0,248.0
3347,Egypt,F-16C Block-50,FGA aircraft,Aircraft,2010,12,2015,31.0,31.0,372.0
3348,Egypt,Harpoon Block-2,anti-ship/land-attack missile,Missiles,2016,5,2021,1.0,1.0,5.0
3349,Egypt,Harpoon Block-2,anti-ship/land-attack missile,Missiles,2016,15,2022,1.0,1.0,15.0
3350,Egypt,Knox,frigate,Ships,1993,2,1994,275.0,110.0,220.0
3351,Egypt,Osprey MCM,minehunter,Ships,2005,2,2007,54.26,21.7,43.41
3352,Egypt,M-270 MLRS,multiple rocket launcher,Artillery,2004,12,2005,1.2,1.2,14.4
3353,Egypt,M-88A2,armoured recovery vehicle,Armoured vehicles,2004,21,2007,2.0,2.0,42.0
3354,Egypt,SP-122 122mm,self-propelled gun,Artillery,1996,24,1998,1.0,1.0,24.0
3355,Egypt,SP-122 122mm,self-propelled gun,Artillery,1988,6,1993,1.0,1.0,6.0
3356,Egypt,SP-122 122mm,self-propelled gun,Artillery,1988,63,1994,1.0,1.0,63.0
3357,Egypt,SP-122 122mm,self-propelled gun,Artillery,1988,7,1995,1.0,1.0,7.0
3358,Egypt,AH-64D Apache,combat helicopter,Aircraft,2000,2,2003,14.0,14.0,28.0
3359,Egypt,AH-64D Apache,combat helicopter,Aircraft,2000,11,2004,14.0,14.0,154.0
3360,Egypt,AH-64D Apache,combat helicopter,Aircraft,2000,11,2005,14.0,14.0,154.0
3361,Egypt,AH-64D Apache,combat helicopter,Aircraft,2000,11,2006,14.0,14.0,154.0
3362,Egypt,TPS-59,air-search radar,Sensors,1999,3,2002,15.0,15.0,45.0
3363,Egypt,TPS-59,air-search radar,Sensors,1999,2,2003,15.0,15.0,30.0
3364,Egypt,M-1A1 Abrams,tank,Armoured vehicles,1999,50,2002,4.0,4.0,200.0
3365,Egypt,M-1A1 Abrams,tank,Armoured vehicles,1999,50,2003,4.0,4.0,200.0
3366,Egypt,M-1A1 Abrams,tank,Armoured vehicles,2003,5,2005,4.0,4.0,20.0
3367,Egypt,M-1A1 Abrams,tank,Armoured vehicles,2003,40,2008,4.0,4.0,160.0
3368,Egypt,M-1A1 Abrams,tank,Armoured vehicles,2003,40,2007,4.0,4.0,160.0
3369,Egypt,M-1A1 Abrams,tank,Armoured vehicles,2003,40,2006,4.0,4.0,160.0
3370,Egypt,LM-2500 (30001-35000),gas turbine,Engines,2019,1,2022,7.0,7.0,7.0
3371,Egypt,LM-2500 (30001-35000),gas turbine,Engines,2019,2,2023,7.0,7.0,14.0
3374,Egypt,MPQ-64 Sentinel,air-search radar,Sensors,2017,3,2021,5.0,5.0,15.0
3375,Egypt,MPQ-64 Sentinel,air-search radar,Sensors,2017,3,2020,5.0,5.0,15.0
3376,Egypt,MPQ-64 Sentinel,air-search radar,Sensors,2017,2,2019,5.0,5.0,10.0
3377,Egypt,SP-122 122mm,self-propelled gun,Artillery,1999,24,2000,1.0,1.0,24.0
3378,Egypt,Stinger,portable SAM,Missiles,2006,400,2008,0.08,0.08,32.0
3379,Egypt,Stinger,portable SAM,Missiles,2006,200,2007,0.08,0.08,16.0
3380,Egypt,AGM-114 Hellfire-2,anti-tank/air-to-surface missile,Missiles,2015,178,2016,0.05,0.05,8.9
3381,Egypt,AGM-114 Hellfire-2,anti-tank/air-to-surface missile,Missiles,2015,178,2017,0.05,0.05,8.9
3382,Egypt,LM-2500 (30001-35000),gas turbine,Engines,2015,1,2015,7.0,7.0,7.0
3383,Egypt,RIM-116A RAM,SAM,Missiles,2005,39,2015,0.14,0.14,5.46
3384,Egypt,RIM-116A RAM,SAM,Missiles,2005,100,2013,0.14,0.14,14.0
3385,Egypt,AAQ-14 LANTIRN,aircraft electro-optical system,Sensors,2016,31,2018,1.0,0.4,12.4
3386,Egypt,M-109A5 155mm,self-propelled gun,Artillery,2005,10,2008,1.25,0.5,5.0
3387,Egypt,M-109A5 155mm,self-propelled gun,Artillery,2005,161,2007,1.25,0.5,80.5
3388,Egypt,M-109A5 155mm,self-propelled gun,Artillery,2005,4,2006,1.25,0.5,2.0
3389,Egypt,M-109A5 155mm,self-propelled gun,Artillery,2005,25,2005,1.25,0.5,12.5
3390,Egypt,Ambassador-4 -,corvette,Ships,2010,1,2015,76.5,76.5,76.5
3391,Egypt,Avenger AD,mobile SAM system,Air-defence systems,2006,25,2008,0.63,0.63,15.75
3392,Egypt,M-1A1 Abrams,tank,Armoured vehicles,2008,35,2011,4.0,4.0,140.0
3393,Egypt,M-1A1 Abrams,tank,Armoured vehicles,2008,35,2010,4.0,4.0,140.0
3394,Egypt,M-1A1 Abrams,tank,Armoured vehicles,2008,35,2012,4.0,4.0,140.0
3395,Egypt,M-1A1 Abrams,tank,Armoured vehicles,2008,20,2013,4.0,4.0,80.0
3400,Egypt,RG-33,armoured personnel carrier,Armoured vehicles,2016,110,2023,0.2,0.08,8.8
3401,Egypt,RG-33,armoured personnel carrier,Armoured vehicles,2016,130,2022,0.2,0.08,10.4
3402,Egypt,RG-33,armoured personnel carrier,Armoured vehicles,2016,130,2021,0.2,0.08,10.4
3403,Egypt,RG-33,armoured personnel carrier,Armoured vehicles,2016,305,2020,0.2,0.08,24.4
3404,Egypt,RG-33,armoured personnel carrier,Armoured vehicles,2016,15,2019,0.2,0.08,1.2
3405,Egypt,Caiman,armoured personnel carrier,Armoured vehicles,2017,68,2018,0.25,0.1,6.8
3406,Egypt,RG-33,armoured personnel carrier,Armoured vehicles,2015,349,2016,0.2,0.08,27.92
3407,Egypt,Caiman,armoured personnel carrier,Armoured vehicles,2019,46,2019,0.25,0.1,4.6
3408,Egypt,Caiman,armoured personnel carrier,Armoured vehicles,2015,202,2017,0.25,0.1,20.2
3409,Egypt,Caiman,armoured personnel carrier,Armoured vehicles,2015,68,2019,0.25,0.1,6.8
3410,Egypt,Caiman,armoured personnel carrier,Armoured vehicles,2015,55,2018,0.25,0.1,5.5
3411,Egypt,Caiman,armoured personnel carrier,Armoured vehicles,2015,212,2016,0.25,0.1,21.2
3412,Egypt,Caiman,armoured personnel carrier,Armoured vehicles,2015,166,2020,0.25,0.1,16.6
3413,Egypt,M-88 AV,armoured recovery vehicle,Armoured vehicles,2017,8,2019,1.5,0.6,4.8
3414,Egypt,M-88 AV,armoured recovery vehicle,Armoured vehicles,2017,23,2018,1.5,0.6,13.8
3417,Egypt,M-48 SAMS,mobile SAM system,Air-defence systems,1996,30,1997,1.0,0.4,12.0
3418,Egypt,M-48 SAMS,mobile SAM system,Air-defence systems,1999,40,2000,1.0,0.4,16.0
3419,Egypt,M-1A1 Abrams,tank,Armoured vehicles,1988,2,1990,4.0,4.0,8.0
3420,Egypt,M-1A1 Abrams,tank,Armoured vehicles,1988,23,1991,4.0,4.0,92.0
3421,Egypt,M-1A1 Abrams,tank,Armoured vehicles,1988,35,1992,4.0,4.0,140.0
3422,Egypt,M-1A1 Abrams,tank,Armoured vehicles,1988,80,1993,4.0,4.0,320.0
3423,Egypt,M-1A1 Abrams,tank,Armoured vehicles,1988,100,1994,4.0,4.0,400.0
3424,Egypt,M-1A1 Abrams,tank,Armoured vehicles,1988,92,1995,4.0,4.0,368.0
3425,Egypt,M-1A1 Abrams,tank,Armoured vehicles,1988,100,1996,4.0,4.0,400.0
3426,Egypt,M-1A1 Abrams,tank,Armoured vehicles,1988,92,1997,4.0,4.0,368.0
3427,Egypt,M-1A1 Abrams,tank,Armoured vehicles,1996,10,1997,4.0,4.0,40.0
3428,Egypt,M-1A1 Abrams,tank,Armoured vehicles,1996,21,1998,4.0,4.0,84.0
3429,Egypt,M-1A1 Abrams,tank,Armoured vehicles,2001,50,2004,4.0,4.0,200.0
3430,Egypt,M-1A1 Abrams,tank,Armoured vehicles,2001,50,2005,4.0,4.0,200.0
3431,Egypt,AH-64D Apache Longbow,combat helicopter,Aircraft,2010,10,2014,15.5,15.5,155.0
3437,Egypt,SM-1MR,SAM,Missiles,2001,22,2001,0.25,0.1,2.2
3438,Egypt,M-60A1,tank,Armoured vehicles,1990,350,1990,1.8,0.72,252.0
3439,Egypt,M-60A1,tank,Armoured vehicles,1990,350,1991,1.8,0.72,252.0
3440,Egypt,AH-64A Apache,combat helicopter,Aircraft,1990,12,1995,14.0,14.0,168.0
3441,Egypt,AH-64A Apache,combat helicopter,Aircraft,1990,12,1994,14.0,14.0,168.0
3442,Egypt,Stinger,portable SAM,Missiles,1990,100,1991,0.08,0.08,8.0
3443,Egypt,F-16C,FGA aircraft,Aircraft,1991,14,1994,28.5,28.5,399.0
3444,Egypt,F-16C,FGA aircraft,Aircraft,1991,31,1995,28.5,28.5,883.5
3445,Egypt,F-16C,FGA aircraft,Aircraft,1991,1,1996,28.5,28.5,28.5
3446,Egypt,M-113,armoured personnel carrier,Armoured vehicles,1995,166,1995,0.25,0.1,16.6
3447,Egypt,F-16C,FGA aircraft,Aircraft,1996,4,1999,28.5,28.5,114.0
3448,Egypt,F-16C,FGA aircraft,Aircraft,1996,17,2000,28.5,28.5,484.5
3449,Egypt,F-16C,FGA aircraft,Aircraft,1999,19,2001,28.5,28.5,541.5
3450,Egypt,F-16C,FGA aircraft,Aircraft,1999,5,2002,28.5,28.5,142.5
3451,Egypt,M-270 MLRS,multiple rocket launcher,Artillery,2001,2,2003,1.2,1.2,2.4
3452,Egypt,M-270 MLRS,multiple rocket launcher,Artillery,2001,12,2004,1.2,1.2,14.4
3453,Egypt,M-270 MLRS,multiple rocket launcher,Artillery,2001,12,2005,1.2,1.2,14.4
3454,Egypt,E-2C,airborne early-warning aircraft,Aircraft,2001,1,2003,73.65,48.61,48.61
3455,Egypt,M-113,armoured personnel carrier,Armoured vehicles,2001,1,2001,0.25,0.25,0.25
3456,Egypt,M-113,armoured personnel carrier,Armoured vehicles,2001,29,2002,0.25,0.25,7.25
3457,Egypt,TOW,anti-tank missile,Missiles,2008,2028,2008,0.01,0.01,20.28
3458,Egypt,Stinger,portable SAM,Missiles,2009,164,2012,0.08,0.08,13.12
3459,Egypt,E-2C,airborne early-warning aircraft,Aircraft,2008,1,2010,73.65,73.65,73.65
3460,Egypt,TFE-731 (1600),turbofan,Engines,2004,10,2008,0.6,0.6,6.0
3461,Egypt,TFE-731 (1600),turbofan,Engines,2004,10,2007,0.6,0.6,6.0
3462,Egypt,TFE-731 (1600),turbofan,Engines,2004,10,2009,0.6,0.6,6.0
3463,Egypt,TFE-731 (1600),turbofan,Engines,2004,10,2010,0.6,0.6,6.0
3464,Egypt,LFATS,anti-submarine sonar,Sensors,2010,2,2013,7.5,7.5,15.0
3465,Egypt,TOW,anti-tank missile,Missiles,2009,1928,2012,0.01,0.01,19.28
3466,Egypt,TOW,anti-tank missile,Missiles,2009,1000,2009,0.01,0.01,10.0
3467,Egypt,TOW,anti-tank missile,Missiles,2009,2000,2010,0.01,0.01,20.0
3468,Egypt,TOW,anti-tank missile,Missiles,2009,2000,2011,0.01,0.01,20.0
3471,Egypt,DB-110,aircraft reconnaissance system,Sensors,2010,1,2013,4.0,4.0,4.0
3472,Egypt,AAQ-33 Sniper ATP,aircraft electro-optical system,Sensors,2011,4,2013,1.0,1.0,4.0
3473,Egypt,AAQ-33 Sniper ATP,aircraft electro-optical system,Sensors,2011,8,2015,1.0,1.0,8.0
3479,Egypt,Beech-1900 SIGINT,signals intelligence aircraft,Aircraft,2011,2,2012,12.5,12.5,25.0
3480,Egypt,Mk-46-5,anti-submarine torpedo,Missiles,1998,37,1998,0.35,0.35,12.95
3481,Egypt,Mk-46-5,anti-submarine torpedo,Missiles,1998,38,1999,0.35,0.35,13.3
3482,Egypt,F-110 (13500),turbofan,Engines,1991,3,1995,3.25,3.25,9.75
3483,Egypt,F-110 (13500),turbofan,Engines,1991,3,1994,3.25,3.25,9.75
3484,Egypt,F-110 (13500),turbofan,Engines,1991,2,1996,3.25,3.25,6.5
3486,Egypt,M-88A2,armoured recovery vehicle,Armoured vehicles,2001,3,2002,2.0,2.0,6.0
3487,Egypt,M-88A2,armoured recovery vehicle,Armoured vehicles,1998,15,2000,2.0,2.0,30.0
3488,Egypt,M-88A2,armoured recovery vehicle,Armoured vehicles,1998,30,2001,2.0,2.0,60.0
3489,Egypt,M-88A2,armoured recovery vehicle,Armoured vehicles,1998,5,2002,2.0,2.0,10.0
3490,Egypt,M-88A2,armoured recovery vehicle,Armoured vehicles,2001,5,2003,2.0,2.0,10.0
3491,Egypt,M-88A2,armoured recovery vehicle,Armoured vehicles,2001,8,2004,2.0,2.0,16.0
3492,Egypt,C-130H Hercules,transport aircraft,Aircraft,2004,3,2004,28.0,11.2,33.6
3495,Egypt,M-48 SAMS,mobile SAM system,Air-defence systems,1990,25,1991,1.0,1.0,25.0
3538,Egypt,F-16C,FGA aircraft,Aircraft,1990,5,1991,28.5,28.5,142.5
3539,Egypt,F-16C,FGA aircraft,Aircraft,1990,19,1992,28.5,28.5,541.5
3540,Egypt,F-16C,FGA aircraft,Aircraft,1990,17,1993,28.5,28.5,484.5
3541,Egypt,AIM-7M,long-range air-to-air missile,Missiles,1987,132,1991,0.18,0.18,23.76
3542,Egypt,AIM-7M,long-range air-to-air missile,Missiles,1987,150,1992,0.18,0.18,27.0
3543,Egypt,MIM-23B,SAM,Missiles,1989,20,1990,0.17,0.17,3.4
3545,Egypt,TOW,anti-tank missile,Missiles,1988,500,1990,0.01,0.01,5.0
3547,Egypt,TOW,anti-tank missile,Missiles,1988,500,1991,0.01,0.01,5.0
3548,Egypt,TOW,anti-tank missile,Missiles,1988,500,1992,0.01,0.01,5.0
3549,Egypt,TOW,anti-tank missile,Missiles,1988,500,1993,0.01,0.01,5.0
3550,Egypt,TOW,anti-tank missile,Missiles,1988,500,1994,0.01,0.01,5.0
3551,Egypt,TOW,anti-tank missile,Missiles,1988,500,1995,0.01,0.01,5.0
3552,Egypt,AGM-65 Maverick,air-to-surface missile,Missiles,1988,64,1992,0.15,0.15,9.6
3553,Egypt,AGM-65 Maverick,air-to-surface missile,Missiles,1988,80,1991,0.15,0.15,12.0
3554,Egypt,Harpoon Block-1,anti-ship missile,Missiles,1988,29,1990,0.9,0.9,26.1
3555,Egypt,E-2C,airborne early-warning aircraft,Aircraft,1990,1,1993,73.65,73.65,73.65
3556,Egypt,Harpoon Block-1,anti-ship missile,Missiles,1990,3,1996,0.9,0.9,2.7
3557,Egypt,Harpoon Block-1,anti-ship missile,Missiles,1990,3,1995,0.9,0.9,2.7
3558,Egypt,Harpoon Block-1,anti-ship missile,Missiles,1990,5,1993,0.9,0.9,4.5
3559,Egypt,Harpoon Block-1,anti-ship missile,Missiles,1990,2,1992,0.9,0.9,1.8
3560,Egypt,Harpoon Block-1,anti-ship missile,Missiles,1990,16,1997,0.9,0.9,14.4
3561,Egypt,AGM-114 Hellfire,anti-tank missile,Missiles,1990,492,1994,0.04,0.04,19.68
3562,Egypt,F-16C,FGA aircraft,Aircraft,1990,5,1994,28.5,28.5,142.5
3563,Egypt,AGM-65 Maverick,air-to-surface missile,Missiles,1991,40,1994,0.15,0.15,6.0
3564,Egypt,AGM-65 Maverick,air-to-surface missile,Missiles,1991,40,1995,0.15,0.15,6.0
3566,Egypt,Harpoon Block-1,anti-ship missile,Missiles,1991,5,1993,0.9,0.9,4.5
3567,Egypt,Harpoon Block-1,anti-ship missile,Missiles,1991,15,1992,0.9,0.9,13.5
3568,Egypt,TOW,anti-tank missile,Missiles,1992,695,1992,0.01,0.01,6.95
3569,Egypt,Swiftships MCM,MCM ship,Ships,1990,3,1997,16.5,16.5,49.5
3570,Egypt,Beech-1900 SIGINT,signals intelligence aircraft,Aircraft,1989,1,1991,12.5,12.5,12.5
3571,Egypt,Beech-1900 SIGINT,signals intelligence aircraft,Aircraft,1989,1,1992,12.5,12.5,12.5
3572,Egypt,MIM-72C,SAM,Missiles,1990,200,1992,0.11,0.11,22.0
3573,Egypt,MIM-72C,SAM,Missiles,1990,200,1993,0.11,0.11,22.0
3574,Egypt,MIM-72C,SAM,Missiles,1990,32,1994,0.11,0.11,3.52
3575,Egypt,M-113,armoured personnel carrier,Armoured vehicles,1990,3,1992,0.25,0.25,0.75
3576,Egypt,M-113,armoured personnel carrier,Armoured vehicles,1990,3,1993,0.25,0.25,0.75
3577,Egypt,M-113,armoured personnel carrier,Armoured vehicles,1990,1,1994,0.25,0.25,0.25
3578,Egypt,Trackstar,air-search radar,Sensors,1990,3,1992,4.76,4.76,14.28
3579,Egypt,Trackstar,air-search radar,Sensors,1990,3,1993,4.76,4.76,14.28
3580,Egypt,Trackstar,air-search radar,Sensors,1990,1,1994,4.76,4.76,4.76
3581,Egypt,F-4E Phantom-2,FGA aircraft,Aircraft,1993,1,1993,25.0,10.0,10.0
3582,Egypt,M-60A3,tank,Armoured vehicles,1993,252,1994,2.1,0.84,211.68
3583,Egypt,M-60A3,tank,Armoured vehicles,1993,88,1995,2.1,0.84,73.92
3585,Egypt,Harpoon Block-1,anti-ship missile,Missiles,1994,32,1994,0.9,0.9,28.8
3586,Egypt,SH-2G,anti-submarine helicopter,Aircraft,1994,3,1997,15.0,15.0,45.0
3587,Egypt,SH-2G,anti-submarine helicopter,Aircraft,1994,7,1998,15.0,15.0,105.0
3588,Egypt,M-113,armoured personnel carrier,Armoured vehicles,1994,78,1994,0.25,0.1,7.8
3589,Egypt,Swiftships RSV,MCM ship,Ships,1990,2,1993,12.5,12.5,25.0
3590,Egypt,AH-64A Apache,combat helicopter,Aircraft,1995,6,1997,14.0,14.0,84.0
3591,Egypt,AH-64A Apache,combat helicopter,Aircraft,1995,6,1996,14.0,14.0,84.0
3592,Egypt,Perry,frigate,Ships,1996,1,1996,300.0,120.0,120.0
3593,Egypt,SM-1MR,SAM,Missiles,1998,68,1998,0.25,0.25,17.0
3594,Egypt,Perry,frigate,Ships,1998,1,1998,300.0,120.0,120.0
3595,Egypt,Perry,frigate,Ships,1996,1,1997,300.0,120.0,120.0
3596,Egypt,SM-1MR,SAM,Missiles,1996,34,1997,0.25,0.1,3.4
3597,Egypt,SM-1MR,SAM,Missiles,1996,36,1998,0.25,0.1,3.6
3598,Egypt,SM-1MR,SAM,Missiles,1996,32,1999,0.25,0.25,8.0
3599,Egypt,SM-1MR,SAM,Missiles,1996,46,1997,0.25,0.25,11.5
3600,Egypt,AGM-114 Hellfire-2,anti-tank/air-to-surface missile,Missiles,1996,463,1998,0.05,0.05,23.15
3601,Egypt,AGM-114 Hellfire-2,anti-tank/air-to-surface missile,Missiles,1996,464,1999,0.05,0.05,23.2
3602,Egypt,F-16C,FGA aircraft,Aircraft,1988,1,1994,28.5,28.5,28.5
3603,Egypt,TOW,anti-tank missile,Missiles,1996,750,1998,0.01,0.01,7.5
3604,Egypt,TOW,anti-tank missile,Missiles,1996,750,1999,0.01,0.01,7.5
3605,Egypt,TOW,anti-tank missile,Missiles,1996,750,2000,0.01,0.01,7.5
3606,Egypt,TOW,anti-tank missile,Missiles,1996,122,2001,0.01,0.01,1.22
3607,Egypt,AIM-7M,long-range air-to-air missile,Missiles,1996,56,1997,0.18,0.18,10.08
3608,Egypt,AIM-7M,long-range air-to-air missile,Missiles,1996,215,1996,0.18,0.18,38.7
3612,Egypt,MIM-23B,SAM,Missiles,1996,45,1998,0.17,0.07,3.06
3613,Egypt,MIM-23B,SAM,Missiles,1996,45,1999,0.17,0.07,3.06
3614,Egypt,MIM-23B,SAM,Missiles,1996,45,2000,0.17,0.07,3.06
3615,Egypt,MIM-23B,SAM,Missiles,1996,45,2001,0.17,0.07,3.06
3616,Egypt,I-HAWK SAMS,SAM system,Air-defence systems,1996,1,1998,35.0,23.1,23.1
3617,Egypt,I-HAWK SAMS,SAM system,Air-defence systems,1996,2,1999,35.0,23.1,46.2
3618,Egypt,I-HAWK SAMS,SAM system,Air-defence systems,1996,2,2000,35.0,23.1,46.2
3619,Egypt,I-HAWK SAMS,SAM system,Air-defence systems,1996,3,2001,35.0,23.1,69.3
3629,Egypt,Commander-114B,light aircraft,Aircraft,1996,6,1996,0.25,0.25,1.5
3630,Egypt,Harpoon Block-1,anti-ship missile,Missiles,1998,14,2000,0.9,0.9,12.6
3631,Egypt,Harpoon Block-1,anti-ship missile,Missiles,1998,26,2002,0.9,0.9,23.4
3632,Egypt,Harpoon Block-1,anti-ship missile,Missiles,1998,2,2001,0.9,0.9,1.8
3637,Egypt,Mk-46-5,anti-submarine torpedo,Missiles,1993,80,1994,0.35,0.35,28.0
3638,Egypt,Harpoon Block-1,anti-ship missile,Missiles,1997,28,2000,0.9,0.9,25.2
3639,Egypt,Harpoon Block-1,anti-ship missile,Missiles,1997,4,2001,0.9,0.9,3.6
3640,Egypt,AIM-9M,short-range air-to-air missile,Missiles,1996,157,1998,0.12,0.12,18.84
3641,Egypt,AIM-9M,short-range air-to-air missile,Missiles,1996,157,1999,0.12,0.12,18.84
3642,Egypt,TPS-59,air-search radar,Sensors,1994,1,1995,15.0,15.0,15.0
3643,Egypt,Perry,frigate,Ships,1998,1,1999,300.0,120.0,120.0
3644,Egypt,AGM-65 Maverick,air-to-surface missile,Missiles,1993,100,1994,0.15,0.15,15.0
3645,Egypt,AGM-65 Maverick,air-to-surface missile,Missiles,1993,74,1996,0.15,0.15,11.1
3646,Egypt,AGM-65 Maverick,air-to-surface missile,Missiles,1993,100,1995,0.15,0.15,15.0
3647,Egypt,CH-47D Chinook,transport helicopter,Aircraft,1998,4,1999,18.0,18.0,72.0
3648,Egypt,M-106,self-propelled mortar,Artillery,1996,15,1997,0.5,0.2,3.0
3652,Egypt,Mk-46-5,anti-submarine torpedo,Missiles,1996,37,1996,0.35,0.35,12.95
3653,Egypt,Mk-46-5,anti-submarine torpedo,Missiles,1996,38,1997,0.35,0.35,13.3
3654,Egypt,APS-145,airborne early-warning radar,Sensors,1999,1,2008,16.0,16.0,16.0
3655,Egypt,APS-145,airborne early-warning radar,Sensors,1999,1,2006,16.0,16.0,16.0
3656,Egypt,APS-145,airborne early-warning radar,Sensors,1999,1,2007,16.0,16.0,16.0
3657,Egypt,APS-145,airborne early-warning radar,Sensors,1999,2,2005,16.0,16.0,32.0
3658,Egypt,TPQ-36,artillery locating radar,Sensors,2000,3,2002,3.0,3.0,9.0
3659,Egypt,TPQ-36,artillery locating radar,Sensors,2000,3,2003,3.0,3.0,9.0
3661,Egypt,M-60A3,tank,Armoured vehicles,2000,10,2001,2.1,0.84,8.4
3662,Egypt,M-60A3,tank,Armoured vehicles,2000,24,2002,2.1,0.84,20.16
3663,Egypt,Stinger,portable SAM,Missiles,2000,600,2001,0.08,0.08,48.0
3664,Egypt,Ambassador-4 -,corvette,Ships,2006,2,2013,76.5,76.5,153.0
3665,Egypt,Ambassador-4 -,corvette,Ships,2006,1,2015,76.5,76.5,76.5
3666,Egypt,TPS-59,air-search radar,Sensors,1989,9,1991,15.0,15.0,135.0
3667,Egypt,Phalanx,naval gun,Naval weapons,2001,1,2006,7.0,4.62,4.62
3668,Egypt,Phalanx,naval gun,Naval weapons,2001,2,2005,7.0,4.62,9.24
3669,Egypt,Phalanx,naval gun,Naval weapons,2001,1,2004,7.0,4.62,4.62
3670,Egypt,Swift-93,patrol boat,Ships,2016,2,2017,4.5,4.5,9.0
3671,Egypt,Swift-93,patrol boat,Ships,2016,2,2018,4.5,4.5,9.0
3672,Egypt,M-109A1 155mm,self-propelled gun,Artillery,2003,101,2005,1.1,0.44,44.44
3673,Egypt,M-109A1 155mm,self-propelled gun,Artillery,2003,100,2004,1.1,0.44,44.0
3674,Egypt,AIM-9M,short-range air-to-air missile,Missiles,2003,207,2005,0.12,0.12,24.84
3675,Egypt,AIM-9M,short-range air-to-air missile,Missiles,2003,207,2006,0.12,0.12,24.84
3676,Egypt,HMMWV-UA,armoured personnel carrier,Armoured vehicles,2003,100,2004,0.13,0.13,13.0
3677,Egypt,vehicle engine 801-1100,vehicle engine,Engines,1997,30,1997,0.16,0.16,4.8
3678,Egypt,AAQ-13 LANTIRN,combat aircraft radar,Sensors,1994,12,1996,1.0,1.0,12.0
3679,Egypt,AAQ-13 LANTIRN,combat aircraft radar,Sensors,1994,12,1997,1.0,1.0,12.0
3680,Egypt,AAQ-13 LANTIRN,combat aircraft radar,Sensors,2000,15,2001,1.0,1.0,15.0
3681,Egypt,AAQ-14 LANTIRN,aircraft electro-optical system,Sensors,2000,15,2001,1.0,1.0,15.0
3682,Egypt,AAQ-14 LANTIRN,aircraft electro-optical system,Sensors,1994,12,1996,1.0,1.0,12.0
3683,Egypt,AAQ-14 LANTIRN,aircraft electro-optical system,Sensors,1994,12,1997,1.0,1.0,12.0
3686,Egypt,C-130H Hercules,transport aircraft,Aircraft,1989,2,1990,28.0,28.0,56.0
3687,Egypt,Mamba-7 -,armoured personnel carrier,Armoured vehicles,2019,12,2020,0.2,0.2,2.4
3688,Egypt,Mamba-7 -,armoured personnel carrier,Armoured vehicles,2019,5,2021,0.2,0.2,1.0
3689,Egypt,Mamba-7 -,armoured personnel carrier,Armoured vehicles,2019,5,2022,0.2,0.2,1.0
3690,Egypt,SPS-48E LBR,air-search radar,Sensors,2001,3,2005,15.0,15.0,45.0
3691,Egypt,SPS-48E LBR,air-search radar,Sensors,2001,3,2006,15.0,15.0,45.0
3698,Egypt,Scarab,UAV,Aircraft,1985,18,1990,1.5,1.5,27.0
3699,Egypt,Cyclone,patrol boat,Ships,2023,3,2023,21.5,8.6,25.8
3703,Egypt,M-167,anti-aircraft gun,Air-defence systems,1996,66,1997,0.4,0.16,10.56
3704,Egypt,Paveway,guided bomb,Missiles,2004,50,2005,0.02,0.02,1.0
3705,Egypt,TFE-731 (1600),turbofan,Engines,1999,25,2004,0.6,0.6,15.0
3706,Egypt,TFE-731 (1600),turbofan,Engines,1999,6,2005,0.6,0.6,3.6
3707,Egypt,TFE-731 (1600),turbofan,Engines,1999,25,2003,0.6,0.6,15.0
3708,Egypt,TFE-731 (1600),turbofan,Engines,1999,19,2002,0.6,0.6,11.4
3709,Egypt,TFE-731 (1600),turbofan,Engines,1999,5,2001,0.6,0.6,3.0
3710,Egypt,Harpoon Block-2,anti-ship/land-attack missile,Missiles,2003,5,2015,1.0,1.0,5.0
3711,Egypt,Harpoon Block-2,anti-ship/land-attack missile,Missiles,2003,20,2013,1.0,1.0,20.0
3712,El Salvador,MD-500E,light helicopter,Aircraft,2017,4,2022,0.7,0.7,2.8
3713,El Salvador,vehicle engine 301-400,vehicle engine,Engines,2022,11,2023,0.05,0.05,0.55
3714,El Salvador,Cessna-208 Caravan,light transport aircraft,Aircraft,2021,1,2023,1.0,1.0,1.0
3715,El Salvador,Model-300,light helicopter,Aircraft,2024,1,2024,0.2,0.2,0.2
3718,El Salvador,M-198 155mm,towed gun,Artillery,2019,12,2020,0.85,0.34,4.08
3721,El Salvador,Stan-2606,patrol boat,Ships,2017,1,2021,4.25,4.25,4.25
3725,El Salvador,BT-67,transport aircraft,Aircraft,1989,1,1991,4.25,4.25,4.25
3726,El Salvador,BT-67,transport aircraft,Aircraft,1989,1,1992,4.25,4.25,4.25
3728,El Salvador,SR-22,light aircraft,Aircraft,2022,2,2022,0.2,0.2,0.4
3750,El Salvador,A-37B Dragonfly,ground-attack aircraft,Aircraft,1990,3,1991,5.0,2.0,6.0
3752,El Salvador,HMMWV-UA,armoured personnel carrier,Armoured vehicles,2009,11,2013,0.13,0.13,1.43
3753,El Salvador,HMMWV-UA,armoured personnel carrier,Armoured vehicles,2009,18,2009,0.13,0.13,2.34
3754,El Salvador,HMMWV-UA,armoured personnel carrier,Armoured vehicles,2009,11,2012,0.13,0.13,1.43
3755,El Salvador,HMMWV-UA,armoured personnel carrier,Armoured vehicles,2009,11,2014,0.13,0.13,1.43
3756,El Salvador,HMMWV-UA,armoured personnel carrier,Armoured vehicles,2009,12,2010,0.13,0.13,1.56
3757,El Salvador,HMMWV-UA,armoured personnel carrier,Armoured vehicles,2009,12,2011,0.13,0.13,1.56
3761,El Salvador,MD-500E,light helicopter,Aircraft,2011,3,2012,0.7,0.7,2.1
3780,El Salvador,Bell-205A-1,helicopter,Aircraft,1991,6,1991,2.62,1.73,10.38
3784,El Salvador,MD-520,light helicopter,Aircraft,1997,2,1998,0.75,0.75,1.5
3785,El Salvador,Balsam,cargo ship,Ships,2002,1,2002,10.0,4.0,4.0
3788,El Salvador,BT-67,transport aircraft,Aircraft,1994,1,1995,4.25,4.25,4.25
3789,El Salvador,BT-67,transport aircraft,Aircraft,1994,1,1996,4.25,4.25,4.25
3792,El Salvador,Bell-412,helicopter,Aircraft,2001,3,2002,5.0,5.0,15.0
3793,El Salvador,Bell-412,helicopter,Aircraft,2001,2,2003,5.0,5.0,10.0
3794,El Salvador,Model-300,light helicopter,Aircraft,2021,1,2022,0.2,0.2,0.2
3795,El Salvador,UH-1H Huey-2,helicopter,Aircraft,2018,1,2022,3.1,3.1,3.1
3796,El Salvador,Baron,light aircraft,Aircraft,2017,1,2017,0.7,0.7,0.7
3797,Eq. Guinea,ship engine 6001-8000,ship engine,Engines,2012,4,2014,2.5,2.5,10.0
3798,Eq. Guinea,Enstrom-480,light helicopter,Aircraft,2007,2,2007,0.4,0.4,0.8
3799,Eq. Guinea,ship engine 1001-2500,ship engine,Engines,2008,2,2009,0.25,0.25,0.5
3800,Estonia,Balsam,cargo ship,Ships,1997,1,1997,10.0,4.0,4.0
3801,Estonia,FGM-148 Javelin,anti-tank missile,Missiles,2019,128,2020,0.03,0.03,3.84
3802,Estonia,M-ATV,armoured personnel carrier,Armoured vehicles,2019,9,2021,0.25,0.25,2.25
3803,Estonia,M-28 Skytruck,light transport aircraft,Aircraft,2017,2,2019,2.75,1.1,2.2
3804,Estonia,FGM-148 Javelin,anti-tank missile,Missiles,2014,80,2015,0.03,0.03,2.4
3805,Estonia,FGM-148 Javelin,anti-tank missile,Missiles,2014,80,2016,0.03,0.03,2.4
3806,Estonia,FGM-148 Javelin,anti-tank missile,Missiles,2014,80,2017,0.03,0.03,2.4
3807,Estonia,R-44,light helicopter,Aircraft,2001,4,2002,0.25,0.25,1.0
3808,Estonia,TPS-77,air-search radar,Sensors,2001,1,2003,11.0,11.0,11.0
3815,Ethiopia,C-130E Hercules,transport aircraft,Aircraft,2017,1,2018,24.0,9.6,9.6
3816,Ethiopia,C-130E Hercules,transport aircraft,Aircraft,2013,1,2014,24.0,9.6,9.6
3846,Ethiopia,C-130B Hercules,transport aircraft,Aircraft,1995,4,1997,23.0,9.2,36.8
3869,Finland,AIM-120C AMRAAM,long-range air-to-air missile,Missiles,2008,36,2014,0.6,0.6,21.6
3870,Finland,AIM-120C AMRAAM,long-range air-to-air missile,Missiles,2008,9,2013,0.6,0.6,5.4
3871,Finland,AIM-120C AMRAAM,long-range air-to-air missile,Missiles,2008,13,2012,0.6,0.6,7.8
3872,Finland,AIM-120C AMRAAM,long-range air-to-air missile,Missiles,2008,124,2015,0.6,0.6,74.4
3873,Finland,AIM-120C AMRAAM,long-range air-to-air missile,Missiles,2008,2,2016,0.6,0.6,1.2
3874,Finland,AIM-120C AMRAAM,long-range air-to-air missile,Missiles,2008,16,2019,0.6,0.6,9.6
3875,Finland,AIM-120C AMRAAM,long-range air-to-air missile,Missiles,2008,100,2020,0.6,0.6,60.0
3876,Finland,AIM-9X,long-range air-to-air missile,Missiles,2005,50,2008,0.18,0.18,9.0
3877,Finland,AIM-9X,long-range air-to-air missile,Missiles,2005,50,2009,0.18,0.18,9.0
3878,Finland,AIM-9X,long-range air-to-air missile,Missiles,2005,50,2010,0.18,0.18,9.0
3879,Finland,AIM-9M,short-range air-to-air missile,Missiles,1992,50,1996,0.12,0.12,6.0
3880,Finland,AIM-9M,short-range air-to-air missile,Missiles,1992,100,1997,0.12,0.12,12.0
3881,Finland,AIM-9M,short-range air-to-air missile,Missiles,1992,150,1998,0.12,0.12,18.0
3882,Finland,AIM-9M,short-range air-to-air missile,Missiles,1992,150,1999,0.12,0.12,18.0
3883,Finland,AIM-9M,short-range air-to-air missile,Missiles,1992,30,2000,0.12,0.12,3.6
3886,Finland,Dragon Shield,signals intelligence system,Sensors,2010,1,2018,25.0,25.0,25.0
3889,Finland,JDAM,guided bomb,Missiles,2015,18,2016,0.02,0.02,0.36
3890,Finland,JDAM,guided bomb,Missiles,2015,8,2017,0.02,0.02,0.16
3892,Finland,AGM-154 JSOW,guided glide bomb,Missiles,2009,11,2010,0.4,0.4,4.4
3893,Finland,Stinger,portable SAM,Missiles,2014,50,2015,0.08,0.08,4.0
3894,Finland,Stinger,portable SAM,Missiles,2014,25,2014,0.08,0.08,2.0
3895,Finland,Stinger,portable SAM,Missiles,2014,100,2016,0.08,0.08,8.0
3896,Finland,Stinger,portable SAM,Missiles,2014,25,2017,0.08,0.08,2.0
3897,Finland,F-18C,FGA aircraft,Aircraft,1992,4,1995,37.5,37.5,150.0
3898,Finland,F-18C,FGA aircraft,Aircraft,1992,13,1998,37.5,37.5,487.5
3899,Finland,F-18C,FGA aircraft,Aircraft,1992,9,1996,37.5,37.5,337.5
3900,Finland,F-18C,FGA aircraft,Aircraft,1992,10,1997,37.5,37.5,375.0
3901,Finland,F-18C,FGA aircraft,Aircraft,1992,18,1999,37.5,37.5,675.0
3902,Finland,F-18C,FGA aircraft,Aircraft,1992,10,2000,37.5,37.5,375.0
3903,Finland,MPQ-64 Sentinel,air-search radar,Sensors,2009,4,2013,5.0,5.0,20.0
3904,Finland,MPQ-64 Sentinel,air-search radar,Sensors,2009,4,2014,5.0,5.0,20.0
3905,Finland,MPQ-64 Sentinel,air-search radar,Sensors,2009,4,2015,5.0,5.0,20.0
3906,Finland,JDAM,guided bomb,Missiles,2009,96,2011,0.02,0.02,1.92
3907,Finland,GMLRS,guided rocket,Missiles,2017,48,2020,0.08,0.08,3.84
3913,Finland,VT-1,SAM,Missiles,1988,240,1992,0.15,0.15,36.0
3914,Finland,VT-1,SAM,Missiles,1988,240,1993,0.15,0.15,36.0
3915,Finland,AIM-120A AMRAAM,long-range air-to-air missile,Missiles,1992,64,1998,0.4,0.4,25.6
3916,Finland,AIM-120A AMRAAM,long-range air-to-air missile,Missiles,1992,160,1999,0.4,0.4,64.0
3917,Finland,AIM-120A AMRAAM,long-range air-to-air missile,Missiles,1992,209,2000,0.4,0.4,83.6
3918,Finland,AIM-120A AMRAAM,long-range air-to-air missile,Missiles,1992,12,2002,0.4,0.4,4.8
3919,Finland,F-404 (8000),turbofan,Engines,1992,2,1997,2.2,2.2,4.4
3920,Finland,F-404 (8000),turbofan,Engines,1992,2,1998,2.2,2.2,4.4
3921,Finland,F-404 (8000),turbofan,Engines,1992,2,1999,2.2,2.2,4.4
3922,Finland,F-404 (8000),turbofan,Engines,1992,2,2000,2.2,2.2,4.4
3924,Finland,AGM-158A JASSM,air-to-surface missile,Missiles,2012,19,2019,0.64,0.64,12.16
3925,Finland,AGM-158A JASSM,air-to-surface missile,Missiles,2012,19,2020,0.64,0.64,12.16
3926,Finland,AGM-158A JASSM,air-to-surface missile,Missiles,2012,12,2018,0.64,0.64,7.68
3927,Finland,GMLRS,guided rocket,Missiles,2016,48,2017,0.08,0.08,3.84
3928,Finland,GMLRS,guided rocket,Missiles,2016,180,2019,0.08,0.08,14.4
3929,France,AGM-114 Hellfire-2,anti-tank/air-to-surface missile,Missiles,2019,50,2022,0.05,0.05,2.5
3930,France,King Air,light transport aircraft,Aircraft,2016,2,2020,2.85,2.85,5.7
3931,France,Saab-340,transport aircraft,Aircraft,2023,1,2024,7.0,2.8,2.8
3932,France,vehicle engine 301-400,vehicle engine,Engines,2020,60,2022,0.05,0.05,3.0
3933,France,vehicle engine 301-400,vehicle engine,Engines,2020,129,2023,0.05,0.05,6.45
3934,France,vehicle engine 301-400,vehicle engine,Engines,2020,103,2024,0.05,0.05,5.15
3947,France,AGM-114 Hellfire-2,anti-tank/air-to-surface missile,Missiles,2007,20,2011,0.05,0.05,1.0
3948,France,AGM-114 Hellfire-2,anti-tank/air-to-surface missile,Missiles,2007,97,2012,0.05,0.05,4.85
3949,France,AGM-114 Hellfire-2,anti-tank/air-to-surface missile,Missiles,2007,97,2013,0.05,0.05,4.85
3950,France,MQ-9 UAV,UAV,Aircraft,2020,1,2020,6.5,2.6,2.6
3951,France,AGM-114 Hellfire-2,anti-tank/air-to-surface missile,Missiles,2015,200,2016,0.05,0.05,10.0
3964,France,MQ-9 UAV,UAV,Aircraft,2013,2,2013,6.5,6.5,13.0
3965,France,MQ-9 UAV,UAV,Aircraft,2013,1,2015,6.5,6.5,6.5
3966,France,MQ-9 UAV,UAV,Aircraft,2013,2,2016,6.5,6.5,13.0
3967,France,MQ-9 UAV,UAV,Aircraft,2013,1,2017,6.5,6.5,6.5
3976,France,E-3A,airborne early-warning aircraft,Aircraft,1987,3,1991,250.0,250.0,750.0
3977,France,E-3A,airborne early-warning aircraft,Aircraft,1987,1,1992,250.0,250.0,250.0
3978,France,E-2C,airborne early-warning aircraft,Aircraft,1999,1,2004,73.65,73.65,73.65
3981,France,M-270 MLRS,multiple rocket launcher,Artillery,1985,12,1990,1.2,1.2,14.4
3982,France,M-270 MLRS,multiple rocket launcher,Artillery,1985,15,1991,1.2,1.2,18.0
3983,France,M-270 MLRS,multiple rocket launcher,Artillery,1985,15,1992,1.2,1.2,18.0
3984,France,M-270 MLRS,multiple rocket launcher,Artillery,1985,6,1993,1.2,1.2,7.2
3985,France,M-270 MLRS,multiple rocket launcher,Artillery,1985,4,1994,1.2,1.2,4.8
3986,France,M-270 MLRS,multiple rocket launcher,Artillery,1985,2,1995,1.2,1.2,2.4
3987,France,GMLRS,guided rocket,Missiles,2016,138,2017,0.08,0.08,11.04
3988,France,GMLRS,guided rocket,Missiles,2016,138,2018,0.08,0.08,11.04
3989,France,Paveway,guided bomb,Missiles,2008,100,2010,0.02,0.02,2.0
3990,France,Paveway,guided bomb,Missiles,2008,200,2011,0.02,0.02,4.0
3991,France,Paveway,guided bomb,Missiles,2008,200,2012,0.02,0.02,4.0
3992,France,Paveway,guided bomb,Missiles,2008,200,2013,0.02,0.02,4.0
3993,France,Paveway,guided bomb,Missiles,2008,200,2014,0.02,0.02,4.0
3994,France,Paveway,guided bomb,Missiles,2008,100,2015,0.02,0.02,2.0
3999,France,C-130H Hercules,transport aircraft,Aircraft,1990,1,1991,28.0,28.0,28.0
4000,France,C-130H Hercules,transport aircraft,Aircraft,1990,1,1992,28.0,28.0,28.0
4008,France,KC-130J Hercules,tanker/transport aircraft,Aircraft,2016,1,2019,45.0,45.0,45.0
4009,France,KC-130J Hercules,tanker/transport aircraft,Aircraft,2016,1,2020,45.0,45.0,45.0
4016,France,GMLRS,guided rocket,Missiles,2007,200,2010,0.08,0.08,16.0
4017,France,GMLRS,guided rocket,Missiles,2007,200,2011,0.08,0.08,16.0
4018,France,GMLRS,guided rocket,Missiles,2007,200,2012,0.08,0.08,16.0
4019,France,GMLRS,guided rocket,Missiles,2007,252,2013,0.08,0.08,20.16
4020,France,GMLRS,guided rocket,Missiles,2007,168,2014,0.08,0.08,13.44
4079,France,Cougar MRAP,armoured personnel carrier,Armoured vehicles,2008,5,2008,0.35,0.35,1.75
4080,France,FGM-148 Javelin,anti-tank missile,Missiles,2010,260,2010,0.03,0.03,7.8
4081,France,aircraft engine 1001-2000,aircraft engine,Engines,2010,2,2011,0.5,0.5,1.0
4082,France,aircraft engine 1001-2000,aircraft engine,Engines,2010,2,2012,0.5,0.5,1.0
4083,France,aircraft engine 1001-2000,aircraft engine,Engines,2010,12,2013,0.5,0.5,6.0
4085,France,Paveway,guided bomb,Missiles,1997,500,1998,0.02,0.02,10.0
4086,France,Paveway,guided bomb,Missiles,2004,100,2006,0.02,0.02,2.0
4087,France,Paveway,guided bomb,Missiles,2004,100,2005,0.02,0.02,2.0
4088,France,SR-20,light aircraft,Aircraft,2012,21,2012,0.12,0.12,2.52
4089,France,LM-2500 (30001-35000),gas turbine,Engines,2005,1,2012,7.0,7.0,7.0
4090,France,LM-2500 (30001-35000),gas turbine,Engines,2005,1,2015,7.0,7.0,7.0
4091,France,LM-2500 (30001-35000),gas turbine,Engines,2005,1,2016,7.0,7.0,7.0
4092,France,LM-2500 (30001-35000),gas turbine,Engines,2005,1,2017,7.0,7.0,7.0
4093,France,LM-2500 (30001-35000),gas turbine,Engines,2005,1,2018,7.0,7.0,7.0
4094,France,LM-2500 (30001-35000),gas turbine,Engines,2005,1,2019,7.0,7.0,7.0
4095,France,LM-2500 (30001-35000),gas turbine,Engines,2005,1,2021,7.0,7.0,7.0
4096,France,LM-2500 (30001-35000),gas turbine,Engines,2005,1,2022,7.0,7.0,7.0
4106,France,SR-22,light aircraft,Aircraft,2012,3,2017,0.2,0.2,0.6
4107,France,SR-22,light aircraft,Aircraft,2012,2,2016,0.2,0.2,0.4
4108,France,SR-22,light aircraft,Aircraft,2012,1,2015,0.2,0.2,0.2
4109,France,SR-22,light aircraft,Aircraft,2012,2,2013,0.2,0.2,0.4
4110,France,SR-22,light aircraft,Aircraft,2012,5,2012,0.2,0.2,1.0
4111,France,A-4M Skyhawk-2,FGA aircraft,Aircraft,2003,1,2004,10.0,4.0,4.0
4112,France,A-4M Skyhawk-2,FGA aircraft,Aircraft,2003,1,2003,10.0,4.0,4.0
4131,France,aircraft engine 1001-2000,aircraft engine,Engines,1988,10,1991,0.5,0.5,5.0
4132,France,aircraft engine 1001-2000,aircraft engine,Engines,1988,6,1992,0.5,0.5,3.0
4133,France,VT-1,SAM,Missiles,1988,75,1990,0.15,0.15,11.25
4134,France,VT-1,SAM,Missiles,1988,75,1991,0.15,0.15,11.25
4135,France,VT-1,SAM,Missiles,1988,75,1992,0.15,0.15,11.25
4136,France,VT-1,SAM,Missiles,1988,75,1993,0.15,0.15,11.25
4139,France,MQ-9 UCAV,armed UAV,Aircraft,2015,6,2020,7.5,7.5,45.0
4154,France,KC-135,tanker/transport aircraft,Aircraft,1994,2,1997,60.0,39.6,79.2
4155,France,KC-135,tanker/transport aircraft,Aircraft,1994,1,1998,60.0,39.6,39.6
4202,France,LM-2500 (30001-35000),gas turbine,Engines,2000,4,2010,7.0,7.0,28.0
4203,France,E-2C,airborne early-warning aircraft,Aircraft,1995,1,1998,73.65,73.65,73.65
4204,France,E-2C,airborne early-warning aircraft,Aircraft,1995,1,1999,73.65,73.65,73.65
4221,France,aircraft engine 1001-2000,aircraft engine,Engines,1996,6,1998,0.5,0.5,3.0
4222,France,aircraft engine 1001-2000,aircraft engine,Engines,1996,4,1999,0.5,0.5,2.0
4223,France,aircraft engine 1001-2000,aircraft engine,Engines,1996,4,2000,0.5,0.5,2.0
4224,France,aircraft engine 1001-2000,aircraft engine,Engines,2002,6,2003,0.5,0.5,3.0
4225,France,aircraft engine 1001-2000,aircraft engine,Engines,2001,4,2002,0.5,0.5,2.0
4230,France,vehicle engine 601-800,vehicle engine,Engines,1996,50,2003,0.11,0.11,5.5
4231,France,vehicle engine 601-800,vehicle engine,Engines,1996,100,2002,0.11,0.11,11.0
4232,France,vehicle engine 601-800,vehicle engine,Engines,1996,100,2001,0.11,0.11,11.0
4233,France,vehicle engine 601-800,vehicle engine,Engines,1996,100,2000,0.11,0.11,11.0
4234,France,vehicle engine 601-800,vehicle engine,Engines,1996,100,1999,0.11,0.11,11.0
4235,France,vehicle engine 601-800,vehicle engine,Engines,1996,50,1998,0.11,0.11,5.5
4236,France,C-130J Hercules,transport aircraft,Aircraft,2016,1,2017,40.0,40.0,40.0
4237,France,C-130J Hercules,transport aircraft,Aircraft,2016,1,2018,40.0,40.0,40.0
4238,France,Paveway,guided bomb,Missiles,1999,2500,2000,0.02,0.02,50.0
4239,France,Paveway,guided bomb,Missiles,1999,2500,2001,0.02,0.02,50.0
4240,France,Paveway,guided bomb,Missiles,1995,125,1998,0.02,0.02,2.5
4241,France,Paveway,guided bomb,Missiles,1995,125,1997,0.02,0.02,2.5
4242,France,Paveway,guided bomb,Missiles,1995,125,1995,0.02,0.02,2.5
4243,France,Paveway,guided bomb,Missiles,1995,125,1996,0.02,0.02,2.5
4244,France,aircraft engine 4501-6000,aircraft engine,Engines,2016,1,2018,1.5,1.5,1.5
4245,France,aircraft engine 4501-6000,aircraft engine,Engines,2016,1,2019,1.5,1.5,1.5
4246,France,aircraft engine 4501-6000,aircraft engine,Engines,2016,1,2017,1.5,1.5,1.5
4247,France,aircraft engine 4501-6000,aircraft engine,Engines,2016,1,2020,1.5,1.5,1.5
4248,Gabon,vehicle engine 201-300,vehicle engine,Engines,2010,24,2010,0.03,0.03,0.72
4255,Gabon,aircraft engine 1001-2000,aircraft engine,Engines,1989,2,1990,0.5,0.5,1.0
4259,Georgia,FGM-148 Javelin,anti-tank missile,Missiles,2022,82,2022,0.03,0.03,2.46
4260,Georgia,Cougar MRAP,armoured personnel carrier,Armoured vehicles,2014,10,2014,0.35,0.14,1.4
4261,Georgia,Island PC,patrol boat,Ships,2015,2,2017,9.2,3.68,7.36
4262,Georgia,Bell-205A-1,helicopter,Aircraft,1999,6,2001,2.62,1.05,6.29
4263,Georgia,vehicle engine 301-400,vehicle engine,Engines,2008,20,2008,0.05,0.05,1.0
4264,Georgia,vehicle engine 301-400,vehicle engine,Engines,2008,50,2009,0.05,0.05,2.5
4265,Georgia,vehicle engine 301-400,vehicle engine,Engines,2022,46,2024,0.05,0.05,2.3
4266,Georgia,FGM-148 Javelin,anti-tank missile,Missiles,2017,205,2018,0.03,0.03,6.15
4267,Georgia,FGM-148 Javelin,anti-tank missile,Missiles,2017,205,2019,0.03,0.03,6.15
4268,Germany,MIM-104 PAC-3 MSE,ABM missile,Missiles,2019,25,2023,1.5,1.5,37.5
4269,Germany,MIM-104 PAC-3 MSE,ABM missile,Missiles,2019,25,2024,1.5,1.5,37.5
4289,Germany,AQS-13F,anti-submarine sonar,Sensors,1996,4,1999,1.5,1.5,6.0
4290,Germany,AQS-13F,anti-submarine sonar,Sensors,1996,3,2000,1.5,1.5,4.5
4297,Germany,GMLRS,guided rocket,Missiles,2007,200,2012,0.08,0.08,16.0
4298,Germany,GMLRS,guided rocket,Missiles,2007,350,2010,0.08,0.08,28.0
4299,Germany,GMLRS,guided rocket,Missiles,2007,350,2011,0.08,0.08,28.0
4300,Germany,GMLRS,guided rocket,Missiles,2007,450,2013,0.08,0.08,36.0
4301,Germany,GMLRS,guided rocket,Missiles,2007,540,2014,0.08,0.08,43.2
4302,Germany,MK-41 SAMS,naval SAM system,Naval weapons,1996,2,2004,20.0,20.0,40.0
4303,Germany,MK-41 SAMS,naval SAM system,Naval weapons,1996,1,2005,20.0,20.0,20.0
4304,Germany,LM-2500 (30001-35000),gas turbine,Engines,2007,1,2019,7.0,7.0,7.0
4305,Germany,LM-2500 (30001-35000),gas turbine,Engines,2007,1,2020,7.0,7.0,7.0
4306,Germany,LM-2500 (30001-35000),gas turbine,Engines,2007,1,2021,7.0,7.0,7.0
4307,Germany,LM-2500 (30001-35000),gas turbine,Engines,2007,1,2022,7.0,7.0,7.0
4309,Germany,AGM-88 HARM,anti-radar missile,Missiles,1987,250,1991,0.25,0.25,62.5
4311,Germany,AGM-88 HARM,anti-radar missile,Missiles,1987,250,1990,0.25,0.25,62.5
4313,Germany,AGM-88 HARM,anti-radar missile,Missiles,1987,250,1992,0.25,0.25,62.5
4316,Germany,Paveway,guided bomb,Missiles,2000,100,2001,0.02,0.02,2.0
4317,Germany,Paveway,guided bomb,Missiles,2000,150,2002,0.02,0.02,3.0
4318,Germany,Paveway,guided bomb,Missiles,2000,150,2003,0.02,0.02,3.0
4319,Germany,Paveway,guided bomb,Missiles,2000,100,2004,0.02,0.02,2.0
4320,Germany,JDAM,guided bomb,Missiles,2008,150,2014,0.02,0.02,3.0
4321,Germany,JDAM,guided bomb,Missiles,2008,150,2012,0.02,0.02,3.0
4322,Germany,JDAM,guided bomb,Missiles,2008,150,2013,0.02,0.02,3.0
4323,Germany,JDAM,guided bomb,Missiles,2008,150,2015,0.02,0.02,3.0
4324,Germany,JDAM,guided bomb,Missiles,2008,150,2016,0.02,0.02,3.0
4325,Germany,JDAM,guided bomb,Missiles,2008,150,2017,0.02,0.02,3.0
4326,Germany,JDAM,guided bomb,Missiles,2008,100,2018,0.02,0.02,2.0
4327,Germany,Paveway,guided bomb,Missiles,2009,100,2015,0.02,0.02,2.0
4328,Germany,Paveway,guided bomb,Missiles,2009,100,2016,0.02,0.02,2.0
4338,Germany,Patriot-3 SAMS,SAM system,Air-defence systems,2000,4,2008,55.0,55.0,220.0
4339,Germany,Patriot-3 SAMS,SAM system,Air-defence systems,2000,5,2009,55.0,55.0,275.0
4340,Germany,Patriot-3 SAMS,SAM system,Air-defence systems,2000,4,2010,55.0,55.0,220.0
4362,Germany,Patriot SAMS,SAM system,Air-defence systems,1984,4,1990,47.0,47.0,188.0
4363,Germany,Patriot SAMS,SAM system,Air-defence systems,1984,5,1991,47.0,47.0,235.0
4364,Germany,Patriot SAMS,SAM system,Air-defence systems,1984,5,1992,47.0,47.0,235.0
4365,Germany,Patriot SAMS,SAM system,Air-defence systems,1984,5,1993,47.0,47.0,235.0
4366,Germany,TPS-77,air-search radar,Sensors,1992,2,1994,11.0,11.0,22.0
4367,Germany,TPS-77,air-search radar,Sensors,1992,3,1995,11.0,11.0,33.0
4376,Germany,MIM-104 PAC-3,ABM missile,Missiles,2006,32,2008,0.8,0.8,25.6
4377,Germany,MIM-104 PAC-3,ABM missile,Missiles,2006,40,2009,0.8,0.8,32.0
4381,Germany,M-270 MLRS,multiple rocket launcher,Artillery,1985,40,1990,1.2,1.2,48.0
4382,Germany,M-270 MLRS,multiple rocket launcher,Artillery,1985,54,1991,1.2,1.2,64.8
4383,Germany,M-270 MLRS,multiple rocket launcher,Artillery,1985,54,1992,1.2,1.2,64.8
4408,Germany,Stinger,portable SAM,Missiles,1986,300,2001,0.08,0.08,24.0
4409,Germany,Stinger,portable SAM,Missiles,1986,100,2002,0.08,0.08,8.0
4410,Germany,Stinger,portable SAM,Missiles,1986,200,2003,0.08,0.08,16.0
4411,Germany,Stinger,portable SAM,Missiles,1986,100,2004,0.08,0.08,8.0
4412,Germany,Stinger,portable SAM,Missiles,1986,200,1993,0.08,0.08,16.0
4413,Germany,Stinger,portable SAM,Missiles,1986,600,1994,0.08,0.08,48.0
4414,Germany,Stinger,portable SAM,Missiles,1986,600,1995,0.08,0.08,48.0
4415,Germany,Stinger,portable SAM,Missiles,1986,600,1996,0.08,0.08,48.0
4416,Germany,Stinger,portable SAM,Missiles,1986,600,1997,0.08,0.08,48.0
4417,Germany,Stinger,portable SAM,Missiles,1986,600,1998,0.08,0.08,48.0
4418,Germany,Stinger,portable SAM,Missiles,1986,300,1999,0.08,0.08,24.0
4419,Germany,Stinger,portable SAM,Missiles,1986,300,2000,0.08,0.08,24.0
4420,Germany,Patriot SAMS,SAM system,Air-defence systems,1998,12,1998,47.0,18.8,225.6
4421,Germany,AGM-88E AARGM,anti-radar missile,Missiles,2019,25,2024,0.6,0.6,15.0
4422,Germany,AGM-88E AARGM,anti-radar missile,Missiles,2019,25,2022,0.6,0.6,15.0
4423,Germany,AGM-88E AARGM,anti-radar missile,Missiles,2019,25,2023,0.6,0.6,15.0
4428,Germany,Mk-29 SAMS,naval SAM system,Naval weapons,1986,1,1990,5.0,5.0,5.0
4430,Germany,MK-41 SAMS,naval SAM system,Naval weapons,1989,1,1994,20.0,20.0,20.0
4431,Germany,MK-41 SAMS,naval SAM system,Naval weapons,1989,1,1995,20.0,20.0,20.0
4432,Germany,MK-41 SAMS,naval SAM system,Naval weapons,1989,2,1996,20.0,20.0,40.0
4445,Germany,MIM-104 PAC-2,SAM,Missiles,1998,750,1998,1.0,0.4,300.0
4449,Germany,aircraft engine 4501-6000,aircraft engine,Engines,2019,2,2024,1.5,1.5,3.0
4450,Germany,aircraft engine 4501-6000,aircraft engine,Engines,2019,2,2022,1.5,1.5,3.0
4451,Germany,AIM-7M,long-range air-to-air missile,Missiles,1989,25,1995,0.18,0.18,4.5
4452,Germany,AIM-7M,long-range air-to-air missile,Missiles,1989,25,1996,0.18,0.18,4.5
4453,Germany,AIM-7M,long-range air-to-air missile,Missiles,1989,25,1994,0.18,0.18,4.5
4454,Germany,Tornado IDS GR,combat aircraft radar,Sensors,1976,30,1990,2.0,2.0,60.0
4455,Germany,Tornado IDS GR,combat aircraft radar,Sensors,1976,9,1992,2.0,2.0,18.0
4466,Germany,Tornado IDS GR,combat aircraft radar,Sensors,1976,25,1991,2.0,2.0,50.0
4468,Germany,APG-65,combat aircraft radar,Sensors,1983,13,1992,1.75,1.75,22.75
4469,Germany,APG-65,combat aircraft radar,Sensors,1983,25,1993,1.75,1.75,43.75
4470,Germany,APG-65,combat aircraft radar,Sensors,1983,25,1994,1.75,1.75,43.75
4471,Germany,APG-65,combat aircraft radar,Sensors,1983,25,1995,1.75,1.75,43.75
4472,Germany,APG-65,combat aircraft radar,Sensors,1983,25,1996,1.75,1.75,43.75
4474,Germany,LM-2500 (30001-35000),gas turbine,Engines,1997,1,2005,7.0,7.0,7.0
4475,Germany,LM-2500 (30001-35000),gas turbine,Engines,1997,2,2004,7.0,7.0,14.0
4518,Germany,FLR-9,signals intelligence system,Sensors,1998,1,1998,20.0,8.0,8.0
4544,Germany,MIM-104A Patriot,SAM,Missiles,1984,300,1991,0.75,0.75,225.0
4545,Germany,MIM-104A Patriot,SAM,Missiles,1984,300,1993,0.75,0.75,225.0
4546,Germany,MIM-104A Patriot,SAM,Missiles,1984,300,1994,0.75,0.75,225.0
4548,Germany,MIM-104A Patriot,SAM,Missiles,1984,300,1992,0.75,0.75,225.0
4549,Germany,MIM-104A Patriot,SAM,Missiles,1984,300,1990,0.75,0.75,225.0
4618,Germany,TPS-77,air-search radar,Sensors,1988,1,1991,11.0,11.0,11.0
4619,Germany,TPS-77,air-search radar,Sensors,1988,2,1992,11.0,11.0,22.0
4622,Germany,AGM-65 Maverick,air-to-surface missile,Missiles,1988,100,1990,0.15,0.15,15.0
4625,Germany,AGM-65 Maverick,air-to-surface missile,Missiles,1988,400,1990,0.15,0.15,60.0
4626,Germany,AIM-120A AMRAAM,long-range air-to-air missile,Missiles,1991,48,1995,0.4,0.4,19.2
4627,Germany,AIM-120A AMRAAM,long-range air-to-air missile,Missiles,1991,48,1998,0.4,0.4,19.2
4635,Germany,TPS-77,air-search radar,Sensors,1993,1,1993,11.0,4.4,4.4
4636,Germany,TOW,anti-tank missile,Missiles,1993,615,1994,0.01,0.01,6.15
4637,Germany,TOW,anti-tank missile,Missiles,1993,615,1995,0.01,0.01,6.15
4638,Germany,AIM-120B AMRAAM,long-range air-to-air missile,Missiles,1995,105,1999,0.4,0.4,42.0
4639,Germany,AIM-120B AMRAAM,long-range air-to-air missile,Missiles,1995,110,2000,0.4,0.4,44.0
4640,Germany,AIM-120B AMRAAM,long-range air-to-air missile,Missiles,1995,105,2001,0.4,0.4,42.0
4653,Germany,AGM-88 HARM,anti-radar missile,Missiles,1995,10,1999,0.25,0.25,2.5
4654,Germany,AGM-88 HARM,anti-radar missile,Missiles,1995,68,1998,0.25,0.25,17.0
4663,Germany,AGM-88 HARM,anti-radar missile,Missiles,2000,125,2001,0.25,0.25,31.25
4664,Germany,AGM-88 HARM,anti-radar missile,Missiles,2000,125,2002,0.25,0.25,31.25
4665,Germany,SM-2MR,SAM,Missiles,2001,8,2003,0.3,0.3,2.4
4666,Germany,SM-2MR,SAM,Missiles,2001,50,2005,0.3,0.3,15.0
4667,Germany,SM-2MR,SAM,Missiles,2001,50,2004,0.3,0.3,15.0
4670,Germany,Learjet-31,light transport aircraft,Aircraft,1996,3,1997,4.0,4.0,12.0
4683,Germany,GMLRS,guided rocket,Missiles,2019,1100,2022,0.08,0.08,88.0
4684,Germany,GMLRS,guided rocket,Missiles,2019,1030,2023,0.08,0.08,82.4
4685,Germany,GMLRS,guided rocket,Missiles,2019,600,2020,0.08,0.08,48.0
4686,Germany,GMLRS,guided rocket,Missiles,2019,600,2021,0.08,0.08,48.0
4687,Germany,LM-2500 (30001-35000),gas turbine,Engines,1992,4,1996,7.0,7.0,28.0
4688,Germany,LM-2500 (30001-35000),gas turbine,Engines,1992,2,1995,7.0,7.0,14.0
4689,Germany,LM-2500 (30001-35000),gas turbine,Engines,1992,2,1994,7.0,7.0,14.0
4692,Germany,ESSM,SAM,Missiles,2002,16,2010,0.4,0.4,6.4
4693,Germany,ESSM,SAM,Missiles,2002,22,2008,0.4,0.4,8.8
4694,Germany,ESSM,SAM,Missiles,2002,22,2007,0.4,0.4,8.8
4695,Germany,ESSM,SAM,Missiles,2002,8,2009,0.4,0.4,3.2
4696,Germany,ESSM,SAM,Missiles,2002,22,2004,0.4,0.4,8.8
4697,Germany,ESSM,SAM,Missiles,2002,22,2005,0.4,0.4,8.8
4698,Germany,ESSM,SAM,Missiles,2002,22,2006,0.4,0.4,8.8
4699,Germany,ESSM,SAM,Missiles,2002,9,2013,0.4,0.4,3.6
4700,Germany,ESSM,SAM,Missiles,2002,16,2012,0.4,0.4,6.4
4701,Germany,ESSM,SAM,Missiles,2002,16,2011,0.4,0.4,6.4
4702,Germany,JDAM,guided bomb,Missiles,2020,458,2021,0.02,0.02,9.16
4703,Germany,JDAM,guided bomb,Missiles,2020,458,2022,0.02,0.02,9.16
4704,Germany,JDAM,guided bomb,Missiles,2020,458,2023,0.02,0.02,9.16
4705,Germany,JDAM,guided bomb,Missiles,2020,458,2024,0.02,0.02,9.16
4706,Germany,HELRAS,anti-submarine sonar,Sensors,2003,5,2020,2.0,2.0,10.0
4707,Germany,HELRAS,anti-submarine sonar,Sensors,2003,5,2021,2.0,2.0,10.0
4708,Germany,HELRAS,anti-submarine sonar,Sensors,2003,5,2022,2.0,2.0,10.0
4709,Germany,HELRAS,anti-submarine sonar,Sensors,2003,3,2023,2.0,2.0,6.0
4710,Germany,C-130J Hercules,transport aircraft,Aircraft,2019,1,2021,40.0,40.0,40.0
4711,Germany,C-130J Hercules,transport aircraft,Aircraft,2019,2,2022,40.0,40.0,80.0
4716,Germany,vehicle engine 201-300,vehicle engine,Engines,2002,33,2010,0.03,0.03,0.99
4717,Germany,vehicle engine 201-300,vehicle engine,Engines,2002,34,2009,0.03,0.03,1.02
4718,Germany,vehicle engine 201-300,vehicle engine,Engines,2002,33,2008,0.03,0.03,0.99
4719,Germany,vehicle engine 201-300,vehicle engine,Engines,2002,15,2005,0.03,0.03,0.45
4720,Germany,vehicle engine 201-300,vehicle engine,Engines,2002,10,2004,0.03,0.03,0.3
4721,Germany,vehicle engine 201-300,vehicle engine,Engines,2002,5,2003,0.03,0.03,0.15
4722,Germany,vehicle engine 201-300,vehicle engine,Engines,2002,7,2011,0.03,0.03,0.21
4723,Germany,KC-130J Hercules,tanker/transport aircraft,Aircraft,2019,3,2024,45.0,45.0,135.0
4727,Germany,LM-2500 (30001-35000),gas turbine,Engines,1978,2,1990,7.0,7.0,14.0
4729,Ghana,vehicle engine 301-400,vehicle engine,Engines,2011,50,2014,0.05,0.05,2.5
4730,Ghana,SP-2600,patrol boat,Ships,2023,2,2023,4.2,1.68,3.36
4731,Ghana,Balsam,cargo ship,Ships,2000,2,2001,10.0,4.0,8.0
4738,Ghana,TFE-731 (1600),turbofan,Engines,2006,4,2007,0.6,0.6,2.4
4739,Greece,M-113,armoured personnel carrier,Armoured vehicles,2013,332,2014,0.25,0.1,33.2
4740,Greece,M-113,armoured personnel carrier,Armoured vehicles,2013,38,2015,0.25,0.1,3.8
4741,Greece,M-106,self-propelled mortar,Artillery,2000,65,2000,0.5,0.2,13.0
4742,Greece,M-106,self-propelled mortar,Artillery,2000,20,2001,0.5,0.2,4.0
4743,Greece,M-106,self-propelled mortar,Artillery,2000,28,2002,0.5,0.2,5.6
4744,Greece,M-901,tank destroyer,Armoured vehicles,1995,80,1995,0.9,0.36,28.8
4745,Greece,M-113,armoured personnel carrier,Armoured vehicles,1991,150,1992,0.25,0.1,15.0
4746,Greece,M-901,tank destroyer,Armoured vehicles,2013,36,2015,0.9,0.36,12.96
4747,Greece,M-901,tank destroyer,Armoured vehicles,2013,70,2014,0.9,0.36,25.2
4750,Greece,J-79 (5400),turbojet,Engines,2022,15,2023,1.7,0.68,10.2
4751,Greece,MH-60R -,anti-submarine helicopter,Aircraft,2020,3,2022,16.5,16.5,49.5
4752,Greece,Island PC,patrol boat,Ships,2022,4,2023,9.2,3.68,14.72
4756,Greece,AIM-9L,short-range air-to-air missile,Missiles,1992,50,1993,0.11,0.11,5.5
4762,Greece,M-106,self-propelled mortar,Artillery,2013,1,2014,0.5,0.2,0.2
4763,Greece,M-88 AV,armoured recovery vehicle,Armoured vehicles,1989,13,1990,1.5,1.5,19.5
4764,Greece,M-88 AV,armoured recovery vehicle,Armoured vehicles,1989,13,1991,1.5,1.5,19.5
4765,Greece,CH-47D Chinook,transport helicopter,Aircraft,1999,7,2001,18.0,18.0,126.0
4766,Greece,AAQ-13 LANTIRN,combat aircraft radar,Sensors,1995,8,1997,1.0,1.0,8.0
4767,Greece,AAQ-13 LANTIRN,combat aircraft radar,Sensors,1995,8,1998,1.0,1.0,8.0
4768,Greece,AAQ-13 LANTIRN,combat aircraft radar,Sensors,1995,8,1999,1.0,1.0,8.0
4770,Greece,Stinger,portable SAM,Missiles,1986,50,2002,0.08,0.08,4.0
4771,Greece,Stinger,portable SAM,Missiles,1986,50,2003,0.08,0.08,4.0
4772,Greece,Stinger,portable SAM,Missiles,1986,50,2004,0.08,0.08,4.0
4773,Greece,Stinger,portable SAM,Missiles,1986,30,1993,0.08,0.08,2.4
4774,Greece,Stinger,portable SAM,Missiles,1986,150,1994,0.08,0.08,12.0
4775,Greece,Stinger,portable SAM,Missiles,1986,150,1995,0.08,0.08,12.0
4776,Greece,Stinger,portable SAM,Missiles,1986,150,1996,0.08,0.08,12.0
4777,Greece,Stinger,portable SAM,Missiles,1986,150,1997,0.08,0.08,12.0
4778,Greece,Stinger,portable SAM,Missiles,1986,120,1998,0.08,0.08,9.6
4779,Greece,Stinger,portable SAM,Missiles,1986,100,1999,0.08,0.08,8.0
4780,Greece,Stinger,portable SAM,Missiles,1986,50,2000,0.08,0.08,4.0
4781,Greece,Stinger,portable SAM,Missiles,1986,50,2001,0.08,0.08,4.0
4782,Greece,Paveway,guided bomb,Missiles,2010,25,2011,0.02,0.02,0.5
4783,Greece,Paveway,guided bomb,Missiles,2010,25,2012,0.02,0.02,0.5
4784,Greece,Stinger,portable SAM,Missiles,2000,216,2005,0.08,0.08,17.28
4785,Greece,Stinger,portable SAM,Missiles,2000,216,2006,0.08,0.08,17.28
4788,Greece,M-270 MLRS,multiple rocket launcher,Artillery,1998,18,2000,1.2,1.2,21.6
4789,Greece,M-270 MLRS,multiple rocket launcher,Artillery,1994,9,1995,1.2,1.2,10.8
4791,Greece,A-7E Corsair,FGA aircraft,Aircraft,1990,28,1990,14.0,5.6,156.8
4792,Greece,A-7E Corsair,FGA aircraft,Aircraft,1994,15,1994,14.0,5.6,84.0
4793,Greece,A-7E Corsair,FGA aircraft,Aircraft,1994,8,1995,14.0,5.6,44.8
4794,Greece,A-7E Corsair,FGA aircraft,Aircraft,1994,1,1996,14.0,5.6,5.6
4795,Greece,A-7E Corsair,FGA aircraft,Aircraft,1998,2,2000,14.0,5.6,11.2
4796,Greece,A-7E Corsair,FGA aircraft,Aircraft,1998,4,2001,14.0,5.6,22.4
4797,Greece,aircraft engine 4501-6000,aircraft engine,Engines,2015,3,2018,1.5,1.5,4.5
4798,Greece,CH-47D Chinook,transport helicopter,Aircraft,2015,3,2016,18.0,7.2,21.6
4799,Greece,CH-47D Chinook,transport helicopter,Aircraft,2015,3,2017,18.0,7.2,21.6
4800,Greece,CH-47D Chinook,transport helicopter,Aircraft,2015,3,2018,18.0,7.2,21.6
4801,Greece,CH-47D Chinook,transport helicopter,Aircraft,2015,1,2019,18.0,7.2,7.2
4802,Greece,Patriot SAMS,SAM system,Air-defence systems,1999,2,2004,47.0,47.0,94.0
4803,Greece,Patriot SAMS,SAM system,Air-defence systems,1999,1,2002,47.0,47.0,47.0
4804,Greece,Patriot SAMS,SAM system,Air-defence systems,1999,3,2003,47.0,47.0,141.0
4805,Greece,SM-1MR,SAM,Missiles,1991,90,1992,0.25,0.1,9.0
4806,Greece,SM-1MR,SAM,Missiles,1991,24,1993,0.25,0.1,2.4
4809,Greece,ESSM,SAM,Missiles,2005,12,2008,0.4,0.4,4.8
4810,Greece,ESSM,SAM,Missiles,2005,17,2009,0.4,0.4,6.8
4811,Greece,ESSM,SAM,Missiles,2005,16,2010,0.4,0.4,6.4
4812,Greece,ESSM,SAM,Missiles,2005,12,2011,0.4,0.4,4.8
4813,Greece,ESSM,SAM,Missiles,2005,18,2018,0.4,0.4,7.2
4814,Greece,A-7E Corsair,FGA aircraft,Aircraft,1991,26,1992,14.0,5.6,145.6
4815,Greece,Adams,destroyer,Ships,1990,4,1992,275.0,110.0,440.0
4816,Greece,P-3B,anti-submarine aircraft,Aircraft,1994,3,1997,30.0,19.8,59.4
4817,Greece,P-3B,anti-submarine aircraft,Aircraft,1994,1,1996,30.0,19.8,19.8
4818,Greece,Knox,frigate,Ships,1992,3,1992,275.0,110.0,330.0
4824,Greece,Patriot SAMS,SAM system,Air-defence systems,1998,3,1999,47.0,18.8,56.4
4838,Greece,AGM-114 Hellfire-2,anti-tank/air-to-surface missile,Missiles,2007,200,2009,0.05,0.05,10.0
4839,Greece,AGM-114 Hellfire-2,anti-tank/air-to-surface missile,Missiles,2007,257,2010,0.05,0.05,12.85
4840,Greece,AGM-114 Hellfire-2,anti-tank/air-to-surface missile,Missiles,2007,200,2011,0.05,0.05,10.0
4841,Greece,M-270 MLRS,multiple rocket launcher,Artillery,1996,9,1997,1.2,1.2,10.8
4847,Greece,HELRAS,anti-submarine sonar,Sensors,1998,2,2009,2.0,2.0,4.0
4848,Greece,HELRAS,anti-submarine sonar,Sensors,1998,2,2010,2.0,2.0,4.0
4849,Greece,HELRAS,anti-submarine sonar,Sensors,1998,2,2011,2.0,2.0,4.0
4850,Greece,HELRAS,anti-submarine sonar,Sensors,1998,2,2012,2.0,2.0,4.0
4851,Greece,SH-60B Seahawk,anti-submarine helicopter,Aircraft,2000,1,2003,17.0,17.0,17.0
4852,Greece,SH-60B Seahawk,anti-submarine helicopter,Aircraft,2000,2,2004,17.0,17.0,34.0
4853,Greece,J-85 (1250),turbojet,Engines,2016,15,2017,0.6,0.24,3.6
4854,Greece,AGM-154 JSOW,guided glide bomb,Missiles,2007,40,2009,0.4,0.4,16.0
4855,Greece,Mk-48 SAMS,naval SAM system,Naval weapons,1988,1,1992,5.0,5.0,5.0
4856,Greece,Mk-48 SAMS,naval SAM system,Naval weapons,1988,1,1996,5.0,5.0,5.0
4857,Greece,Mk-48 SAMS,naval SAM system,Naval weapons,1988,2,1998,5.0,5.0,10.0
4860,Greece,AIM-120C AMRAAM,long-range air-to-air missile,Missiles,2010,4,2014,0.6,0.6,2.4
4861,Greece,AIM-120C AMRAAM,long-range air-to-air missile,Missiles,2010,126,2015,0.6,0.6,75.6
4894,Greece,OH-58D,combat helicopter,Aircraft,2017,60,2019,3.0,1.2,72.0
4897,Greece,AAQ-13 LANTIRN,combat aircraft radar,Sensors,2016,20,2019,1.0,0.4,8.0
4898,Greece,MIM-104 PAC-2,SAM,Missiles,1998,75,1999,1.0,1.0,75.0
4899,Greece,MIM-104 PAC-2,SAM,Missiles,1998,125,2000,1.0,1.0,125.0
4903,Greece,JDAM,guided bomb,Missiles,2016,50,2020,0.02,0.02,1.0
4910,Greece,M-60A3,tank,Armoured vehicles,1990,133,1992,2.1,0.84,111.72
4911,Greece,M-60A3,tank,Armoured vehicles,1990,179,1993,2.1,0.84,150.36
4937,Greece,F-16C Block-50,FGA aircraft,Aircraft,2005,26,2009,31.0,31.0,806.0
4938,Greece,F-16C Block-50,FGA aircraft,Aircraft,2005,4,2010,31.0,31.0,124.0
4939,Greece,M-48A5,tank,Armoured vehicles,1986,100,1990,1.75,0.7,70.0
4942,Greece,M-113,armoured personnel carrier,Armoured vehicles,1998,6,1998,0.25,0.1,0.6
4943,Greece,M-113,armoured personnel carrier,Armoured vehicles,1998,32,2000,0.25,0.1,3.2
4944,Greece,M-60A1,tank,Armoured vehicles,1990,214,1992,1.8,0.72,154.08
4945,Greece,M-60A1,tank,Armoured vehicles,1990,145,1993,1.8,0.72,104.4
4946,Greece,A-7E Corsair,FGA aircraft,Aircraft,1991,4,1991,14.0,5.6,22.4
4953,Greece,M-901,tank destroyer,Armoured vehicles,1994,80,1994,0.9,0.36,28.8
4959,Greece,SM-1MR,SAM,Missiles,1999,208,2002,0.25,0.1,20.8
4960,Greece,M-578,armoured recovery vehicle,Armoured vehicles,1995,25,1995,0.36,0.14,3.6
4961,Greece,T-2D Buckeye,(armed) trainer aircraft,Aircraft,1998,5,2001,2.5,1.0,5.0
4962,Greece,T-2D Buckeye,(armed) trainer aircraft,Aircraft,1998,5,2002,2.5,1.0,5.0
4963,Greece,M-578,armoured recovery vehicle,Armoured vehicles,1993,20,1994,0.36,0.14,2.88
4964,Greece,M-578,armoured recovery vehicle,Armoured vehicles,1993,36,1993,0.36,0.14,5.18
4965,Greece,M-901,tank destroyer,Armoured vehicles,1993,40,1994,0.9,0.36,14.4
4966,Greece,AIM-7M,long-range air-to-air missile,Missiles,2000,100,2002,0.18,0.18,18.0
4967,Greece,Osprey MCM,minehunter,Ships,2005,2,2007,54.26,21.7,43.41
4968,Greece,M-113,armoured personnel carrier,Armoured vehicles,2003,128,2005,0.25,0.1,12.8
4969,Greece,M-113,armoured personnel carrier,Armoured vehicles,2003,12,2004,0.25,0.1,1.2
4970,Greece,DB-110,aircraft reconnaissance system,Sensors,2007,2,2009,4.0,4.0,8.0
4972,Greece,AIM-120C AMRAAM,long-range air-to-air missile,Missiles,2008,130,2009,0.6,0.6,78.0
4973,Greece,MaxxPro,armoured personnel carrier,Armoured vehicles,2010,11,2010,0.32,0.32,3.52
4974,Greece,aircraft engine 2001-3000,aircraft engine,Engines,1992,3,1995,0.75,0.75,2.25
4978,Greece,aircraft engine 4501-6000,aircraft engine,Engines,2003,2,2006,1.5,1.5,3.0
4979,Greece,aircraft engine 4501-6000,aircraft engine,Engines,2003,4,2005,1.5,1.5,6.0
4980,Greece,aircraft engine 4501-6000,aircraft engine,Engines,2003,2,2004,1.5,1.5,3.0
4981,Greece,aircraft engine 4501-6000,aircraft engine,Engines,2003,8,2007,1.5,1.5,12.0
4982,Greece,JDAM,guided bomb,Missiles,2011,100,2012,0.02,0.02,2.0
5030,Greece,APG-78 Longbow,combat helicopter radar,Sensors,2003,4,2007,3.0,3.0,12.0
5034,Greece,F-16C,FGA aircraft,Aircraft,1985,16,1990,28.5,28.5,456.0
5086,Greece,Phalanx,naval gun,Naval weapons,1988,4,1998,7.0,7.0,28.0
5087,Greece,Phalanx,naval gun,Naval weapons,1988,2,1996,7.0,7.0,14.0
5088,Greece,Phalanx,naval gun,Naval weapons,1988,2,1992,7.0,7.0,14.0
5089,Greece,AIM-7F Sparrow,long-range air-to-air missile,Missiles,1987,20,1990,0.16,0.16,3.2
5092,Greece,Stinger,portable SAM,Missiles,1988,250,1990,0.08,0.08,20.0
5094,Greece,Stinger,portable SAM,Missiles,1988,250,1991,0.08,0.08,20.0
5095,Greece,Stinger,portable SAM,Missiles,1988,250,1992,0.08,0.08,20.0
5096,Greece,Stinger,portable SAM,Missiles,1988,250,1993,0.08,0.08,20.0
5097,Greece,Stinger,portable SAM,Missiles,1988,250,1994,0.08,0.08,20.0
5098,Greece,Harpoon Block-1,anti-ship missile,Missiles,1989,16,1992,0.9,0.9,14.4
5099,Greece,AIM-7M,long-range air-to-air missile,Missiles,1988,50,1998,0.18,0.18,9.0
5100,Greece,AIM-7M,long-range air-to-air missile,Missiles,1988,25,1996,0.18,0.18,4.5
5101,Greece,AIM-7M,long-range air-to-air missile,Missiles,1988,25,1992,0.18,0.18,4.5
5102,Greece,Harpoon Block-1,anti-ship missile,Missiles,1991,24,1992,0.9,0.9,21.6
5103,Greece,SH-60B Seahawk,anti-submarine helicopter,Aircraft,1991,1,1994,17.0,17.0,17.0
5104,Greece,SH-60B Seahawk,anti-submarine helicopter,Aircraft,1991,4,1995,17.0,17.0,68.0
5105,Greece,F-4E Phantom-2,FGA aircraft,Aircraft,1990,28,1991,25.0,10.0,280.0
5106,Greece,AH-64A Apache,combat helicopter,Aircraft,1992,20,1995,14.0,14.0,280.0
5107,Greece,AGM-114 Hellfire,anti-tank missile,Missiles,1992,446,1995,0.04,0.04,17.84
5108,Greece,M-110A2 203mm,self-propelled gun,Artillery,1991,72,1992,1.1,0.44,31.68
5109,Greece,M-30 107mm,mortar,Artillery,1991,100,1994,0.25,0.1,10.0
5110,Greece,Asheville PC,patrol boat,Ships,1990,2,1990,25.31,16.7,33.41
5112,Greece,Harpoon Block-1,anti-ship missile,Missiles,1993,16,1995,0.9,0.9,14.4
5113,Greece,Harpoon Block-1,anti-ship missile,Missiles,1993,16,1996,0.9,0.9,14.4
5114,Greece,C-130B Hercules,transport aircraft,Aircraft,1991,5,1992,23.0,9.2,46.0
5116,Greece,P-3B,anti-submarine aircraft,Aircraft,1994,2,1995,30.0,12.0,24.0
5118,Greece,AIM-7M,long-range air-to-air missile,Missiles,1992,35,1993,0.18,0.18,6.3
5119,Greece,AIM-7M,long-range air-to-air missile,Missiles,1992,40,1994,0.18,0.18,7.2
5120,Greece,AIM-7M,long-range air-to-air missile,Missiles,1992,35,1995,0.18,0.18,6.3
5121,Greece,Bell-205A-1,helicopter,Aircraft,1992,6,1992,2.62,1.05,6.29
5122,Greece,Bell-205A-1,helicopter,Aircraft,1992,24,1993,2.62,1.05,25.15
5124,Greece,SM-1ER,SAM,Missiles,1991,64,1993,0.4,0.4,25.6
5125,Greece,Harpoon Block-1,anti-ship missile,Missiles,1989,8,1995,0.9,0.9,7.2
5126,Greece,Harpoon Block-1,anti-ship missile,Missiles,1989,8,1997,0.9,0.9,7.2
5127,Greece,Harpoon Block-1,anti-ship missile,Missiles,1989,7,1999,0.9,0.9,6.3
5128,Greece,Harpoon Block-1,anti-ship missile,Missiles,1989,7,1993,0.9,0.9,6.3
5130,Greece,AGM-88 HARM,anti-radar missile,Missiles,1994,52,1998,0.25,0.25,13.0
5131,Greece,Phalanx,naval gun,Naval weapons,1993,1,1993,7.0,7.0,7.0
5132,Greece,Phalanx,naval gun,Naval weapons,1993,1,1994,7.0,7.0,7.0
5133,Greece,Phalanx,naval gun,Naval weapons,1993,1,1995,7.0,7.0,7.0
5137,Greece,AIM-7M,long-range air-to-air missile,Missiles,1997,40,1997,0.18,0.18,7.2
5138,Greece,Phalanx,naval gun,Naval weapons,1997,1,1997,7.0,7.0,7.0
5141,Greece,AIM-120A AMRAAM,long-range air-to-air missile,Missiles,1995,50,1998,0.4,0.4,20.0
5142,Greece,AIM-120A AMRAAM,long-range air-to-air missile,Missiles,1995,50,1999,0.4,0.4,20.0
5143,Greece,Mk-45 127mm,naval gun,Naval weapons,1989,2,1998,5.25,5.25,10.5
5144,Greece,Mk-45 127mm,naval gun,Naval weapons,1989,1,1996,5.25,5.25,5.25
5145,Greece,Mk-45 127mm,naval gun,Naval weapons,1989,1,1992,5.25,5.25,5.25
5147,Greece,M-113,armoured personnel carrier,Armoured vehicles,1993,11,1995,0.25,0.1,1.1
5148,Greece,ATACMS-1,surface-to-surface missile,Missiles,1997,30,1998,1.4,1.4,42.0
5149,Greece,ATACMS-1,surface-to-surface missile,Missiles,1997,10,1999,1.4,1.4,14.0
5150,Greece,AGM-88 HARM,anti-radar missile,Missiles,1996,84,1998,0.25,0.25,21.0
5151,Greece,AIM-120B AMRAAM,long-range air-to-air missile,Missiles,1996,50,2000,0.4,0.4,20.0
5160,Greece,M-109A1 155mm,self-propelled gun,Artillery,1989,6,1990,1.1,1.1,6.6
5161,Greece,M-109A1 155mm,self-propelled gun,Artillery,1989,6,1991,1.1,1.1,6.6
5204,Greece,M-109A5 155mm,self-propelled gun,Artillery,1997,12,1999,1.25,1.25,15.0
5206,Greece,SH-60B Seahawk,anti-submarine helicopter,Aircraft,1997,2,1998,17.0,17.0,34.0
5207,Greece,SH-60B Seahawk,anti-submarine helicopter,Aircraft,1996,1,1997,17.0,17.0,17.0
5211,Greece,AGM-114 Hellfire-2,anti-tank/air-to-surface missile,Missiles,1998,100,2000,0.05,0.05,5.0
5212,Greece,AGM-114 Hellfire-2,anti-tank/air-to-surface missile,Missiles,1998,148,2001,0.05,0.05,7.4
5213,Greece,ATACMS-1,surface-to-surface missile,Missiles,1998,25,2000,1.4,1.4,35.0
5214,Greece,ATACMS-1,surface-to-surface missile,Missiles,1998,5,2001,1.4,1.4,7.0
5215,Greece,King Air,light transport aircraft,Aircraft,2000,2,2002,2.85,2.85,5.7
5216,Greece,AH-64D Apache Longbow,combat helicopter,Aircraft,2003,12,2007,15.5,15.5,186.0
5219,Greece,TPQ-37 Firefinder,artillery locating radar,Sensors,1996,2,1999,8.0,8.0,16.0
5220,Greece,TOW,anti-tank missile,Missiles,1996,414,1997,0.01,0.01,4.14
5221,Greece,TOW,anti-tank missile,Missiles,1996,500,1998,0.01,0.01,5.0
5222,Greece,T-6 Texan-2 -,(armed) trainer aircraft,Aircraft,1999,3,2000,2.0,2.0,6.0
5223,Greece,T-6 Texan-2 -,(armed) trainer aircraft,Aircraft,1999,12,2001,2.0,2.0,24.0
5224,Greece,T-6 Texan-2 -,(armed) trainer aircraft,Aircraft,1999,15,2002,2.0,2.0,30.0
5225,Greece,T-6 Texan-2 -,(armed) trainer aircraft,Aircraft,1999,15,2003,2.0,2.0,30.0
5226,Greece,VT-1,SAM,Missiles,1998,130,1999,0.15,0.15,19.5
5227,Greece,VT-1,SAM,Missiles,1998,130,2001,0.15,0.15,19.5
5228,Greece,VT-1,SAM,Missiles,1998,140,2000,0.15,0.15,21.0
5229,Greece,F-16C Block-50,FGA aircraft,Aircraft,2000,40,2003,31.0,31.0,1240.0
5230,Greece,F-16C Block-50,FGA aircraft,Aircraft,2000,10,2004,31.0,31.0,310.0
5231,Greece,ATACMS-1,surface-to-surface missile,Missiles,1999,20,2001,1.4,1.4,28.0
5232,Greece,ATACMS-1,surface-to-surface missile,Missiles,1999,31,2002,1.4,1.4,43.4
5233,Greece,APG-65,combat aircraft radar,Sensors,1997,5,2003,1.75,1.75,8.75
5234,Greece,APG-65,combat aircraft radar,Sensors,1997,15,2004,1.75,1.75,26.25
5235,Greece,APG-65,combat aircraft radar,Sensors,1997,15,2005,1.75,1.75,26.25
5236,Greece,C-130H Hercules,transport aircraft,Aircraft,2002,2,2003,28.0,11.2,22.4
5237,Greece,F-16C Block-50,FGA aircraft,Aircraft,2001,10,2004,31.0,31.0,310.0
5238,Greece,Phalanx,naval gun,Naval weapons,2002,2,2004,7.0,2.8,5.6
5239,Greece,Stinger,portable SAM,Missiles,2001,167,2003,0.08,0.08,13.36
5240,Greece,Stinger,portable SAM,Missiles,2001,168,2004,0.08,0.08,13.44
5241,Greece,AIM-120C AMRAAM,long-range air-to-air missile,Missiles,2004,53,2005,0.6,0.6,31.8
5245,Greece,TPQ-37 Firefinder,artillery locating radar,Sensors,2000,3,2003,8.0,8.0,24.0
5246,Greece,TPQ-37 Firefinder,artillery locating radar,Sensors,2000,3,2004,8.0,8.0,24.0
5247,Greece,AGM-65 Maverick,air-to-surface missile,Missiles,2002,203,2003,0.15,0.15,30.45
5248,Greece,APG-83 SABR,combat aircraft radar,Sensors,2018,4,2022,2.5,2.5,10.0
5249,Greece,APG-83 SABR,combat aircraft radar,Sensors,2018,15,2024,2.5,2.5,37.5
5250,Greece,APG-83 SABR,combat aircraft radar,Sensors,2018,10,2023,2.5,2.5,25.0
5251,Greece,AAQ-14 LANTIRN,aircraft electro-optical system,Sensors,1995,5,1997,1.0,1.0,5.0
5252,Greece,AAQ-14 LANTIRN,aircraft electro-optical system,Sensors,1995,6,1998,1.0,1.0,6.0
5253,Greece,AAQ-14 LANTIRN,aircraft electro-optical system,Sensors,1995,5,1999,1.0,1.0,5.0
5254,Greece,LM-2500 (30001-35000),gas turbine,Engines,1989,4,1998,7.0,7.0,28.0
5255,Greece,LM-2500 (30001-35000),gas turbine,Engines,1989,2,1996,7.0,7.0,14.0
5256,Greece,LM-2500 (30001-35000),gas turbine,Engines,1989,2,1992,7.0,7.0,14.0
5257,Greece,DE-1164,anti-submarine sonar,Sensors,1989,1,1992,7.5,7.5,7.5
5258,Greece,DE-1164,anti-submarine sonar,Sensors,1989,1,1996,7.5,7.5,7.5
5259,Greece,DE-1164,anti-submarine sonar,Sensors,1989,2,1998,7.5,7.5,15.0
5260,Greece,AE-3007,turbofan,Engines,1999,6,2005,1.3,1.3,7.8
5261,Greece,AE-3007,turbofan,Engines,1999,2,2004,1.3,1.3,2.6
5262,Greece,M-1117 Guardian,armoured personnel carrier,Armoured vehicles,2021,756,2024,0.4,0.16,120.96
5263,Greece,M-1117 Guardian,armoured personnel carrier,Armoured vehicles,2021,400,2022,0.4,0.16,64.0
5264,Greece,M-1117 Guardian,armoured personnel carrier,Armoured vehicles,2021,44,2021,0.4,0.16,7.04
5271,Greece,F-124 (2850),turbofan,Engines,2021,4,2023,1.0,1.0,4.0
5272,Greece,F-16C Block-50,FGA aircraft,Aircraft,1993,16,1997,31.0,31.0,496.0
5273,Greece,F-16C Block-50,FGA aircraft,Aircraft,1993,23,1998,31.0,31.0,713.0
5274,Greece,F-16C Block-50,FGA aircraft,Aircraft,1993,1,1999,31.0,31.0,31.0
5284,Greece,Paveway,guided bomb,Missiles,1995,581,1998,0.02,0.02,11.62
5285,Greece,Paveway,guided bomb,Missiles,1995,581,1997,0.02,0.02,11.62
5286,Greece,Paveway,guided bomb,Missiles,2000,225,2003,0.02,0.02,4.5
5287,Greece,Paveway,guided bomb,Missiles,2000,225,2002,0.02,0.02,4.5
5289,Guatemala,PC-12,light transport aircraft,Aircraft,2023,1,2023,1.85,0.74,0.74
5291,Guatemala,Cessna-208 Caravan,light transport aircraft,Aircraft,2018,3,2018,1.0,1.0,3.0
5292,Guatemala,Cessna-208 Caravan,light transport aircraft,Aircraft,2018,1,2019,1.0,1.0,1.0
5297,Guatemala,Cessna-208 Caravan,light transport aircraft,Aircraft,2018,1,2018,1.0,1.0,1.0
5298,Guatemala,PA-28 Cherokee,light aircraft,Aircraft,2017,2,2018,0.14,0.14,0.28
5317,Guatemala,Pitbull VX,armoured personnel carrier,Armoured vehicles,2023,4,2023,0.14,0.14,0.56
5339,Guatemala,BT-67,transport aircraft,Aircraft,1992,1,1994,4.25,4.25,4.25
5340,Guatemala,BT-67,transport aircraft,Aircraft,1992,1,1995,4.25,4.25,4.25
5341,Guatemala,BT-67,transport aircraft,Aircraft,1992,3,1993,4.25,4.25,12.75
5344,Guatemala,Bell-412,helicopter,Aircraft,2022,2,2022,5.0,5.0,10.0
5345,Guatemala,Stan-2606,patrol boat,Ships,2017,1,2023,4.25,4.25,4.25
5347,Guatemala,vehicle engine 201-300,vehicle engine,Engines,1980,3,1990,0.03,0.03,0.09
5348,Guatemala,vehicle engine 201-300,vehicle engine,Engines,1980,3,1991,0.03,0.03,0.09
5357,Guyana,Defiant-115,patrol boat,Ships,2021,1,2024,4.6,4.6,4.6
5362,Guyana,Bell-412,helicopter,Aircraft,2020,1,2021,5.0,5.0,5.0
5363,Guyana,Bell-412,helicopter,Aircraft,2020,1,2023,5.0,5.0,5.0
5399,Honduras,Bo-105,light helicopter,Aircraft,2019,1,2020,1.2,0.48,0.48
5406,Honduras,Cessna-208 Caravan,light transport aircraft,Aircraft,2015,2,2015,1.0,1.0,2.0
5407,Honduras,Cessna-208 Caravan,light transport aircraft,Aircraft,2015,1,2018,1.0,1.0,1.0
5411,Honduras,Stan-2606,patrol boat,Ships,2017,1,2021,4.25,4.25,4.25
5414,Honduras,MX-7,light aircraft,Aircraft,2007,4,2008,0.1,0.1,0.4
5449,Honduras,MX-7,light aircraft,Aircraft,2011,2,2011,0.1,0.1,0.2
5450,Honduras,MX-7,light aircraft,Aircraft,2011,2,2012,0.1,0.1,0.2
5463,Hungary,AIM-120D AMRAAM,long-range air-to-air missile,Missiles,2022,20,2024,0.8,0.8,16.0
5464,Hungary,MaxxPro,armoured personnel carrier,Armoured vehicles,2010,10,2010,0.32,0.32,3.2
5465,Hungary,MaxxPro,armoured personnel carrier,Armoured vehicles,2010,2,2011,0.32,0.32,0.64
5466,Hungary,HMMWV-UA,armoured personnel carrier,Armoured vehicles,2010,23,2010,0.13,0.13,2.99
5467,Hungary,HMMWV-UA,armoured personnel carrier,Armoured vehicles,2010,23,2011,0.13,0.13,2.99
5468,Hungary,F-404 (8000),turbofan,Engines,2001,8,2006,2.2,2.2,17.6
5469,Hungary,F-404 (8000),turbofan,Engines,2001,6,2007,2.2,2.2,13.2
5470,Hungary,V-2500 (12500),turbofan,Engines,2020,2,2024,3.0,3.0,6.0
5471,Hungary,MaxxPro,armoured personnel carrier,Armoured vehicles,2013,12,2013,0.32,0.13,1.54
5472,Hungary,Cougar MRAP,armoured personnel carrier,Armoured vehicles,2009,3,2009,0.35,0.35,1.05
5473,Hungary,AGM-65 Maverick,air-to-surface missile,Missiles,2008,20,2009,0.15,0.15,3.0
5474,Hungary,AGM-65 Maverick,air-to-surface missile,Missiles,2008,80,2010,0.15,0.15,12.0
5475,Hungary,AIM-120C AMRAAM,long-range air-to-air missile,Missiles,2020,50,2023,0.6,0.6,30.0
5476,Hungary,AIM-120C AMRAAM,long-range air-to-air missile,Missiles,2020,130,2024,0.6,0.6,78.0
5477,Hungary,MPQ-64 Sentinel,air-search radar,Sensors,2020,5,2024,5.0,5.0,25.0
5478,Hungary,MPQ-64 Sentinel,air-search radar,Sensors,2020,2,2023,5.0,5.0,10.0
5479,Hungary,AIM-120C AMRAAM,long-range air-to-air missile,Missiles,2004,20,2006,0.6,0.6,12.0
5480,Hungary,AIM-120C AMRAAM,long-range air-to-air missile,Missiles,2004,20,2007,0.6,0.6,12.0
5481,India,LM-2500 (30001-35000),gas turbine,Engines,1999,2,2010,7.0,7.0,14.0
5482,India,LM-2500 (30001-35000),gas turbine,Engines,1999,2,2011,7.0,7.0,14.0
5483,India,LM-2500 (30001-35000),gas turbine,Engines,1999,2,2012,7.0,7.0,14.0
5484,India,LM-2500 (30001-35000),gas turbine,Engines,2004,4,2022,7.0,7.0,28.0
5485,India,APKWS,air-to-surface missile,Missiles,2019,25,2022,0.01,0.01,0.25
5486,India,MQ-9 UAV,UAV,Aircraft,2020,2,2020,6.5,6.5,13.0
5487,India,AGM-114 Hellfire-2,anti-tank/air-to-surface missile,Missiles,2020,90,2023,0.05,0.05,4.5
5488,India,AGM-114 Hellfire-2,anti-tank/air-to-surface missile,Missiles,2020,10,2022,0.05,0.05,0.5
5489,India,AH-64E Apache,combat helicopter,Aircraft,2020,3,2024,15.0,15.0,45.0
5499,India,Harpoon Block-2,anti-ship/land-attack missile,Missiles,2010,20,2013,1.0,1.0,20.0
5500,India,C-17,heavy transport aircraft,Aircraft,2011,5,2013,140.0,140.0,700.0
5501,India,C-17,heavy transport aircraft,Aircraft,2011,5,2014,140.0,140.0,700.0
5502,India,P-8A,anti-submarine aircraft,Aircraft,2009,2,2013,125.0,125.0,250.0
5503,India,P-8A,anti-submarine aircraft,Aircraft,2009,1,2012,125.0,125.0,125.0
5504,India,P-8A,anti-submarine aircraft,Aircraft,2009,3,2014,125.0,125.0,375.0
5505,India,P-8A,anti-submarine aircraft,Aircraft,2009,2,2015,125.0,125.0,250.0
5506,India,Harpoon Block-2,anti-ship/land-attack missile,Missiles,2012,21,2014,1.0,1.0,21.0
5507,India,F-404 (8000),turbofan,Engines,2016,6,2022,2.2,2.2,13.2
5508,India,F-404 (8000),turbofan,Engines,2016,6,2021,2.2,2.2,13.2
5509,India,F-404 (8000),turbofan,Engines,2016,6,2023,2.2,2.2,13.2
5510,India,CH-47F,transport helicopter,Aircraft,2015,10,2019,20.0,20.0,200.0
5511,India,CH-47F,transport helicopter,Aircraft,2015,5,2020,20.0,20.0,100.0
5512,India,C-130J Hercules,transport aircraft,Aircraft,2013,6,2017,40.0,40.0,240.0
5514,India,TPQ-37 Firefinder,artillery locating radar,Sensors,2002,8,2006,8.0,8.0,64.0
5517,India,S-61 Sea King,transport helicopter,Aircraft,2006,6,2007,6.0,2.4,14.4
5518,India,TPQ-37 Firefinder,artillery locating radar,Sensors,2003,2,2006,8.0,8.0,16.0
5519,India,TPQ-37 Firefinder,artillery locating radar,Sensors,2003,2,2007,8.0,8.0,16.0
5520,India,Mk-54 LWT,anti-submarine torpedo,Missiles,2011,8,2013,0.5,0.5,4.0
5521,India,Mk-54 LWT,anti-submarine torpedo,Missiles,2011,8,2014,0.5,0.5,4.0
5522,India,Mk-54 LWT,anti-submarine torpedo,Missiles,2011,8,2015,0.5,0.5,4.0
5523,India,Mk-54 LWT,anti-submarine torpedo,Missiles,2011,8,2016,0.5,0.5,4.0
5524,India,F-404 (8000),turbofan,Engines,2007,4,2017,2.2,2.2,8.8
5525,India,F-404 (8000),turbofan,Engines,2007,6,2018,2.2,2.2,13.2
5526,India,F-404 (8000),turbofan,Engines,2007,6,2019,2.2,2.2,13.2
5527,India,F-404 (8000),turbofan,Engines,2007,5,2020,2.2,2.2,11.0
5528,India,F-404 (8000),turbofan,Engines,2007,3,2016,2.2,2.2,6.6
5529,India,Stinger,portable SAM,Missiles,2013,125,2019,0.08,0.08,10.0
5530,India,Stinger,portable SAM,Missiles,2013,120,2020,0.08,0.08,9.6
5531,India,C-17,heavy transport aircraft,Aircraft,2017,1,2019,140.0,140.0,140.0
5532,India,AE-3007,turbofan,Engines,2008,2,2017,1.3,1.3,2.6
5533,India,AE-3007,turbofan,Engines,2008,4,2019,1.3,1.3,5.2
5534,India,CBU-97,guided bomb,Missiles,2010,200,2016,0.15,0.15,30.0
5535,India,CBU-97,guided bomb,Missiles,2010,48,2015,0.15,0.15,7.2
5536,India,CBU-97,guided bomb,Missiles,2010,100,2014,0.15,0.15,15.0
5537,India,CBU-97,guided bomb,Missiles,2010,60,2013,0.15,0.15,9.0
5538,India,CBU-97,guided bomb,Missiles,2010,104,2017,0.15,0.15,15.6
5542,India,Paveway,guided bomb,Missiles,1993,315,1994,0.02,0.02,6.3
5543,India,AGM-114 Hellfire-2,anti-tank/air-to-surface missile,Missiles,2015,271,2019,0.05,0.05,13.55
5544,India,AGM-114 Hellfire-2,anti-tank/air-to-surface missile,Missiles,2015,271,2020,0.05,0.05,13.55
5545,India,APG-78 Longbow,combat helicopter radar,Sensors,2016,6,2019,3.0,3.0,18.0
5546,India,APG-78 Longbow,combat helicopter radar,Sensors,2016,6,2020,3.0,3.0,18.0
5547,India,aircraft engine 2001-3000,aircraft engine,Engines,2015,3,2019,0.75,0.75,2.25
5548,India,aircraft engine 2001-3000,aircraft engine,Engines,2015,3,2020,0.75,0.75,2.25
5558,India,MH-60R -,anti-submarine helicopter,Aircraft,2020,3,2024,16.5,16.5,49.5
5559,India,MH-60R -,anti-submarine helicopter,Aircraft,2020,3,2023,16.5,16.5,49.5
5560,India,MH-60R -,anti-submarine helicopter,Aircraft,2020,3,2022,16.5,16.5,49.5
5561,India,MH-60R -,anti-submarine helicopter,Aircraft,2020,3,2021,16.5,16.5,49.5
5562,India,P-8A,anti-submarine aircraft,Aircraft,2016,1,2020,125.0,125.0,125.0
5563,India,P-8A,anti-submarine aircraft,Aircraft,2016,2,2021,125.0,125.0,250.0
5564,India,P-8A,anti-submarine aircraft,Aircraft,2016,1,2022,125.0,125.0,125.0
5565,India,Excalibur,guided shell,Missiles,2021,100,2023,0.04,0.04,4.0
5566,India,Excalibur,guided shell,Missiles,2019,700,2019,0.04,0.04,28.0
5567,India,Excalibur,guided shell,Missiles,2019,500,2020,0.04,0.04,20.0
5568,India,AH-64E Apache,combat helicopter,Aircraft,2015,17,2019,15.0,15.0,255.0
5569,India,AH-64E Apache,combat helicopter,Aircraft,2015,5,2020,15.0,15.0,75.0
5570,India,Harpoon Block-2,anti-ship/land-attack missile,Missiles,2020,10,2022,1.0,1.0,10.0
5571,India,Austin,amphibious assault ship,Ships,2006,1,2007,133.26,53.3,53.3
5573,India,AGM-114L Hellfire,anti-tank missile,Missiles,2015,406,2019,0.07,0.07,28.42
5574,India,AGM-114L Hellfire,anti-tank missile,Missiles,2015,406,2020,0.07,0.07,28.42
5575,India,C-130J Hercules,transport aircraft,Aircraft,2008,1,2010,40.0,40.0,40.0
5576,India,C-130J Hercules,transport aircraft,Aircraft,2008,5,2011,40.0,40.0,200.0
5577,India,C-130J Hercules,transport aircraft,Aircraft,2018,1,2019,40.0,40.0,40.0
5578,India,Harpoon Block-2,anti-ship/land-attack missile,Missiles,2016,12,2018,1.0,1.0,12.0
5580,India,Mk-54 LWT,anti-submarine torpedo,Missiles,2019,15,2023,0.5,0.5,7.5
5581,India,Mk-54 LWT,anti-submarine torpedo,Missiles,2019,15,2024,0.5,0.5,7.5
5582,Indonesia,ScanEagle,UAV,Aircraft,2019,4,2022,0.04,0.04,0.16
5583,Indonesia,ScanEagle,UAV,Aircraft,2019,4,2023,0.04,0.04,0.16
5584,Indonesia,HELRAS,anti-submarine sonar,Sensors,2014,1,2019,2.0,2.0,2.0
5585,Indonesia,HELRAS,anti-submarine sonar,Sensors,2014,1,2020,2.0,2.0,2.0
5586,Indonesia,vehicle engine 601-800,vehicle engine,Engines,2019,18,2024,0.11,0.11,1.98
5587,Indonesia,AAQ-33 Sniper ATP,aircraft electro-optical system,Sensors,2017,5,2021,1.0,1.0,5.0
5588,Indonesia,AAQ-33 Sniper ATP,aircraft electro-optical system,Sensors,2017,5,2019,1.0,1.0,5.0
5589,Indonesia,AAQ-33 Sniper ATP,aircraft electro-optical system,Sensors,2017,6,2020,1.0,1.0,6.0
5590,Indonesia,APG-68,combat aircraft radar,Sensors,2014,5,2021,2.0,2.0,10.0
5591,Indonesia,APG-68,combat aircraft radar,Sensors,2014,5,2020,2.0,2.0,10.0
5592,Indonesia,F-16C,FGA aircraft,Aircraft,2012,5,2014,28.5,18.81,94.05
5593,Indonesia,F-16C,FGA aircraft,Aircraft,2012,4,2015,28.5,18.81,75.24
5594,Indonesia,F-16C,FGA aircraft,Aircraft,2012,5,2016,28.5,18.81,94.05
5595,Indonesia,F-16C,FGA aircraft,Aircraft,2012,10,2017,28.5,18.81,188.1
5603,Indonesia,APS-143,maritime patrol aircraft radar,Sensors,2013,2,2014,2.5,2.5,5.0
5605,Indonesia,Bell-412,helicopter,Aircraft,1996,3,1997,5.0,5.0,15.0
5606,Indonesia,vehicle engine 201-300,vehicle engine,Engines,2016,4,2017,0.03,0.03,0.12
5607,Indonesia,King Air,light transport aircraft,Aircraft,2016,1,2017,2.85,2.85,2.85
5608,Indonesia,vehicle engine 201-300,vehicle engine,Engines,2017,20,2020,0.03,0.03,0.6
5609,Indonesia,Baron,light aircraft,Aircraft,2014,2,2015,0.7,0.7,1.4
5610,Indonesia,vehicle engine 201-300,vehicle engine,Engines,2013,3,2014,0.03,0.03,0.09
5611,Indonesia,AGM-114 Hellfire-2,anti-tank/air-to-surface missile,Missiles,2014,70,2017,0.05,0.05,3.5
5612,Indonesia,AGM-114 Hellfire-2,anti-tank/air-to-surface missile,Missiles,2014,70,2018,0.05,0.05,3.5
5613,Indonesia,APG-78 Longbow,combat helicopter radar,Sensors,2012,2,2017,3.0,3.0,6.0
5614,Indonesia,APG-78 Longbow,combat helicopter radar,Sensors,2012,2,2018,3.0,3.0,6.0
5615,Indonesia,aircraft engine 2001-3000,aircraft engine,Engines,2012,3,2018,0.75,0.75,2.25
5624,Indonesia,AH-64E Apache,combat helicopter,Aircraft,2014,3,2017,15.0,15.0,45.0
5625,Indonesia,AH-64E Apache,combat helicopter,Aircraft,2014,5,2018,15.0,15.0,75.0
5626,Indonesia,Bell-412,helicopter,Aircraft,2012,7,2012,5.0,5.0,35.0
5627,Indonesia,Bell-412,helicopter,Aircraft,2012,12,2013,5.0,5.0,60.0
5628,Indonesia,Bell-412,helicopter,Aircraft,2012,6,2014,5.0,5.0,30.0
5637,Indonesia,Bonanza,light aircraft,Aircraft,2014,4,2015,0.24,0.24,0.96
5639,Indonesia,FGM-148 Javelin,anti-tank missile,Missiles,2013,90,2014,0.03,0.03,2.7
5640,Indonesia,FGM-148 Javelin,anti-tank missile,Missiles,2013,90,2015,0.03,0.03,2.7
5643,Indonesia,JDAM,guided bomb,Missiles,2017,102,2019,0.02,0.02,2.04
5644,Indonesia,AIM-9X,long-range air-to-air missile,Missiles,2017,14,2018,0.18,0.18,2.52
5647,Indonesia,C-130J Hercules,transport aircraft,Aircraft,2019,3,2023,40.0,40.0,120.0
5648,Indonesia,C-130J Hercules,transport aircraft,Aircraft,2019,2,2024,40.0,40.0,80.0
5651,Indonesia,Bell-505,light helicopter,Aircraft,2020,2,2021,0.9,0.9,1.8
5652,Indonesia,Bell-505,light helicopter,Aircraft,2020,1,2023,0.9,0.9,0.9
5654,Indonesia,F-16A,FGA aircraft,Aircraft,1986,9,1990,20.65,20.65,185.85
5655,Indonesia,PA-28 Cherokee,light aircraft,Aircraft,2019,5,2019,0.14,0.14,0.7
5656,Indonesia,AGM-65 Maverick,air-to-surface missile,Missiles,2017,18,2020,0.15,0.15,2.7
5666,Indonesia,Model-300,light helicopter,Aircraft,2012,2,2012,0.2,0.2,0.4
5667,Indonesia,Cessna-180 Skywagon,light aircraft,Aircraft,2010,2,2011,0.18,0.18,0.36
5668,Indonesia,F-100 EN (12000),turbofan,Engines,2011,2,2014,3.25,1.3,2.6
5669,Indonesia,F-100 EN (12000),turbofan,Engines,2011,2,2015,3.25,1.3,2.6
5713,Indonesia,AIM-9J,short-range air-to-air missile,Missiles,1986,25,1990,0.09,0.09,2.25
5714,Indonesia,AIM-9J,short-range air-to-air missile,Missiles,1986,25,1991,0.09,0.09,2.25
5718,Indonesia,TA-4J,trainer aircraft,Aircraft,1998,2,1999,7.0,2.8,5.6
5719,Indonesia,APG-66,combat aircraft radar,Sensors,1996,10,1999,1.5,1.5,15.0
5720,Indonesia,APG-66,combat aircraft radar,Sensors,1996,3,2006,1.5,1.5,4.5
5721,Indonesia,APG-66,combat aircraft radar,Sensors,1996,3,2007,1.5,1.5,4.5
5722,Indonesia,APG-66,combat aircraft radar,Sensors,1993,10,1996,1.5,1.5,15.0
5723,Indonesia,APG-66,combat aircraft radar,Sensors,1993,3,1997,1.5,1.5,4.5
5724,Indonesia,APG-66,combat aircraft radar,Sensors,1993,3,1998,1.5,1.5,4.5
5725,Indonesia,F-5E Tiger-2,FGA aircraft,Aircraft,1996,1,2006,10.5,4.2,4.2
5726,Indonesia,AIM-120C AMRAAM,long-range air-to-air missile,Missiles,2017,1,2019,0.6,0.6,0.6
5727,Indonesia,AIM-120C AMRAAM,long-range air-to-air missile,Missiles,2017,2,2022,0.6,0.6,1.2
5728,Indonesia,AIM-120C AMRAAM,long-range air-to-air missile,Missiles,2017,33,2021,0.6,0.6,19.8
5731,Indonesia,ship engine 1001-2500,ship engine,Engines,2000,2,2002,0.25,0.25,0.5
5732,Indonesia,ship engine 1001-2500,ship engine,Engines,2000,2,2003,0.25,0.25,0.5
5733,Indonesia,ship engine 1001-2500,ship engine,Engines,2000,2,2004,0.25,0.25,0.5
5734,Indonesia,ship engine 1001-2500,ship engine,Engines,2000,2,2005,0.25,0.25,0.5
5735,Indonesia,MPQ-64 Sentinel,air-search radar,Sensors,2017,1,2020,5.0,5.0,5.0
5736,Indonesia,MPQ-64 Sentinel,air-search radar,Sensors,2017,1,2021,5.0,5.0,5.0
5737,Indonesia,AIM-120C AMRAAM,long-range air-to-air missile,Missiles,2017,100,2020,0.6,0.6,60.0
5738,Indonesia,AIM-120C AMRAAM,long-range air-to-air missile,Missiles,2017,100,2021,0.6,0.6,60.0
5739,Indonesia,vehicle engine 201-300,vehicle engine,Engines,2018,5,2019,0.03,0.03,0.15
5740,Indonesia,aircraft engine 1001-2000,aircraft engine,Engines,1990,6,1994,0.5,0.5,3.0
5741,Indonesia,aircraft engine 1001-2000,aircraft engine,Engines,1990,6,1995,0.5,0.5,3.0
5742,Indonesia,aircraft engine 1001-2000,aircraft engine,Engines,1990,2,1996,0.5,0.5,1.0
5743,Indonesia,aircraft engine 1001-2000,aircraft engine,Engines,1990,2,2000,0.5,0.5,1.0
5744,Indonesia,aircraft engine 1001-2000,aircraft engine,Engines,1990,6,2013,0.5,0.5,3.0
5745,Indonesia,aircraft engine 1001-2000,aircraft engine,Engines,1990,4,2014,0.5,0.5,2.0
5746,Indonesia,aircraft engine 1001-2000,aircraft engine,Engines,1990,2,2019,0.5,0.5,1.0
5747,Indonesia,aircraft engine 1001-2000,aircraft engine,Engines,1990,2,2006,0.5,0.5,1.0
5748,Indonesia,aircraft engine 1001-2000,aircraft engine,Engines,1990,2,2015,0.5,0.5,1.0
5749,Indonesia,ScanEagle,UAV,Aircraft,2018,3,2021,0.04,0.04,0.12
5750,Indonesia,ScanEagle,UAV,Aircraft,2018,3,2022,0.04,0.04,0.12
5751,Indonesia,Bell-412,helicopter,Aircraft,2018,1,2020,5.0,5.0,5.0
5752,Indonesia,Bell-412,helicopter,Aircraft,2018,6,2021,5.0,5.0,30.0
5753,Indonesia,Bell-412,helicopter,Aircraft,2018,2,2022,5.0,5.0,10.0
5760,Indonesia,vehicle engine 301-400,vehicle engine,Engines,2019,23,2024,0.05,0.05,1.15
5761,Indonesia,vehicle engine 201-300,vehicle engine,Engines,1997,5,1998,0.03,0.03,0.15
5762,Indonesia,vehicle engine 201-300,vehicle engine,Engines,1997,10,1999,0.03,0.03,0.3
5763,Indonesia,vehicle engine 201-300,vehicle engine,Engines,1997,5,2000,0.03,0.03,0.15
5764,Indonesia,Bonanza,light aircraft,Aircraft,2013,4,2013,0.24,0.24,0.96
5765,Indonesia,ship engine 6001-8000,ship engine,Engines,2002,2,2003,2.5,2.5,5.0
5768,Indonesia,ship engine 6001-8000,ship engine,Engines,2006,4,2008,2.5,2.5,10.0
5769,Indonesia,ship engine 6001-8000,ship engine,Engines,2006,4,2007,2.5,2.5,10.0
5770,Indonesia,F-404 (8000),turbofan,Engines,2011,10,2013,2.2,2.2,22.0
5771,Indonesia,F-404 (8000),turbofan,Engines,2011,6,2014,2.2,2.2,13.2
6050,Iraq,ScanEagle,UAV,Aircraft,2017,12,2018,0.04,0.04,0.48
6051,Iraq,ScanEagle,UAV,Aircraft,2013,10,2014,0.04,0.04,0.4
6052,Iraq,Avenger AD,mobile SAM system,Air-defence systems,2012,3,2013,0.63,0.25,0.76
6053,Iraq,Avenger AD,mobile SAM system,Air-defence systems,2012,5,2014,0.63,0.25,1.26
6054,Iraq,Cessna-172,light /trainer aircraft,Aircraft,2007,4,2008,0.1,0.1,0.4
6055,Iraq,Cessna-172,light /trainer aircraft,Aircraft,2007,2,2009,0.1,0.1,0.2
6056,Iraq,Cessna-172,light /trainer aircraft,Aircraft,2007,6,2007,0.1,0.1,0.6
6057,Iraq,T-6 Texan-2 -,(armed) trainer aircraft,Aircraft,2009,4,2009,2.0,2.0,8.0
6058,Iraq,T-6 Texan-2 -,(armed) trainer aircraft,Aircraft,2009,11,2010,2.0,2.0,22.0
6059,Iraq,M-113,armoured personnel carrier,Armoured vehicles,2006,25,2006,0.25,0.1,2.5
6060,Iraq,M-113,armoured personnel carrier,Armoured vehicles,2006,25,2007,0.25,0.1,2.5
6061,Iraq,K-6 120mm,mortar,Artillery,2022,82,2023,0.25,0.1,8.2
6062,Iraq,Bell-505,light helicopter,Aircraft,2023,7,2024,0.9,0.9,6.3
6063,Iraq,TPS-77,air-search radar,Sensors,2006,1,2009,11.0,11.0,11.0
6064,Iraq,M-1117 Guardian,armoured personnel carrier,Armoured vehicles,2004,15,2004,0.4,0.4,6.0
6065,Iraq,M-1117 Guardian,armoured personnel carrier,Armoured vehicles,2004,28,2005,0.4,0.4,11.2
6066,Iraq,M-88 AV,armoured recovery vehicle,Armoured vehicles,2010,21,2011,1.5,0.99,20.79
6067,Iraq,AGM-114 Hellfire-2,anti-tank/air-to-surface missile,Missiles,2008,150,2012,0.05,0.05,7.5
6068,Iraq,AGM-114 Hellfire-2,anti-tank/air-to-surface missile,Missiles,2008,50,2013,0.05,0.05,2.5
6069,Iraq,M-109A5 155mm,self-propelled gun,Artillery,2010,44,2011,1.25,0.5,22.0
6070,Iraq,AGM-114 Hellfire-2,anti-tank/air-to-surface missile,Missiles,2013,75,2013,0.05,0.05,3.75
6071,Iraq,AGM-114 Hellfire-2,anti-tank/air-to-surface missile,Missiles,2013,100,2014,0.05,0.05,5.0
6072,Iraq,AGM-114 Hellfire-2,anti-tank/air-to-surface missile,Missiles,2014,1500,2014,0.05,0.05,75.0
6073,Iraq,MaxxPro,armoured personnel carrier,Armoured vehicles,2015,50,2015,0.32,0.13,6.4
6074,Iraq,Cougar MRAP,armoured personnel carrier,Armoured vehicles,2015,29,2016,0.35,0.35,10.15
6075,Iraq,Caiman,armoured personnel carrier,Armoured vehicles,2014,10,2014,0.25,0.1,1.0
6076,Iraq,Caiman,armoured personnel carrier,Armoured vehicles,2014,7,2015,0.25,0.1,0.7
6077,Iraq,APKWS,air-to-surface missile,Missiles,2015,850,2017,0.01,0.01,8.5
6078,Iraq,APKWS,air-to-surface missile,Missiles,2015,300,2016,0.01,0.01,3.0
6079,Iraq,APKWS,air-to-surface missile,Missiles,2015,850,2018,0.01,0.01,8.5
6080,Iraq,M-1A1 Abrams,tank,Armoured vehicles,2014,6,2015,4.0,1.6,9.6
6081,Iraq,M-88A2,armoured recovery vehicle,Armoured vehicles,2014,8,2015,2.0,0.8,6.4
6082,Iraq,C-130J Hercules,transport aircraft,Aircraft,2009,3,2012,40.0,40.0,120.0
6083,Iraq,C-130J Hercules,transport aircraft,Aircraft,2009,3,2013,40.0,40.0,120.0
6084,Iraq,Swift-35,patrol boat,Ships,2011,3,2013,6.0,6.0,18.0
6085,Iraq,MPQ-64 Sentinel,air-search radar,Sensors,2013,6,2013,5.0,5.0,30.0
6086,Iraq,MPQ-64 Sentinel,air-search radar,Sensors,2013,7,2014,5.0,5.0,35.0
6087,Iraq,Bell-407,light helicopter,Aircraft,2014,16,2015,1.1,1.1,17.6
6088,Iraq,King Air ISR,ground surveillance aircraft,Aircraft,2007,5,2008,11.0,11.0,55.0
6089,Iraq,M-113,armoured personnel carrier,Armoured vehicles,2010,109,2011,0.25,0.17,17.99
6090,Iraq,M-113,armoured personnel carrier,Armoured vehicles,2010,479,2012,0.25,0.17,79.04
6091,Iraq,M-113,armoured personnel carrier,Armoured vehicles,2010,246,2013,0.25,0.17,40.59
6092,Iraq,F-404 (8000),turbofan,Engines,2013,18,2016,2.2,2.2,39.6
6093,Iraq,F-404 (8000),turbofan,Engines,2013,6,2017,2.2,2.2,13.2
6098,Iraq,King Air,light transport aircraft,Aircraft,2007,1,2007,2.85,2.85,2.85
6099,Iraq,Cougar MRAP,armoured personnel carrier,Armoured vehicles,2006,150,2006,0.35,0.35,52.5
6100,Iraq,Cougar MRAP,armoured personnel carrier,Armoured vehicles,2006,228,2007,0.35,0.35,79.8
6101,Iraq,Cougar MRAP,armoured personnel carrier,Armoured vehicles,2006,20,2007,0.35,0.35,7.0
6102,Iraq,UH-1H Huey-2,helicopter,Aircraft,2005,16,2007,3.1,3.1,49.6
6103,Iraq,K-6 120mm,mortar,Artillery,2008,115,2012,0.25,0.25,28.75
6104,Iraq,K-6 120mm,mortar,Artillery,2008,150,2009,0.25,0.25,37.5
6105,Iraq,K-6 120mm,mortar,Artillery,2008,150,2010,0.25,0.25,37.5
6106,Iraq,K-6 120mm,mortar,Artillery,2008,150,2011,0.25,0.25,37.5
6107,Iraq,HMMWV-UA,armoured personnel carrier,Armoured vehicles,2005,300,2007,0.13,0.05,15.6
6108,Iraq,HMMWV-UA,armoured personnel carrier,Armoured vehicles,2005,100,2006,0.13,0.05,5.2
6109,Iraq,HMMWV-UA,armoured personnel carrier,Armoured vehicles,2005,3400,2008,0.13,0.05,176.8
6110,Iraq,HMMWV-UA,armoured personnel carrier,Armoured vehicles,2005,4700,2009,0.13,0.05,244.4
6111,Iraq,Paveway,guided bomb,Missiles,2011,300,2015,0.02,0.02,6.0
6113,Iraq,King Air ISR,ground surveillance aircraft,Aircraft,2014,1,2016,11.0,11.0,11.0
6114,Iraq,MaxxPro,armoured personnel carrier,Armoured vehicles,2016,10,2016,0.32,0.32,3.2
6115,Iraq,M-1117 Guardian,armoured personnel carrier,Armoured vehicles,2016,60,2016,0.4,0.4,24.0
6116,Iraq,F-16C Block-50,FGA aircraft,Aircraft,2013,11,2016,31.0,31.0,341.0
6117,Iraq,F-16C Block-50,FGA aircraft,Aircraft,2013,7,2017,31.0,31.0,217.0
6121,Iraq,K-6 120mm,mortar,Artillery,2015,40,2015,0.25,0.25,10.0
6122,Iraq,K-6 120mm,mortar,Artillery,2015,60,2016,0.25,0.25,15.0
6123,Iraq,M-198 155mm,towed gun,Artillery,2016,18,2017,0.85,0.34,6.12
6124,Iraq,M-198 155mm,towed gun,Artillery,2016,18,2018,0.85,0.34,6.12
6125,Iraq,HMMWV-UA,armoured personnel carrier,Armoured vehicles,2014,310,2015,0.13,0.13,40.3
6126,Iraq,HMMWV-UA,armoured personnel carrier,Armoured vehicles,2014,500,2016,0.13,0.13,65.0
6127,Iraq,HMMWV-UA,armoured personnel carrier,Armoured vehicles,2014,190,2017,0.13,0.13,24.7
6128,Iraq,HMMWV-UA,armoured personnel carrier,Armoured vehicles,2014,750,2015,0.13,0.13,97.5
6129,Iraq,HMMWV-UA,armoured personnel carrier,Armoured vehicles,2014,1300,2016,0.13,0.13,169.0
6130,Iraq,HMMWV-UA,armoured personnel carrier,Armoured vehicles,2014,570,2017,0.13,0.13,74.1
6132,Iraq,L-118 105mm,towed gun,Artillery,2017,24,2024,0.6,0.24,5.76
6133,Iraq,AGM-114 Hellfire-2,anti-tank/air-to-surface missile,Missiles,2014,1000,2015,0.05,0.05,50.0
6134,Iraq,AGM-114 Hellfire-2,anti-tank/air-to-surface missile,Missiles,2014,2000,2016,0.05,0.05,100.0
6135,Iraq,AGM-114 Hellfire-2,anti-tank/air-to-surface missile,Missiles,2014,2000,2017,0.05,0.05,100.0
6136,Iraq,Caiman,armoured personnel carrier,Armoured vehicles,2014,125,2014,0.25,0.1,12.5
6137,Iraq,Caiman,armoured personnel carrier,Armoured vehicles,2014,125,2015,0.25,0.1,12.5
6138,Iraq,Caiman,armoured personnel carrier,Armoured vehicles,2014,46,2017,0.25,0.1,4.6
6139,Iraq,Bell-206,light helicopter,Aircraft,2007,15,2008,0.7,0.28,4.2
6140,Iraq,Bell-206,light helicopter,Aircraft,2007,5,2009,0.7,0.28,1.4
6141,Iraq,Cessna-208 Caravan,light transport aircraft,Aircraft,2005,3,2007,1.0,1.0,3.0
6142,Iraq,Cessna-208 Caravan,light transport aircraft,Aircraft,2005,5,2008,1.0,1.0,5.0
6143,Iraq,Cessna-208 Caravan,light transport aircraft,Aircraft,2005,3,2009,1.0,1.0,3.0
6144,Iraq,C-130E Hercules,transport aircraft,Aircraft,2004,3,2005,24.0,9.6,28.8
6145,Iraq,Comp Air-7SL,light aircraft,Aircraft,2004,7,2004,0.24,0.24,1.68
6146,Iraq,Cougar MRAP,armoured personnel carrier,Armoured vehicles,2007,27,2008,0.35,0.35,9.45
6147,Iraq,Cougar MRAP,armoured personnel carrier,Armoured vehicles,2009,109,2010,0.35,0.35,38.15
6148,Iraq,M-1A1 Abrams,tank,Armoured vehicles,2008,68,2011,4.0,4.0,272.0
6149,Iraq,M-1A1 Abrams,tank,Armoured vehicles,2008,9,2012,4.0,4.0,36.0
6150,Iraq,M-1A1 Abrams,tank,Armoured vehicles,2008,63,2010,4.0,4.0,252.0
6151,Iraq,AGM-114L Hellfire,anti-tank missile,Missiles,2008,20,2009,0.07,0.07,1.4
6152,Iraq,Bell-407,light helicopter,Aircraft,2009,15,2012,1.1,1.1,16.5
6153,Iraq,Bell-407,light helicopter,Aircraft,2009,9,2013,1.1,1.1,9.9
6154,Iraq,HMMWV-UA,armoured personnel carrier,Armoured vehicles,2008,64,2010,0.13,0.13,8.32
6155,Iraq,M-113,armoured personnel carrier,Armoured vehicles,2008,20,2010,0.25,0.1,2.0
6156,Iraq,M-88A2,armoured recovery vehicle,Armoured vehicles,2008,8,2010,2.0,2.0,16.0
6157,Iraq,M-1117 Guardian,armoured personnel carrier,Armoured vehicles,2008,61,2008,0.4,0.4,24.4
6158,Iraq,M-1117 Guardian,armoured personnel carrier,Armoured vehicles,2008,61,2009,0.4,0.4,24.4
6159,Iraq,Swift-35,patrol boat,Ships,2009,1,2010,6.0,6.0,6.0
6160,Iraq,Swift-35,patrol boat,Ships,2009,5,2011,6.0,6.0,30.0
6161,Iraq,Swift-35,patrol boat,Ships,2009,3,2012,6.0,6.0,18.0
6162,Iraq,Bell-407,light helicopter,Aircraft,2009,3,2010,1.1,1.1,3.3
6163,Iraq,AMP-137,patrol ship,Ships,2010,2,2012,21.0,21.0,42.0
6164,Iraq,M-1117 Guardian,armoured personnel carrier,Armoured vehicles,2010,30,2011,0.4,0.4,12.0
6165,Iraq,M-1117 Guardian,armoured personnel carrier,Armoured vehicles,2010,30,2012,0.4,0.4,12.0
6166,Iraq,M-1117 Guardian,armoured personnel carrier,Armoured vehicles,2010,20,2013,0.4,0.4,8.0
6167,Iraq,TPS-77,air-search radar,Sensors,2011,1,2013,11.0,11.0,11.0
6168,Iraq,Cougar MRAP,armoured personnel carrier,Armoured vehicles,2011,9,2012,0.35,0.35,3.15
6169,Iraq,APG-68,combat aircraft radar,Sensors,2012,4,2015,2.0,2.0,8.0
6170,Iraq,Bell-407,light helicopter,Aircraft,2010,3,2011,1.1,1.1,3.3
6171,Iraq,DB-110,aircraft reconnaissance system,Sensors,2012,2,2015,4.0,4.0,8.0
6172,Iraq,DB-110,aircraft reconnaissance system,Sensors,2012,2,2016,4.0,4.0,8.0
6173,Iraq,Stinger,portable SAM,Missiles,2012,100,2014,0.08,0.08,8.0
6174,Iraq,Stinger,portable SAM,Missiles,2012,100,2013,0.08,0.08,8.0
6175,Iraq,M-88A2,armoured recovery vehicle,Armoured vehicles,2012,8,2014,2.0,2.0,16.0
6176,Iraq,AAQ-33 Sniper ATP,aircraft electro-optical system,Sensors,2012,20,2015,1.0,1.0,20.0
6177,Iraq,F-16C Block-50,FGA aircraft,Aircraft,2011,3,2014,31.0,31.0,93.0
6178,Iraq,F-16C Block-50,FGA aircraft,Aircraft,2011,15,2015,31.0,31.0,465.0
6179,Iraq,M-198 155mm,towed gun,Artillery,2010,28,2012,0.85,0.34,9.52
6180,Iraq,M-198 155mm,towed gun,Artillery,2010,41,2013,0.85,0.34,13.94
6181,Iraq,M-198 155mm,towed gun,Artillery,2010,51,2011,0.85,0.34,17.34
6182,Iraq,F-404 (8000),turbofan,Engines,2013,24,2016,2.2,2.2,52.8
6185,Iraq,M-1117 Guardian,armoured personnel carrier,Armoured vehicles,2004,19,2005,0.4,0.4,7.6
6186,Iraq,vehicle engine 201-300,vehicle engine,Engines,2004,44,2006,0.03,0.03,1.32
6187,Iraq,HMMWV-UA,armoured personnel carrier,Armoured vehicles,2017,134,2017,0.13,0.13,17.42
6188,Iraq,M-1117 Guardian,armoured personnel carrier,Armoured vehicles,2018,103,2019,0.4,0.16,16.48
6189,Iraq,M-1117 Guardian,armoured personnel carrier,Armoured vehicles,2018,17,2020,0.4,0.16,2.72
6190,Iraq,AGM-65 Maverick,air-to-surface missile,Missiles,2013,50,2016,0.15,0.15,7.5
6191,Iraq,TPS-77,air-search radar,Sensors,2019,1,2022,11.0,11.0,11.0
6192,Iraq,AGM-65 Maverick,air-to-surface missile,Missiles,2011,50,2015,0.15,0.15,7.5
6193,Iraq,AIM-9L,short-range air-to-air missile,Missiles,2011,100,2015,0.11,0.11,11.0
6194,Iraq,Paveway,guided bomb,Missiles,2013,150,2017,0.02,0.02,3.0
6195,Iraq,Paveway,guided bomb,Missiles,2013,150,2016,0.02,0.02,3.0
6196,Iraq,AIM-7M,long-range air-to-air missile,Missiles,2013,75,2016,0.18,0.18,13.5
6197,Iraq,AIM-7M,long-range air-to-air missile,Missiles,2013,75,2017,0.18,0.18,13.5
6198,Iraq,AIM-9L,short-range air-to-air missile,Missiles,2013,50,2016,0.11,0.11,5.5
6199,Iraq,AIM-9L,short-range air-to-air missile,Missiles,2013,50,2017,0.11,0.11,5.5
6200,Iraq,AIM-7M,long-range air-to-air missile,Missiles,2011,48,2015,0.18,0.18,8.64
6201,Iraq,AIM-7M,long-range air-to-air missile,Missiles,2011,102,2016,0.18,0.18,18.36
6209,Ireland,FGM-148 Javelin,anti-tank missile,Missiles,2002,36,2006,0.03,0.03,1.08
6210,Ireland,aircraft engine 1001-2000,aircraft engine,Engines,1991,4,1994,0.5,0.5,2.0
6211,Ireland,APS-143,maritime patrol aircraft radar,Sensors,2006,1,2007,2.5,2.5,2.5
6212,Ireland,APS-143,maritime patrol aircraft radar,Sensors,2006,1,2008,2.5,2.5,2.5
6213,Israel,JDAM,guided bomb,Missiles,2023,1200,2023,0.02,0.01,9.6
6214,Israel,David,armoured personnel carrier,Armoured vehicles,2022,64,2022,0.11,0.11,7.04
6215,Israel,David,armoured personnel carrier,Armoured vehicles,2022,57,2023,0.11,0.11,6.27
6218,Israel,GBU-39 SDB,guided glide bomb,Missiles,2023,2600,2024,0.02,0.01,20.8
6219,Israel,MIM-104 PAC-2,SAM,Missiles,1990,64,1991,1.0,1.0,64.0
6222,Israel,S-70A Black Hawk,transport helicopter,Aircraft,1993,10,1994,6.5,2.6,26.0
6223,Israel,M-106A3,self-propelled mortar,Artillery,2006,14,2008,0.55,0.22,3.08
6224,Israel,M-106A3,self-propelled mortar,Artillery,2006,18,2007,0.55,0.22,3.96
6225,Israel,M-106A3,self-propelled mortar,Artillery,2006,18,2009,0.55,0.22,3.96
6226,Israel,M-106,self-propelled mortar,Artillery,2002,54,2002,0.5,0.2,10.8
6230,Israel,AGM-114 Hellfire-2,anti-tank/air-to-surface missile,Missiles,2004,200,2006,0.05,0.05,10.0
6231,Israel,L-ATV,armoured personnel carrier,Armoured vehicles,2023,50,2024,0.18,0.18,9.0
6232,Israel,Tamir MI,SAM,Missiles,2023,300,2023,0.15,0.06,18.0
6233,Israel,vehicle engine 601-800,vehicle engine,Engines,2017,25,2018,0.11,0.11,2.75
6234,Israel,vehicle engine 601-800,vehicle engine,Engines,2017,25,2019,0.11,0.11,2.75
6235,Israel,vehicle engine 601-800,vehicle engine,Engines,2015,75,2017,0.11,0.11,8.25
6236,Israel,vehicle engine 601-800,vehicle engine,Engines,2015,25,2016,0.11,0.11,2.75
6237,Israel,vehicle engine 601-800,vehicle engine,Engines,2010,50,2012,0.11,0.11,5.5
6238,Israel,vehicle engine 601-800,vehicle engine,Engines,2010,50,2011,0.11,0.11,5.5
6243,Israel,AAQ-14 LANTIRN,aircraft electro-optical system,Sensors,1998,15,2000,1.0,1.0,15.0
6244,Israel,AAQ-14 LANTIRN,aircraft electro-optical system,Sensors,1998,15,2001,1.0,1.0,15.0
6245,Israel,AAQ-14 LANTIRN,aircraft electro-optical system,Sensors,1989,10,1991,1.0,1.0,10.0
6246,Israel,AAQ-14 LANTIRN,aircraft electro-optical system,Sensors,1989,10,1992,1.0,1.0,10.0
6267,Israel,T-6 Texan-2 -,(armed) trainer aircraft,Aircraft,2008,10,2009,2.0,2.0,20.0
6268,Israel,T-6 Texan-2 -,(armed) trainer aircraft,Aircraft,2008,10,2010,2.0,2.0,20.0
6269,Israel,AGM-114 Hellfire-2,anti-tank/air-to-surface missile,Missiles,1995,125,1999,0.05,0.05,6.25
6270,Israel,AGM-114 Hellfire-2,anti-tank/air-to-surface missile,Missiles,1995,125,1998,0.05,0.05,6.25
6271,Israel,M-113,armoured personnel carrier,Armoured vehicles,2012,1,2013,0.25,0.1,0.1
6272,Israel,M-113,armoured personnel carrier,Armoured vehicles,2012,255,2014,0.25,0.1,25.5
6273,Israel,M-113,armoured personnel carrier,Armoured vehicles,2012,44,2015,0.25,0.1,4.4
6281,Israel,AAQ-14 LANTIRN,aircraft electro-optical system,Sensors,2014,60,2015,1.0,0.4,24.0
6282,Israel,M-113,armoured personnel carrier,Armoured vehicles,2002,15,2003,0.25,0.1,1.5
6283,Israel,AIM-9X,long-range air-to-air missile,Missiles,2014,5,2016,0.18,0.18,0.9
6284,Israel,AIM-9X,long-range air-to-air missile,Missiles,2014,5,2017,0.18,0.18,0.9
6285,Israel,AIM-9X,long-range air-to-air missile,Missiles,2014,10,2019,0.18,0.18,1.8
6286,Israel,AIM-9X,long-range air-to-air missile,Missiles,2014,8,2020,0.18,0.18,1.44
6287,Israel,King Air,light transport aircraft,Aircraft,2001,3,2002,2.85,2.85,8.55
6288,Israel,King Air,light transport aircraft,Aircraft,2001,5,2003,2.85,2.85,14.25
6289,Israel,King Air,light transport aircraft,Aircraft,1990,4,1990,2.85,2.85,11.4
6300,Israel,F-35A Lightning-2,FGA aircraft,Aircraft,2015,1,2019,55.0,55.0,55.0
6301,Israel,F-35A Lightning-2,FGA aircraft,Aircraft,2015,4,2020,55.0,55.0,220.0
6302,Israel,F-35A Lightning-2,FGA aircraft,Aircraft,2015,6,2021,55.0,55.0,330.0
6303,Israel,F-35A Lightning-2,FGA aircraft,Aircraft,2015,3,2022,55.0,55.0,165.0
6305,Israel,JDAM,guided bomb,Missiles,2021,1800,2023,0.02,0.02,36.0
6306,Israel,F-15A Eagle,FGA aircraft,Aircraft,1990,15,1991,42.5,17.0,255.0
6318,Israel,F-16C,FGA aircraft,Aircraft,1988,15,1991,28.5,28.5,427.5
6319,Israel,F-16C,FGA aircraft,Aircraft,1988,30,1992,28.5,28.5,855.0
6320,Israel,F-16C,FGA aircraft,Aircraft,1988,15,1993,28.5,28.5,427.5
6321,Israel,F-15E Strike Eagle,FGA aircraft,Aircraft,1994,16,1998,70.0,70.0,1120.0
6322,Israel,F-15E Strike Eagle,FGA aircraft,Aircraft,1994,5,1999,70.0,70.0,350.0
6337,Israel,C-130J Hercules,transport aircraft,Aircraft,2010,1,2013,40.0,40.0,40.0
6338,Israel,C-130J Hercules,transport aircraft,Aircraft,2010,1,2014,40.0,40.0,40.0
6339,Israel,C-130J Hercules,transport aircraft,Aircraft,2010,1,2015,40.0,40.0,40.0
6340,Israel,JDAM,guided bomb,Missiles,2012,1500,2013,0.02,0.02,30.0
6341,Israel,JDAM,guided bomb,Missiles,2015,100,2016,0.02,0.02,2.0
6342,Israel,JDAM,guided bomb,Missiles,2014,1500,2015,0.02,0.02,30.0
6343,Israel,JDAM,guided bomb,Missiles,2014,1500,2016,0.02,0.02,30.0
6344,Israel,JDAM,guided bomb,Missiles,2010,150,2010,0.02,0.02,3.0
6345,Israel,JDAM,guided bomb,Missiles,2009,1150,2010,0.02,0.02,23.0
6346,Israel,JDAM,guided bomb,Missiles,2009,1150,2011,0.02,0.02,23.0
6347,Israel,JDAM,guided bomb,Missiles,2009,1150,2012,0.02,0.02,23.0
6348,Israel,GBU-39 SDB,guided glide bomb,Missiles,2012,1150,2015,0.02,0.02,23.0
6349,Israel,GBU-39 SDB,guided glide bomb,Missiles,2012,1150,2016,0.02,0.02,23.0
6350,Israel,GBU-39 SDB,guided glide bomb,Missiles,2012,1150,2017,0.02,0.02,23.0
6351,Israel,Paveway,guided bomb,Missiles,2015,422,2019,0.02,0.02,8.44
6352,Israel,Paveway,guided bomb,Missiles,2015,278,2018,0.02,0.02,5.56
6353,Israel,GBU-39 SDB,guided glide bomb,Missiles,2021,1000,2023,0.02,0.02,20.0
6354,Israel,M-270 MLRS,multiple rocket launcher,Artillery,2015,15,2015,1.2,0.48,7.2
6355,Israel,F-15C Eagle,FGA aircraft,Aircraft,2016,9,2016,47.5,19.0,171.0
6356,Israel,GMLRS,guided rocket,Missiles,2016,500,2017,0.08,0.08,40.0
6357,Israel,GMLRS,guided rocket,Missiles,2016,500,2018,0.08,0.08,40.0
6360,Israel,Gulfstream-5,light transport aircraft,Aircraft,2017,1,2023,28.0,28.0,28.0
6362,Israel,Gulfstream-5,light transport aircraft,Aircraft,2001,1,2006,28.0,28.0,28.0
6363,Israel,Gulfstream-5,light transport aircraft,Aircraft,2001,2,2007,28.0,28.0,56.0
6364,Israel,Gulfstream-5,light transport aircraft,Aircraft,2003,2,2007,28.0,28.0,56.0
6365,Israel,C-130J Hercules,transport aircraft,Aircraft,2013,3,2016,40.0,40.0,120.0
6366,Israel,C-130J Hercules,transport aircraft,Aircraft,2013,1,2018,40.0,40.0,40.0
6367,Israel,M-113,armoured personnel carrier,Armoured vehicles,1993,3,1994,0.25,0.25,0.75
6368,Israel,F-16I,FGA aircraft,Aircraft,1999,21,2004,37.5,37.5,787.5
6369,Israel,F-16I,FGA aircraft,Aircraft,1999,22,2005,37.5,37.5,825.0
6370,Israel,F-16I,FGA aircraft,Aircraft,1999,7,2006,37.5,37.5,262.5
6371,Israel,F-35A Lightning-2,FGA aircraft,Aircraft,2010,2,2016,55.0,55.0,110.0
6372,Israel,F-35A Lightning-2,FGA aircraft,Aircraft,2010,7,2017,55.0,55.0,385.0
6373,Israel,F-35A Lightning-2,FGA aircraft,Aircraft,2010,5,2018,55.0,55.0,275.0
6374,Israel,F-35A Lightning-2,FGA aircraft,Aircraft,2010,5,2019,55.0,55.0,275.0
6375,Israel,F-16I,FGA aircraft,Aircraft,2001,14,2006,37.5,37.5,525.0
6376,Israel,F-16I,FGA aircraft,Aircraft,2001,3,2009,37.5,37.5,112.5
6377,Israel,F-16I,FGA aircraft,Aircraft,2001,18,2007,37.5,37.5,675.0
6378,Israel,F-16I,FGA aircraft,Aircraft,2001,17,2008,37.5,37.5,637.5
6379,Israel,JDAM,guided bomb,Missiles,2016,1588,2019,0.02,0.02,31.76
6389,Israel,Harpoon Block-1,anti-ship missile,Missiles,1989,15,1996,0.9,0.9,13.5
6390,Israel,Harpoon Block-1,anti-ship missile,Missiles,1989,5,1997,0.9,0.9,4.5
6391,Israel,Harpoon Block-1,anti-ship missile,Missiles,1989,15,1994,0.9,0.9,13.5
6392,Israel,Harpoon Block-1,anti-ship missile,Missiles,1989,15,1995,0.9,0.9,13.5
6393,Israel,F-15A Eagle,FGA aircraft,Aircraft,1991,10,1992,42.5,17.0,170.0
6394,Israel,F-16A,FGA aircraft,Aircraft,1994,40,1994,20.65,8.26,330.4
6395,Israel,F-16A,FGA aircraft,Aircraft,1994,10,1995,20.65,8.26,82.6
6397,Israel,M-113,armoured personnel carrier,Armoured vehicles,1995,28,1995,0.25,0.1,2.8
6398,Israel,AH-1F Cobra,combat helicopter,Aircraft,1995,14,1996,7.5,3.0,42.0
6399,Israel,AH-1F Cobra,combat helicopter,Aircraft,1995,2,1997,7.5,3.0,6.0
6400,Israel,M-901,tank destroyer,Armoured vehicles,1993,225,1994,0.9,0.36,81.0
6401,Israel,M-901,tank destroyer,Armoured vehicles,1993,225,1995,0.9,0.36,81.0
6402,Israel,MIM-72C,SAM,Missiles,1999,160,1999,0.11,0.11,17.6
6403,Israel,Popeye,air-to-surface missile,Missiles,2001,20,2002,0.9,0.9,18.0
6404,Israel,Popeye,air-to-surface missile,Missiles,2001,20,2003,0.9,0.9,18.0
6405,Israel,AH-64D Apache Longbow,combat helicopter,Aircraft,2001,11,2005,15.5,15.5,170.5
6406,Israel,AH-64D Apache Longbow,combat helicopter,Aircraft,2001,1,2006,15.5,15.5,15.5
6413,Israel,GBU-28,guided bomb,Missiles,2005,100,2006,0.1,0.1,10.0
6414,Israel,AH-1F Cobra,combat helicopter,Aircraft,2005,42,2006,7.5,3.0,126.0
6415,Israel,GBU-39 SDB,guided glide bomb,Missiles,2008,50,2010,0.02,0.02,1.0
6416,Israel,GBU-39 SDB,guided glide bomb,Missiles,2008,450,2012,0.02,0.02,9.0
6417,Israel,GBU-39 SDB,guided glide bomb,Missiles,2008,500,2011,0.02,0.02,10.0
6418,Israel,AH-64D Apache Longbow,combat helicopter,Aircraft,2011,3,2012,15.5,15.5,46.5
6419,Israel,JDAM,guided bomb,Missiles,2007,1175,2007,0.02,0.02,23.5
6420,Israel,JDAM,guided bomb,Missiles,2007,1175,2008,0.02,0.02,23.5
6421,Israel,JDAM,guided bomb,Missiles,2013,1350,2014,0.02,0.02,27.0
6422,Israel,JDAM,guided bomb,Missiles,2013,1351,2015,0.02,0.02,27.02
6423,Israel,APG-78 Longbow,combat helicopter radar,Sensors,2004,6,2006,3.0,3.0,18.0
6424,Israel,B-707,transport aircraft,Aircraft,2010,1,2011,44.5,17.8,17.8
6427,Israel,T-6 Texan-2 -,(armed) trainer aircraft,Aircraft,2011,1,2012,2.0,2.0,2.0
6428,Israel,F-124 (2850),turbofan,Engines,2012,18,2014,1.0,1.0,18.0
6429,Israel,F-124 (2850),turbofan,Engines,2012,26,2015,1.0,1.0,26.0
6430,Israel,F-124 (2850),turbofan,Engines,2012,16,2016,1.0,1.0,16.0
6433,Israel,RC-12,signals intelligence aircraft,Aircraft,1990,2,1991,15.0,15.0,30.0
6434,Israel,vehicle engine 601-800,vehicle engine,Engines,1999,100,2002,0.11,0.11,11.0
6435,Israel,vehicle engine 601-800,vehicle engine,Engines,1999,100,2001,0.11,0.11,11.0
6436,Israel,vehicle engine 601-800,vehicle engine,Engines,1999,100,2000,0.11,0.11,11.0
6446,Israel,F-35A Lightning-2,FGA aircraft,Aircraft,2017,3,2023,55.0,55.0,165.0
6447,Israel,F-35A Lightning-2,FGA aircraft,Aircraft,2017,3,2022,55.0,55.0,165.0
6528,Israel,APG-76,combat aircraft radar,Sensors,1987,9,1990,2.0,2.0,18.0
6529,Israel,APG-76,combat aircraft radar,Sensors,1987,11,1991,2.0,2.0,22.0
6530,Israel,APG-76,combat aircraft radar,Sensors,1987,11,1992,2.0,2.0,22.0
6531,Israel,APG-76,combat aircraft radar,Sensors,1987,11,1993,2.0,2.0,22.0
6532,Israel,APG-76,combat aircraft radar,Sensors,1987,3,1994,2.0,2.0,6.0
6605,Israel,F-15C Eagle,FGA aircraft,Aircraft,1988,5,1992,47.5,47.5,237.5
6606,Israel,Saar-5 -,corvette,Ships,1989,2,1994,127.35,127.35,254.7
6607,Israel,Saar-5 -,corvette,Ships,1989,1,1995,127.35,127.35,127.35
6609,Israel,AGM-114 Hellfire,anti-tank missile,Missiles,1990,100,1990,0.04,0.04,4.0
6610,Israel,AGM-114 Hellfire,anti-tank missile,Missiles,1990,425,1991,0.04,0.04,17.0
6611,Israel,AH-64A Apache,combat helicopter,Aircraft,1989,2,1990,14.0,14.0,28.0
6612,Israel,AH-64A Apache,combat helicopter,Aircraft,1989,16,1991,14.0,14.0,224.0
6615,Israel,Patriot SAMS,SAM system,Air-defence systems,1991,1,1993,47.0,47.0,47.0
6619,Israel,Stinger,portable SAM,Missiles,1993,100,1993,0.08,0.08,8.0
6620,Israel,Stinger,portable SAM,Missiles,1993,100,1994,0.08,0.08,8.0
6621,Israel,Stinger,portable SAM,Missiles,1993,100,1995,0.08,0.08,8.0
6622,Israel,Stinger,portable SAM,Missiles,1993,44,1996,0.08,0.08,3.52
6623,Israel,S-65,transport helicopter,Aircraft,1990,7,1991,10.0,4.0,28.0
6624,Israel,S-65,transport helicopter,Aircraft,1990,3,1990,10.0,4.0,12.0
6625,Israel,AIM-9M,short-range air-to-air missile,Missiles,1990,100,1993,0.12,0.12,12.0
6626,Israel,AIM-9M,short-range air-to-air missile,Missiles,1990,100,1994,0.12,0.12,12.0
6627,Israel,AIM-9M,short-range air-to-air missile,Missiles,1990,100,1995,0.12,0.12,12.0
6628,Israel,Patriot SAMS,SAM system,Air-defence systems,1990,2,1991,47.0,47.0,94.0
6629,Israel,AH-64A Apache,combat helicopter,Aircraft,1992,6,1993,14.0,5.6,33.6
6630,Israel,AH-64A Apache,combat helicopter,Aircraft,1992,18,1993,14.0,5.6,100.8
6631,Israel,M-270 MLRS,multiple rocket launcher,Artillery,1994,6,1994,1.2,1.2,7.2
6632,Israel,M-113,armoured personnel carrier,Armoured vehicles,1993,6,1995,0.25,0.1,0.6
6637,Israel,Phalanx,naval gun,Naval weapons,1986,1,1995,7.0,7.0,7.0
6638,Israel,Phalanx,naval gun,Naval weapons,1986,1,1994,7.0,7.0,7.0
6639,Israel,Phalanx,naval gun,Naval weapons,1986,1,1991,7.0,7.0,7.0
6645,Israel,F-15E Strike Eagle,FGA aircraft,Aircraft,1995,4,1999,70.0,70.0,280.0
6652,Israel,M-270 MLRS,multiple rocket launcher,Artillery,1995,6,1995,1.2,1.2,7.2
6653,Israel,M-270 MLRS,multiple rocket launcher,Artillery,1995,16,1997,1.2,1.2,19.2
6654,Israel,M-270 MLRS,multiple rocket launcher,Artillery,1995,20,1998,1.2,1.2,24.0
6655,Israel,M-270 MLRS,multiple rocket launcher,Artillery,1995,16,1999,1.2,1.2,19.2
6674,Israel,Harpoon Block-1,anti-ship missile,Missiles,1989,15,1991,0.9,0.9,13.5
6675,Israel,TB-20 Trinidad,light aircraft,Aircraft,1994,20,1996,0.24,0.24,4.8
6676,Israel,S-70L Black Hawk,transport helicopter,Aircraft,1997,15,1998,7.25,7.25,108.75
6679,Israel,Harpoon Block-1,anti-ship missile,Missiles,1998,2,2001,0.9,0.9,1.8
6680,Israel,Harpoon Block-1,anti-ship missile,Missiles,1998,14,2002,0.9,0.9,12.6
6685,Israel,AIM-120B AMRAAM,long-range air-to-air missile,Missiles,1998,5,1998,0.4,0.4,2.0
6686,Israel,AIM-120B AMRAAM,long-range air-to-air missile,Missiles,1998,14,1999,0.4,0.4,5.6
6687,Israel,AIM-120B AMRAAM,long-range air-to-air missile,Missiles,1998,21,2000,0.4,0.4,8.4
6688,Israel,AIM-120B AMRAAM,long-range air-to-air missile,Missiles,1998,24,2001,0.4,0.4,9.6
6689,Israel,King Air,light transport aircraft,Aircraft,1998,5,2000,2.85,2.85,14.25
6691,Israel,AIM-120B AMRAAM,long-range air-to-air missile,Missiles,1999,15,2001,0.4,0.4,6.0
6692,Israel,AIM-120B AMRAAM,long-range air-to-air missile,Missiles,1999,27,2002,0.4,0.4,10.8
6693,Israel,S-70L Black Hawk,transport helicopter,Aircraft,2001,24,2002,7.25,7.25,174.0
6694,Israel,B-707,transport aircraft,Aircraft,2000,1,2001,44.5,17.8,17.8
6695,Israel,AGM-114L Hellfire,anti-tank missile,Missiles,2000,240,2005,0.07,0.07,16.8
6696,Israel,AGM-114L Hellfire,anti-tank missile,Missiles,2000,240,2006,0.07,0.07,16.8
6701,Israel,TOW,anti-tank missile,Missiles,2002,1000,2003,0.01,0.01,10.0
6702,Israel,TOW,anti-tank missile,Missiles,2002,1030,2004,0.01,0.01,10.3
6703,Israel,TOW-2B,anti-tank missile,Missiles,2002,200,2003,0.02,0.02,4.0
6704,Israel,TOW-2B,anti-tank missile,Missiles,2002,200,2004,0.02,0.02,4.0
6705,Israel,AIM-120C AMRAAM,long-range air-to-air missile,Missiles,2001,13,2003,0.6,0.6,7.8
6706,Israel,AIM-120C AMRAAM,long-range air-to-air missile,Missiles,2001,35,2004,0.6,0.6,21.0
6707,Israel,King Air,light transport aircraft,Aircraft,2002,6,2003,2.85,2.85,17.1
6709,Israel,AH-64D Apache Longbow,combat helicopter,Aircraft,2004,6,2006,15.5,15.5,93.0
6710,Israel,AAQ-13 LANTIRN,combat aircraft radar,Sensors,1998,15,2000,1.0,1.0,15.0
6711,Israel,AAQ-13 LANTIRN,combat aircraft radar,Sensors,1998,15,2001,1.0,1.0,15.0
6712,Israel,AAQ-13 LANTIRN,combat aircraft radar,Sensors,1993,10,1995,1.0,1.0,10.0
6717,Israel,HMMWV-UA,armoured personnel carrier,Armoured vehicles,2002,40,2003,0.13,0.13,5.2
6718,Israel,HMMWV-UA,armoured personnel carrier,Armoured vehicles,2002,80,2004,0.13,0.13,10.4
6719,Israel,Bonanza,light aircraft,Aircraft,2004,5,2004,0.24,0.24,1.2
6720,Israel,Bonanza,light aircraft,Aircraft,2004,13,2005,0.24,0.24,3.12
6721,Israel,AH-1F Cobra,combat helicopter,Aircraft,2001,15,2002,7.5,3.0,45.0
6722,Israel,AH-1F Cobra,combat helicopter,Aircraft,2001,15,2005,7.5,3.0,45.0
6723,Israel,AGM-114 Hellfire-2,anti-tank/air-to-surface missile,Missiles,2023,2000,2023,0.05,0.02,40.0
6724,Israel,AGM-114 Hellfire-2,anti-tank/air-to-surface missile,Missiles,2023,1000,2024,0.05,0.02,20.0
6725,Israel,L-ATV,armoured personnel carrier,Armoured vehicles,2023,71,2024,0.18,0.18,12.78
6726,Israel,L-ATV,armoured personnel carrier,Armoured vehicles,2023,4,2023,0.18,0.18,0.72
6727,Israel,Iron Dome,SAM system,Air-defence systems,2023,2,2023,25.0,10.0,20.0
6728,Israel,JDAM,guided bomb,Missiles,2000,350,2000,0.02,0.02,7.0
6729,Israel,JDAM,guided bomb,Missiles,2000,350,2001,0.02,0.02,7.0
6730,Israel,JDAM,guided bomb,Missiles,2002,1000,2003,0.02,0.02,20.0
6731,Israel,JDAM,guided bomb,Missiles,2004,840,2005,0.02,0.02,16.8
6732,Israel,Namer APC,armoured personnel carrier,Armoured vehicles,2011,50,2024,1.5,1.5,75.0
6733,Israel,Namer APC,armoured personnel carrier,Armoured vehicles,2011,50,2023,1.5,1.5,75.0
6734,Israel,Namer APC,armoured personnel carrier,Armoured vehicles,2011,50,2022,1.5,1.5,75.0
6735,Israel,Namer APC,armoured personnel carrier,Armoured vehicles,2011,50,2021,1.5,1.5,75.0
6736,Israel,Namer APC,armoured personnel carrier,Armoured vehicles,2011,50,2020,1.5,1.5,75.0
6737,Israel,Namer APC,armoured personnel carrier,Armoured vehicles,2011,40,2019,1.5,1.5,60.0
6738,Israel,Namer APC,armoured personnel carrier,Armoured vehicles,2011,40,2018,1.5,1.5,60.0
6739,Israel,Namer APC,armoured personnel carrier,Armoured vehicles,2011,30,2017,1.5,1.5,45.0
6740,Israel,Namer APC,armoured personnel carrier,Armoured vehicles,2011,30,2016,1.5,1.5,45.0
6741,Israel,Namer APC,armoured personnel carrier,Armoured vehicles,2011,30,2015,1.5,1.5,45.0
6742,Israel,Namer APC,armoured personnel carrier,Armoured vehicles,2011,7,2014,1.5,1.5,10.5
6743,Israel,M-106A3,self-propelled mortar,Artillery,2011,160,2012,0.55,0.22,35.2
6744,Israel,MIM-104 PAC-2,SAM,Missiles,1991,57,1993,1.0,1.0,57.0
6745,Israel,MIM-104 PAC-2,SAM,Missiles,1991,32,1992,1.0,1.0,32.0
6753,Israel,vehicle engine 801-1100,vehicle engine,Engines,2000,25,2005,0.16,0.16,4.0
6754,Israel,vehicle engine 801-1100,vehicle engine,Engines,2000,25,2004,0.16,0.16,4.0
6759,Israel,GBU-28,guided bomb,Missiles,2007,50,2009,0.1,0.1,5.0
6762,Israel,Kuroda,landing ship,Ships,2019,1,2023,40.0,40.0,40.0
6763,Israel,Kuroda,landing ship,Ships,2019,1,2024,40.0,40.0,40.0
6764,Israel,GBU-39 SDB,guided glide bomb,Missiles,2017,250,2018,0.02,0.02,5.0
6765,Israel,GBU-39 SDB,guided glide bomb,Missiles,2017,936,2019,0.02,0.02,18.72
6766,Israel,GBU-39 SDB,guided glide bomb,Missiles,2017,1000,2020,0.02,0.02,20.0
6767,Israel,GBU-39 SDB,guided glide bomb,Missiles,2017,1000,2021,0.02,0.02,20.0
6768,Israel,GBU-39 SDB,guided glide bomb,Missiles,2017,914,2022,0.02,0.02,18.28
6771,Israel,vehicle engine 801-1100,vehicle engine,Engines,1975,75,2001,0.16,0.16,12.0
6772,Israel,vehicle engine 801-1100,vehicle engine,Engines,1975,50,2002,0.16,0.16,8.0
6773,Israel,vehicle engine 801-1100,vehicle engine,Engines,1975,30,2003,0.16,0.16,4.8
6774,Israel,vehicle engine 801-1100,vehicle engine,Engines,1975,50,1992,0.16,0.16,8.0
6775,Israel,vehicle engine 801-1100,vehicle engine,Engines,1975,50,1993,0.16,0.16,8.0
6776,Israel,vehicle engine 801-1100,vehicle engine,Engines,1975,50,1994,0.16,0.16,8.0
6777,Israel,vehicle engine 801-1100,vehicle engine,Engines,1975,50,1995,0.16,0.16,8.0
6778,Israel,vehicle engine 801-1100,vehicle engine,Engines,1975,75,1996,0.16,0.16,12.0
6779,Israel,vehicle engine 801-1100,vehicle engine,Engines,1975,75,1997,0.16,0.16,12.0
6781,Israel,vehicle engine 801-1100,vehicle engine,Engines,1975,75,1998,0.16,0.16,12.0
6782,Israel,vehicle engine 801-1100,vehicle engine,Engines,1975,75,1999,0.16,0.16,12.0
6783,Israel,vehicle engine 801-1100,vehicle engine,Engines,1975,75,2000,0.16,0.16,12.0
6789,Israel,vehicle engine 801-1100,vehicle engine,Engines,1975,50,1991,0.16,0.16,8.0
6793,Israel,vehicle engine 801-1100,vehicle engine,Engines,1975,50,1990,0.16,0.16,8.0
6794,Israel,Paveway,guided bomb,Missiles,2004,250,2005,0.02,0.02,5.0
6795,Israel,Paveway,guided bomb,Missiles,2004,250,2006,0.02,0.02,5.0
6797,Israel,JDAM,guided bomb,Missiles,2001,1000,2002,0.02,0.02,20.0
6799,Italy,RQ-7 Shadow-200,UAV,Aircraft,2010,16,2015,0.1,0.1,1.6
6800,Italy,Gulfstream-3 EW,reconnaissance/signals intelligence aircraft,Aircraft,2012,1,2012,50.0,50.0,50.0
6801,Italy,King Air ISR,ground surveillance aircraft,Aircraft,2016,1,2016,11.0,4.4,4.4
6802,Italy,DE-1164,anti-submarine sonar,Sensors,1986,2,1994,7.5,7.5,15.0
6823,Italy,GMLRS,guided rocket,Missiles,2012,64,2013,0.08,0.08,5.12
6824,Italy,GMLRS,guided rocket,Missiles,2012,200,2014,0.08,0.08,16.0
6825,Italy,GMLRS,guided rocket,Missiles,2012,200,2015,0.08,0.08,16.0
6826,Italy,GMLRS,guided rocket,Missiles,2012,200,2016,0.08,0.08,16.0
6827,Italy,GMLRS,guided rocket,Missiles,2012,200,2017,0.08,0.08,16.0
6828,Italy,CH-47F,transport helicopter,Aircraft,2009,2,2014,20.0,20.0,40.0
6829,Italy,CH-47F,transport helicopter,Aircraft,2009,4,2015,20.0,20.0,80.0
6830,Italy,CH-47F,transport helicopter,Aircraft,2009,4,2016,20.0,20.0,80.0
6831,Italy,CH-47F,transport helicopter,Aircraft,2009,4,2017,20.0,20.0,80.0
6832,Italy,CH-47F,transport helicopter,Aircraft,2009,2,2018,20.0,20.0,40.0
6838,Italy,Tartar SAMS,naval SAM system,Naval weapons,1986,1,1991,28.75,28.75,28.75
6839,Italy,Tartar SAMS,naval SAM system,Naval weapons,1986,1,1992,28.75,28.75,28.75
6844,Italy,Stinger,portable SAM,Missiles,2001,168,2004,0.08,0.08,13.44
6845,Italy,Stinger,portable SAM,Missiles,2001,168,2003,0.08,0.08,13.44
6850,Italy,LM-2500 (30001-35000),gas turbine,Engines,2000,2,2009,7.0,7.0,14.0
6851,Italy,LM-2500 (30001-35000),gas turbine,Engines,2000,4,2008,7.0,7.0,28.0
6852,Italy,LM-2500 (30001-35000),gas turbine,Engines,2000,2,2013,7.0,7.0,14.0
6853,Italy,LM-2500 (30001-35000),gas turbine,Engines,2000,1,2014,7.0,7.0,7.0
6854,Italy,LM-2500 (30001-35000),gas turbine,Engines,2000,2,2007,7.0,7.0,14.0
6855,Italy,LM-2500 (30001-35000),gas turbine,Engines,2000,1,2015,7.0,7.0,7.0
6856,Italy,LM-2500 (30001-35000),gas turbine,Engines,2000,1,2016,7.0,7.0,7.0
6857,Italy,LM-2500 (30001-35000),gas turbine,Engines,2000,1,2017,7.0,7.0,7.0
6858,Italy,LM-2500 (30001-35000),gas turbine,Engines,2000,1,2018,7.0,7.0,7.0
6859,Italy,LM-2500 (30001-35000),gas turbine,Engines,2000,1,2019,7.0,7.0,7.0
6906,Italy,Predator UAV,UAV,Aircraft,2014,2,2015,2.0,2.0,4.0
6907,Italy,vehicle engine 201-300,vehicle engine,Engines,1986,45,1994,0.03,0.03,1.35
6908,Italy,vehicle engine 201-300,vehicle engine,Engines,1986,45,1993,0.03,0.03,1.35
6909,Italy,vehicle engine 201-300,vehicle engine,Engines,1986,45,1992,0.03,0.03,1.35
6910,Italy,vehicle engine 201-300,vehicle engine,Engines,1986,45,1991,0.03,0.03,1.35
6911,Italy,vehicle engine 201-300,vehicle engine,Engines,1986,45,1990,0.03,0.03,1.35
6913,Italy,vehicle engine 201-300,vehicle engine,Engines,1986,30,1995,0.03,0.03,0.9
6916,Italy,Tornado IDS GR,combat aircraft radar,Sensors,1976,12,1990,2.0,2.0,24.0
6924,Italy,Predator UAV,UAV,Aircraft,2001,5,2004,2.0,2.0,10.0
6925,Italy,HELRAS,anti-submarine sonar,Sensors,2003,1,2011,2.0,2.0,2.0
6926,Italy,HELRAS,anti-submarine sonar,Sensors,2003,3,2012,2.0,2.0,6.0
6927,Italy,HELRAS,anti-submarine sonar,Sensors,2003,1,2013,2.0,2.0,2.0
6928,Italy,HELRAS,anti-submarine sonar,Sensors,2003,5,2014,2.0,2.0,10.0
6929,Italy,HELRAS,anti-submarine sonar,Sensors,2003,7,2015,2.0,2.0,14.0
6930,Italy,HELRAS,anti-submarine sonar,Sensors,2003,7,2016,2.0,2.0,14.0
6931,Italy,HELRAS,anti-submarine sonar,Sensors,2003,7,2017,2.0,2.0,14.0
6932,Italy,HELRAS,anti-submarine sonar,Sensors,2003,7,2018,2.0,2.0,14.0
6933,Italy,HELRAS,anti-submarine sonar,Sensors,2003,8,2019,2.0,2.0,16.0
6934,Italy,MQ-9 UAV,UAV,Aircraft,2009,2,2010,6.5,6.5,13.0
6937,Italy,M-60A1,tank,Armoured vehicles,1993,10,1993,1.8,0.72,7.2
6938,Italy,F-16ADF,FGA aircraft,Aircraft,2001,17,2003,22.0,14.52,246.84
6939,Italy,F-16ADF,FGA aircraft,Aircraft,2001,17,2004,22.0,14.52,246.84
6965,Italy,HR-3000 HADR,air-search radar,Sensors,1985,1,1990,11.0,11.0,11.0
6966,Italy,AV-8B PLUS -,FGA aircraft,Aircraft,1992,3,1996,27.0,27.0,81.0
6967,Italy,AV-8B PLUS -,FGA aircraft,Aircraft,1992,1,1995,27.0,27.0,27.0
6968,Italy,AV-8B PLUS -,FGA aircraft,Aircraft,1992,9,1997,27.0,27.0,243.0
7042,Italy,Bell-412,helicopter,Aircraft,1980,2,1995,5.0,5.0,10.0
7044,Italy,Bell-412,helicopter,Aircraft,1980,1,2007,5.0,5.0,5.0
7046,Italy,Bell-412,helicopter,Aircraft,1980,1,1998,5.0,5.0,5.0
7047,Italy,Bell-412,helicopter,Aircraft,1980,2,1997,5.0,5.0,10.0
7048,Italy,Bell-412,helicopter,Aircraft,1980,1,2005,5.0,5.0,5.0
7049,Italy,Bell-412,helicopter,Aircraft,1980,1,2004,5.0,5.0,5.0
7050,Italy,Bell-412,helicopter,Aircraft,1980,2,1994,5.0,5.0,10.0
7056,Italy,Bell-412,helicopter,Aircraft,1980,2,1990,5.0,5.0,10.0
7057,Italy,Bell-412,helicopter,Aircraft,1980,2,1992,5.0,5.0,10.0
7058,Italy,Bell-412,helicopter,Aircraft,1980,2,1991,5.0,5.0,10.0
7059,Italy,Bell-412,helicopter,Aircraft,1980,2,1993,5.0,5.0,10.0
7060,Italy,Bell-412,helicopter,Aircraft,1980,2,1996,5.0,5.0,10.0
7088,Italy,HELRAS,anti-submarine sonar,Sensors,1999,4,2004,2.0,2.0,8.0
7089,Italy,HELRAS,anti-submarine sonar,Sensors,1999,3,2003,2.0,2.0,6.0
7090,Italy,HELRAS,anti-submarine sonar,Sensors,1999,3,2002,2.0,2.0,6.0
7102,Italy,SPS-52,air-search radar,Sensors,1986,2,1993,10.0,10.0,20.0
7103,Italy,AGM-114 Hellfire-2,anti-tank/air-to-surface missile,Missiles,2016,25,2020,0.05,0.05,1.25
7104,Italy,AGM-114 Hellfire-2,anti-tank/air-to-surface missile,Missiles,2016,25,2021,0.05,0.05,1.25
7105,Italy,MQ-9 UAV,UAV,Aircraft,2011,2,2012,6.5,6.5,13.0
7110,Italy,Gulfstream-5,light transport aircraft,Aircraft,2012,1,2016,28.0,28.0,28.0
7111,Italy,Gulfstream-5,light transport aircraft,Aircraft,2012,1,2018,28.0,28.0,28.0
7126,Italy,MD-500E,light helicopter,Aircraft,1987,10,1990,0.7,0.7,7.0
7127,Italy,MD-500E,light helicopter,Aircraft,1987,10,1991,0.7,0.7,7.0
7128,Italy,MD-500E,light helicopter,Aircraft,1987,10,1992,0.7,0.7,7.0
7129,Italy,MD-500E,light helicopter,Aircraft,1987,9,1993,0.7,0.7,6.3
7130,Italy,S-61R,transport helicopter,Aircraft,1990,4,1991,6.5,6.5,26.0
7131,Italy,S-61R,transport helicopter,Aircraft,1990,6,1992,6.5,6.5,39.0
7132,Italy,S-61R,transport helicopter,Aircraft,1990,3,1993,6.5,6.5,19.5
7137,Italy,KC-767 -,tanker/transport aircraft,Aircraft,2002,3,2011,75.0,75.0,225.0
7138,Italy,KC-767 -,tanker/transport aircraft,Aircraft,2002,1,2012,75.0,75.0,75.0
7152,Italy,LM-2500 (30001-35000),gas turbine,Engines,1986,4,1993,7.0,7.0,28.0
7153,Italy,JDAM,guided bomb,Missiles,2001,450,2002,0.02,0.02,9.0
7154,Italy,JDAM,guided bomb,Missiles,2001,490,2003,0.02,0.02,9.8
7165,Italy,DE-1167LF,anti-submarine sonar,Sensors,1982,2,1990,7.5,7.5,15.0
7166,Italy,DE-1167LF,anti-submarine sonar,Sensors,1982,2,1991,7.5,7.5,15.0
7174,Italy,aircraft engine 2001-3000,aircraft engine,Engines,1997,12,2004,0.75,0.75,9.0
7175,Italy,aircraft engine 2001-3000,aircraft engine,Engines,1997,12,2003,0.75,0.75,9.0
7176,Italy,aircraft engine 2001-3000,aircraft engine,Engines,1997,12,2002,0.75,0.75,9.0
7177,Italy,aircraft engine 2001-3000,aircraft engine,Engines,1997,12,2001,0.75,0.75,9.0
7178,Italy,aircraft engine 2001-3000,aircraft engine,Engines,1997,12,2005,0.75,0.75,9.0
7208,Italy,Cougar MRAP,armoured personnel carrier,Armoured vehicles,2008,10,2008,0.35,0.35,3.5
7209,Italy,Paveway,guided bomb,Missiles,2005,250,2006,0.02,0.02,5.0
7210,Italy,Paveway,guided bomb,Missiles,2005,250,2007,0.02,0.02,5.0
7211,Italy,Predator UAV,UAV,Aircraft,2004,2,2005,2.0,2.0,4.0
7213,Italy,APY-8 Lynx,ground-surveillance radar,Sensors,2011,3,2012,2.5,2.5,7.5
7214,Italy,Paveway,guided bomb,Missiles,1996,50,1998,0.02,0.02,1.0
7215,Italy,Paveway,guided bomb,Missiles,1996,50,1997,0.02,0.02,1.0
7216,Italy,AIM-120B AMRAAM,long-range air-to-air missile,Missiles,1997,70,2003,0.4,0.4,28.0
7217,Italy,AIM-120B AMRAAM,long-range air-to-air missile,Missiles,1997,33,2000,0.4,0.4,13.2
7218,Italy,AIM-120B AMRAAM,long-range air-to-air missile,Missiles,1997,60,2001,0.4,0.4,24.0
7219,Italy,AIM-120B AMRAAM,long-range air-to-air missile,Missiles,1997,70,2002,0.4,0.4,28.0
7220,Italy,F-124 (2850),turbofan,Engines,2009,2,2011,1.0,1.0,2.0
7221,Italy,F-124 (2850),turbofan,Engines,2009,2,2012,1.0,1.0,2.0
7222,Italy,F-124 (2850),turbofan,Engines,2009,2,2013,1.0,1.0,2.0
7223,Italy,F-124 (2850),turbofan,Engines,2009,2,2014,1.0,1.0,2.0
7224,Italy,F-124 (2850),turbofan,Engines,2009,4,2015,1.0,1.0,4.0
7225,Italy,F-124 (2850),turbofan,Engines,2009,14,2016,1.0,1.0,14.0
7226,Italy,F-124 (2850),turbofan,Engines,2009,8,2017,1.0,1.0,8.0
7227,Italy,F-124 (2850),turbofan,Engines,2009,2,2018,1.0,1.0,2.0
7228,Italy,F-124 (2850),turbofan,Engines,2009,4,2019,1.0,1.0,4.0
7229,Italy,F-124 (2850),turbofan,Engines,2009,4,2021,1.0,1.0,4.0
7230,Italy,F-124 (2850),turbofan,Engines,2009,8,2022,1.0,1.0,8.0
7231,Italy,GBU-39 SDB,guided glide bomb,Missiles,2010,250,2015,0.02,0.02,5.0
7232,Italy,GBU-39 SDB,guided glide bomb,Missiles,2010,250,2016,0.02,0.02,5.0
7233,Italy,ScanEagle,UAV,Aircraft,2011,10,2013,0.04,0.04,0.4
7297,Italy,TOW,anti-tank missile,Missiles,1987,120,1990,0.01,0.01,1.2
7298,Italy,TOW,anti-tank missile,Missiles,1987,240,1991,0.01,0.01,2.4
7299,Italy,TOW,anti-tank missile,Missiles,1987,240,1992,0.01,0.01,2.4
7300,Italy,TOW,anti-tank missile,Missiles,1987,240,1993,0.01,0.01,2.4
7301,Italy,TOW,anti-tank missile,Missiles,1987,240,1994,0.01,0.01,2.4
7302,Italy,TOW,anti-tank missile,Missiles,1987,240,1995,0.01,0.01,2.4
7303,Italy,TOW,anti-tank missile,Missiles,1987,120,1996,0.01,0.01,1.2
7304,Italy,TPS-77,air-search radar,Sensors,1990,2,1993,11.0,11.0,22.0
7305,Italy,TPS-77,air-search radar,Sensors,1990,2,1994,11.0,11.0,22.0
7306,Italy,AV-8B,FGA aircraft,Aircraft,1989,2,1991,20.0,20.0,40.0
7307,Italy,SM-1MR,SAM,Missiles,1987,8,1992,0.25,0.25,2.0
7308,Italy,AGM-88 HARM,anti-radar missile,Missiles,1992,74,1993,0.25,0.25,18.5
7312,Italy,AV-8B PLUS -,FGA aircraft,Aircraft,1991,3,1994,27.0,27.0,81.0
7314,Italy,AGM-88 HARM,anti-radar missile,Missiles,1991,22,1992,0.25,0.25,5.5
7315,Italy,AGM-88 HARM,anti-radar missile,Missiles,1991,22,1993,0.25,0.25,5.5
7316,Italy,AGM-65 Maverick,air-to-surface missile,Missiles,1994,14,1996,0.15,0.15,2.1
7317,Italy,AGM-65 Maverick,air-to-surface missile,Missiles,1994,28,1997,0.15,0.15,4.2
7318,Italy,AIM-120A AMRAAM,long-range air-to-air missile,Missiles,1994,21,1997,0.4,0.4,8.4
7319,Italy,AIM-120A AMRAAM,long-range air-to-air missile,Missiles,1994,12,1996,0.4,0.4,4.8
7347,Italy,AAV-7A1,armoured personnel carrier,Armoured vehicles,1999,9,2002,1.0,0.66,5.94
7348,Italy,AGM-88 HARM,anti-radar missile,Missiles,1992,46,1994,0.25,0.25,11.5
7349,Italy,AGM-88 HARM,anti-radar missile,Missiles,1992,200,1995,0.25,0.25,50.0
7350,Italy,AGM-88 HARM,anti-radar missile,Missiles,1992,200,1996,0.25,0.25,50.0
7359,Italy,aircraft engine 4501-6000,aircraft engine,Engines,2002,8,2008,1.5,1.5,12.0
7360,Italy,aircraft engine 4501-6000,aircraft engine,Engines,2002,4,2006,1.5,1.5,6.0
7361,Italy,aircraft engine 4501-6000,aircraft engine,Engines,2002,12,2007,1.5,1.5,18.0
7362,Italy,TPS-77,air-search radar,Sensors,2002,1,2005,11.0,11.0,11.0
7363,Italy,TPS-77,air-search radar,Sensors,2002,1,2006,11.0,11.0,11.0
7368,Italy,AIM-9L,short-range air-to-air missile,Missiles,1985,200,1990,0.11,0.11,22.0
7369,Italy,AGM-88 HARM,anti-radar missile,Missiles,2002,58,2002,0.25,0.25,14.5
7370,Italy,AGM-88 HARM,anti-radar missile,Missiles,2002,55,2003,0.25,0.25,13.75
7373,Italy,vehicle engine 401-600,vehicle engine,Engines,1999,8,2002,0.08,0.08,0.64
7374,Italy,vehicle engine 401-600,vehicle engine,Engines,1999,8,2000,0.08,0.08,0.64
7375,Italy,vehicle engine 401-600,vehicle engine,Engines,1999,9,2001,0.08,0.08,0.72
7376,Italy,FJ-44-4 (1650),turbofan,Engines,2016,2,2020,0.6,0.6,1.2
7377,Italy,FJ-44-4 (1650),turbofan,Engines,2016,3,2021,0.6,0.6,1.8
7378,Italy,JDAM,guided bomb,Missiles,2016,25,2020,0.02,0.02,0.5
7379,Italy,JDAM,guided bomb,Missiles,2016,25,2021,0.02,0.02,0.5
7380,Italy,F-35A Lightning-2,FGA aircraft,Aircraft,2006,7,2024,55.0,55.0,385.0
7381,Italy,F-35A Lightning-2,FGA aircraft,Aircraft,2006,5,2023,55.0,55.0,275.0
7382,Italy,F-35A Lightning-2,FGA aircraft,Aircraft,2006,2,2022,55.0,55.0,110.0
7383,Italy,F-35A Lightning-2,FGA aircraft,Aircraft,2006,2,2021,55.0,55.0,110.0
7384,Italy,F-35A Lightning-2,FGA aircraft,Aircraft,2006,2,2020,55.0,55.0,110.0
7385,Italy,F-35A Lightning-2,FGA aircraft,Aircraft,2006,1,2019,55.0,55.0,55.0
7386,Italy,F-35A Lightning-2,FGA aircraft,Aircraft,2006,1,2018,55.0,55.0,55.0
7387,Italy,F-35A Lightning-2,FGA aircraft,Aircraft,2006,4,2017,55.0,55.0,220.0
7388,Italy,F-35A Lightning-2,FGA aircraft,Aircraft,2006,4,2016,55.0,55.0,220.0
7389,Italy,F-35A Lightning-2,FGA aircraft,Aircraft,2006,1,2015,55.0,55.0,55.0
7390,Italy,Paveway,guided bomb,Missiles,2016,25,2020,0.02,0.02,0.5
7391,Italy,Paveway,guided bomb,Missiles,2016,25,2021,0.02,0.02,0.5
7392,Italy,AGM-88E AARGM,anti-radar missile,Missiles,2009,19,2017,0.6,0.6,11.4
7393,Italy,AGM-88E AARGM,anti-radar missile,Missiles,2009,25,2018,0.6,0.6,15.0
7394,Italy,AGM-88E AARGM,anti-radar missile,Missiles,2009,29,2019,0.6,0.6,17.4
7395,Italy,AGM-88E AARGM,anti-radar missile,Missiles,2009,31,2020,0.6,0.6,18.6
7396,Italy,AGM-88E AARGM,anti-radar missile,Missiles,2009,30,2021,0.6,0.6,18.0
7397,Italy,AGM-88E AARGM,anti-radar missile,Missiles,2009,26,2022,0.6,0.6,15.6
7398,Italy,LM-2500 (30001-35000),gas turbine,Engines,2016,1,2024,7.0,7.0,7.0
7399,Italy,LM-2500 (30001-35000),gas turbine,Engines,2016,1,2023,7.0,7.0,7.0
7400,Italy,LM-2500 (30001-35000),gas turbine,Engines,2016,2,2022,7.0,7.0,14.0
7401,Italy,Air refuel system,air refuel system,Other,1988,2,1993,10.0,10.0,20.0
7402,Italy,Air refuel system,air refuel system,Other,1988,2,1992,10.0,10.0,20.0
7406,Italy,M-270 MLRS,multiple rocket launcher,Artillery,1985,8,1991,1.2,1.2,9.6
7407,Italy,M-270 MLRS,multiple rocket launcher,Artillery,1985,8,1992,1.2,1.2,9.6
7408,Italy,M-270 MLRS,multiple rocket launcher,Artillery,1985,4,1993,1.2,1.2,4.8
7409,Italy,M-270 MLRS,multiple rocket launcher,Artillery,1985,2,1990,1.2,1.2,2.4
7410,Italy,aircraft engine 2001-3000,aircraft engine,Engines,2003,10,2020,0.75,0.75,7.5
7411,Italy,aircraft engine 2001-3000,aircraft engine,Engines,2003,10,2019,0.75,0.75,7.5
7412,Italy,aircraft engine 2001-3000,aircraft engine,Engines,2003,10,2018,0.75,0.75,7.5
7413,Italy,aircraft engine 2001-3000,aircraft engine,Engines,2003,4,2017,0.75,0.75,3.0
7414,Italy,aircraft engine 2001-3000,aircraft engine,Engines,2003,10,2016,0.75,0.75,7.5
7415,Italy,aircraft engine 2001-3000,aircraft engine,Engines,2003,6,2015,0.75,0.75,4.5
7416,Italy,aircraft engine 2001-3000,aircraft engine,Engines,2003,8,2014,0.75,0.75,6.0
7417,Italy,aircraft engine 2001-3000,aircraft engine,Engines,2003,4,2013,0.75,0.75,3.0
7418,Italy,aircraft engine 2001-3000,aircraft engine,Engines,2003,2,2012,0.75,0.75,1.5
7419,Italy,aircraft engine 2001-3000,aircraft engine,Engines,2003,2,2011,0.75,0.75,1.5
7420,Italy,aircraft engine 2001-3000,aircraft engine,Engines,2003,10,2021,0.75,0.75,7.5
7421,Italy,aircraft engine 2001-3000,aircraft engine,Engines,2003,8,2022,0.75,0.75,6.0
7422,Italy,aircraft engine 2001-3000,aircraft engine,Engines,2003,8,2023,0.75,0.75,6.0
7423,Italy,C-130J Hercules,transport aircraft,Aircraft,1997,6,2000,40.0,40.0,240.0
7424,Italy,C-130J Hercules,transport aircraft,Aircraft,1997,4,2001,40.0,40.0,160.0
7425,Italy,C-130J Hercules,transport aircraft,Aircraft,1997,2,2002,40.0,40.0,80.0
7426,Italy,C-130J Hercules,transport aircraft,Aircraft,1997,4,2003,40.0,40.0,160.0
7427,Italy,C-130J Hercules,transport aircraft,Aircraft,2000,3,2004,40.0,40.0,120.0
7428,Italy,C-130J Hercules,transport aircraft,Aircraft,2000,1,2005,40.0,40.0,40.0
7431,Italy,F-35B Lightning-2,FGA aircraft,Aircraft,2006,1,2018,60.0,60.0,60.0
7432,Italy,F-35B Lightning-2,FGA aircraft,Aircraft,2006,1,2019,60.0,60.0,60.0
7433,Italy,F-35B Lightning-2,FGA aircraft,Aircraft,2006,1,2020,60.0,60.0,60.0
7434,Italy,F-35B Lightning-2,FGA aircraft,Aircraft,2006,1,2021,60.0,60.0,60.0
7435,Italy,F-35B Lightning-2,FGA aircraft,Aircraft,2006,1,2022,60.0,60.0,60.0
7436,Italy,F-35B Lightning-2,FGA aircraft,Aircraft,2006,3,2023,60.0,60.0,180.0
7461,Italy,MQ-9 UAV,UAV,Aircraft,2008,2,2010,6.5,6.5,13.0
7463,Italy,Paveway,guided bomb,Missiles,2012,125,2014,0.02,0.02,2.5
7464,Italy,Paveway,guided bomb,Missiles,2012,125,2015,0.02,0.02,2.5
7468,Jamaica,Bell-206,light helicopter,Aircraft,2008,1,2008,0.7,0.7,0.7
7469,Jamaica,Bell-429,light helicopter,Aircraft,2018,2,2018,2.8,2.8,5.6
7470,Jamaica,Bell-429,light helicopter,Aircraft,2018,1,2019,2.8,2.8,2.8
7471,Jamaica,King Air MP,maritime patrol aircraft,Aircraft,2017,1,2018,7.5,7.5,7.5
7472,Jamaica,Bell-412,helicopter,Aircraft,2018,1,2018,5.0,5.0,5.0
7473,Jamaica,Bell-429,light helicopter,Aircraft,2019,4,2021,2.8,2.8,11.2
7474,Jamaica,Bell-505,light helicopter,Aircraft,2021,6,2021,0.9,0.9,5.4
7478,Jamaica,Bell-407,light helicopter,Aircraft,2006,1,2008,1.1,1.1,1.1
7479,Jamaica,Bell-407,light helicopter,Aircraft,2006,3,2007,1.1,1.1,3.3
7483,Jamaica,Bell-206,light helicopter,Aircraft,2010,1,2010,0.7,0.7,0.7
7493,Jamaica,Bell-412,helicopter,Aircraft,1997,2,1998,5.0,5.0,10.0
7494,Jamaica,Bell-412,helicopter,Aircraft,1997,1,1999,5.0,5.0,5.0
7496,Jamaica,vehicle engine 201-300,vehicle engine,Engines,2020,6,2021,0.03,0.03,0.18
7497,Jamaica,vehicle engine 201-300,vehicle engine,Engines,2013,6,2016,0.03,0.03,0.18
7498,Jamaica,vehicle engine 201-300,vehicle engine,Engines,2013,6,2015,0.03,0.03,0.18
7499,Japan,SM-2MR,SAM,Missiles,2016,10,2020,0.3,0.3,3.0
7500,Japan,SM-2MR,SAM,Missiles,2016,18,2021,0.3,0.3,5.4
7501,Japan,SM-2MR,SAM,Missiles,2016,18,2022,0.3,0.3,5.4
7502,Japan,Harpoon Block-1,anti-ship missile,Missiles,1995,2,1998,0.9,0.9,1.8
7503,Japan,Harpoon Block-1,anti-ship missile,Missiles,1995,9,1997,0.9,0.9,8.1
7506,Japan,CH-47D Chinook,transport helicopter,Aircraft,1984,3,2002,18.0,18.0,54.0
7511,Japan,CH-47D Chinook,transport helicopter,Aircraft,1984,8,1990,18.0,18.0,144.0
7512,Japan,CH-47D Chinook,transport helicopter,Aircraft,1984,7,1991,18.0,18.0,126.0
7513,Japan,CH-47D Chinook,transport helicopter,Aircraft,1984,7,1992,18.0,18.0,126.0
7514,Japan,CH-47D Chinook,transport helicopter,Aircraft,1984,4,1993,18.0,18.0,72.0
7515,Japan,CH-47D Chinook,transport helicopter,Aircraft,1984,2,1995,18.0,18.0,36.0
7516,Japan,CH-47D Chinook,transport helicopter,Aircraft,1984,2,1996,18.0,18.0,36.0
7517,Japan,CH-47D Chinook,transport helicopter,Aircraft,1984,2,1998,18.0,18.0,36.0
7518,Japan,CH-47D Chinook,transport helicopter,Aircraft,1984,3,2001,18.0,18.0,54.0
7519,Japan,CH-47D Chinook,transport helicopter,Aircraft,1984,2,1997,18.0,18.0,36.0
7520,Japan,CH-47D Chinook,transport helicopter,Aircraft,1984,2,1994,18.0,18.0,36.0
7521,Japan,CH-47D Chinook,transport helicopter,Aircraft,1984,3,2007,18.0,18.0,54.0
7522,Japan,CH-47D Chinook,transport helicopter,Aircraft,1984,2,2003,18.0,18.0,36.0
7523,Japan,CH-47D Chinook,transport helicopter,Aircraft,1984,6,2005,18.0,18.0,108.0
7524,Japan,CH-47D Chinook,transport helicopter,Aircraft,1984,3,2000,18.0,18.0,54.0
7525,Japan,CH-47D Chinook,transport helicopter,Aircraft,1984,2,2008,18.0,18.0,36.0
7526,Japan,CH-47D Chinook,transport helicopter,Aircraft,1984,2,1999,18.0,18.0,36.0
7527,Japan,CH-47D Chinook,transport helicopter,Aircraft,1984,4,2006,18.0,18.0,72.0
7528,Japan,CH-47D Chinook,transport helicopter,Aircraft,1984,3,2009,18.0,18.0,54.0
7529,Japan,CH-47D Chinook,transport helicopter,Aircraft,1984,3,2004,18.0,18.0,54.0
7530,Japan,CH-47D Chinook,transport helicopter,Aircraft,1984,1,2012,18.0,18.0,18.0
7531,Japan,CH-47D Chinook,transport helicopter,Aircraft,1984,1,2011,18.0,18.0,18.0
7532,Japan,CH-47D Chinook,transport helicopter,Aircraft,1984,1,2013,18.0,18.0,18.0
7533,Japan,CH-47D Chinook,transport helicopter,Aircraft,1984,3,2014,18.0,18.0,54.0
7534,Japan,CH-47D Chinook,transport helicopter,Aircraft,1984,2,2010,18.0,18.0,36.0
7535,Japan,CH-47D Chinook,transport helicopter,Aircraft,1984,1,2015,18.0,18.0,18.0
7536,Japan,CH-47D Chinook,transport helicopter,Aircraft,1984,1,2016,18.0,18.0,18.0
7537,Japan,CH-47D Chinook,transport helicopter,Aircraft,1984,1,2017,18.0,18.0,18.0
7538,Japan,E-2D Advanced Hawkeye,airborne early-warning aircraft,Aircraft,2018,2,2022,105.0,105.0,210.0
7539,Japan,E-2D Advanced Hawkeye,airborne early-warning aircraft,Aircraft,2018,3,2024,105.0,105.0,315.0
7540,Japan,E-2D Advanced Hawkeye,airborne early-warning aircraft,Aircraft,2015,1,2019,105.0,105.0,105.0
7541,Japan,E-2D Advanced Hawkeye,airborne early-warning aircraft,Aircraft,2015,2,2020,105.0,105.0,210.0
7542,Japan,E-2D Advanced Hawkeye,airborne early-warning aircraft,Aircraft,2015,1,2018,105.0,105.0,105.0
7543,Japan,Patriot-3 SAMS,SAM system,Air-defence systems,2004,1,2007,55.0,55.0,55.0
7544,Japan,Patriot-3 SAMS,SAM system,Air-defence systems,2004,6,2009,55.0,55.0,330.0
7545,Japan,Patriot-3 SAMS,SAM system,Air-defence systems,2004,4,2010,55.0,55.0,220.0
7546,Japan,Patriot-3 SAMS,SAM system,Air-defence systems,2004,5,2008,55.0,55.0,275.0
7547,Japan,MIM-104 PAC-3,ABM missile,Missiles,2005,10,2006,0.8,0.8,8.0
7548,Japan,MIM-104 PAC-3,ABM missile,Missiles,2005,10,2007,0.8,0.8,8.0
7549,Japan,MIM-104 PAC-3,ABM missile,Missiles,2005,25,2016,0.8,0.8,20.0
7550,Japan,MIM-104 PAC-3,ABM missile,Missiles,2005,40,2015,0.8,0.8,32.0
7551,Japan,MIM-104 PAC-3,ABM missile,Missiles,2005,40,2013,0.8,0.8,32.0
7552,Japan,MIM-104 PAC-3,ABM missile,Missiles,2005,25,2008,0.8,0.8,20.0
7553,Japan,MIM-104 PAC-3,ABM missile,Missiles,2005,40,2012,0.8,0.8,32.0
7554,Japan,MIM-104 PAC-3,ABM missile,Missiles,2005,40,2014,0.8,0.8,32.0
7555,Japan,MIM-104 PAC-3,ABM missile,Missiles,2005,40,2011,0.8,0.8,32.0
7556,Japan,MIM-104 PAC-3,ABM missile,Missiles,2005,40,2009,0.8,0.8,32.0
7557,Japan,MIM-104 PAC-3,ABM missile,Missiles,2005,40,2010,0.8,0.8,32.0
7558,Japan,SM-3-2,SAM/ABM,Missiles,2019,5,2023,10.0,10.0,50.0
7559,Japan,SM-3-2,SAM/ABM,Missiles,2019,4,2022,10.0,10.0,40.0
7560,Japan,SM-3-2,SAM/ABM,Missiles,2019,5,2024,10.0,10.0,50.0
7561,Japan,Harpoon Block-2,anti-ship/land-attack missile,Missiles,2015,9,2019,1.0,1.0,9.0
7562,Japan,Harpoon Block-2,anti-ship/land-attack missile,Missiles,2015,10,2020,1.0,1.0,10.0
7563,Japan,Harpoon Block-2,anti-ship/land-attack missile,Missiles,2015,10,2021,1.0,1.0,10.0
7564,Japan,Harpoon Block-2,anti-ship/land-attack missile,Missiles,2015,10,2022,1.0,1.0,10.0
7565,Japan,Harpoon Block-2,anti-ship/land-attack missile,Missiles,2015,9,2023,1.0,1.0,9.0
7566,Japan,KC-767 -,tanker/transport aircraft,Aircraft,2003,2,2008,75.0,75.0,150.0
7567,Japan,KC-767 -,tanker/transport aircraft,Aircraft,2003,1,2010,75.0,75.0,75.0
7568,Japan,KC-767 -,tanker/transport aircraft,Aircraft,2003,1,2009,75.0,75.0,75.0
7569,Japan,S-70L Black Hawk,transport helicopter,Aircraft,1988,2,2009,7.25,7.25,14.5
7570,Japan,S-70L Black Hawk,transport helicopter,Aircraft,1988,2,2008,7.25,7.25,14.5
7571,Japan,S-70L Black Hawk,transport helicopter,Aircraft,1988,2,2007,7.25,7.25,14.5
7572,Japan,S-70L Black Hawk,transport helicopter,Aircraft,1988,2,2006,7.25,7.25,14.5
7573,Japan,S-70L Black Hawk,transport helicopter,Aircraft,1988,2,2005,7.25,7.25,14.5
7574,Japan,S-70L Black Hawk,transport helicopter,Aircraft,1988,2,2004,7.25,7.25,14.5
7575,Japan,S-70L Black Hawk,transport helicopter,Aircraft,1988,2,2003,7.25,7.25,14.5
7576,Japan,S-70L Black Hawk,transport helicopter,Aircraft,1988,2,2002,7.25,7.25,14.5
7577,Japan,S-70L Black Hawk,transport helicopter,Aircraft,1988,2,2001,7.25,7.25,14.5
7578,Japan,S-70L Black Hawk,transport helicopter,Aircraft,1988,4,2000,7.25,7.25,29.0
7579,Japan,S-70L Black Hawk,transport helicopter,Aircraft,1988,5,1999,7.25,7.25,36.25
7580,Japan,S-70L Black Hawk,transport helicopter,Aircraft,1988,3,1998,7.25,7.25,21.75
7581,Japan,S-70L Black Hawk,transport helicopter,Aircraft,1988,3,1997,7.25,7.25,21.75
7582,Japan,S-70L Black Hawk,transport helicopter,Aircraft,1988,3,1996,7.25,7.25,21.75
7583,Japan,S-70L Black Hawk,transport helicopter,Aircraft,1988,3,1995,7.25,7.25,21.75
7584,Japan,S-70L Black Hawk,transport helicopter,Aircraft,1988,7,1993,7.25,7.25,50.75
7585,Japan,S-70L Black Hawk,transport helicopter,Aircraft,1988,4,1994,7.25,7.25,29.0
7586,Japan,S-70L Black Hawk,transport helicopter,Aircraft,1988,4,1992,7.25,7.25,29.0
7587,Japan,S-70L Black Hawk,transport helicopter,Aircraft,1988,5,1991,7.25,7.25,36.25
7588,Japan,S-70L Black Hawk,transport helicopter,Aircraft,1988,1,1990,7.25,7.25,7.25
7589,Japan,S-70L Black Hawk,transport helicopter,Aircraft,1988,2,2010,7.25,7.25,14.5
7590,Japan,S-70L Black Hawk,transport helicopter,Aircraft,1988,2,2011,7.25,7.25,14.5
7591,Japan,S-70L Black Hawk,transport helicopter,Aircraft,1988,2,2012,7.25,7.25,14.5
7592,Japan,S-70L Black Hawk,transport helicopter,Aircraft,1988,1,2013,7.25,7.25,7.25
7593,Japan,APY-9,airborne early-warning radar,Sensors,2018,1,2023,30.0,30.0,30.0
7594,Japan,aircraft engine 4501-6000,aircraft engine,Engines,2018,1,2022,1.5,1.5,1.5
7595,Japan,aircraft engine 4501-6000,aircraft engine,Engines,2018,1,2023,1.5,1.5,1.5
7634,Japan,AAQ-33 Sniper ATP,aircraft electro-optical system,Sensors,2015,5,2018,1.0,1.0,5.0
7635,Japan,AAQ-33 Sniper ATP,aircraft electro-optical system,Sensors,2015,5,2020,1.0,1.0,5.0
7636,Japan,AAQ-33 Sniper ATP,aircraft electro-optical system,Sensors,2015,5,2019,1.0,1.0,5.0
7637,Japan,AAQ-33 Sniper ATP,aircraft electro-optical system,Sensors,2015,5,2017,1.0,1.0,5.0
7638,Japan,AIM-120C AMRAAM,long-range air-to-air missile,Missiles,2020,32,2023,0.6,0.6,19.2
7639,Japan,AIM-120C AMRAAM,long-range air-to-air missile,Missiles,2020,16,2024,0.6,0.6,9.6
7640,Japan,MIM-104 PAC-3 MSE,ABM missile,Missiles,2018,100,2023,1.5,1.5,150.0
7641,Japan,MIM-104 PAC-3 MSE,ABM missile,Missiles,2018,100,2022,1.5,1.5,150.0
7642,Japan,MIM-104 PAC-3 MSE,ABM missile,Missiles,2018,100,2021,1.5,1.5,150.0
7643,Japan,aircraft engine 4501-6000,aircraft engine,Engines,1996,8,2007,1.5,1.5,12.0
7644,Japan,aircraft engine 4501-6000,aircraft engine,Engines,1996,4,2009,1.5,1.5,6.0
7645,Japan,aircraft engine 4501-6000,aircraft engine,Engines,1996,4,2012,1.5,1.5,6.0
7646,Japan,aircraft engine 4501-6000,aircraft engine,Engines,1996,4,2010,1.5,1.5,6.0
7647,Japan,aircraft engine 4501-6000,aircraft engine,Engines,1996,4,2017,1.5,1.5,6.0
7648,Japan,aircraft engine 4501-6000,aircraft engine,Engines,1996,4,2022,1.5,1.5,6.0
7649,Japan,aircraft engine 4501-6000,aircraft engine,Engines,1996,4,2020,1.5,1.5,6.0
7650,Japan,S-70L Black Hawk,transport helicopter,Aircraft,2010,3,2013,7.25,7.25,21.75
7651,Japan,S-70L Black Hawk,transport helicopter,Aircraft,2010,3,2016,7.25,7.25,21.75
7652,Japan,S-70L Black Hawk,transport helicopter,Aircraft,2010,5,2018,7.25,7.25,36.25
7653,Japan,S-70L Black Hawk,transport helicopter,Aircraft,2010,3,2022,7.25,7.25,21.75
7654,Japan,S-70L Black Hawk,transport helicopter,Aircraft,2010,5,2023,7.25,7.25,36.25
7655,Japan,S-70L Black Hawk,transport helicopter,Aircraft,2010,4,2019,7.25,7.25,29.0
7667,Japan,AIM-9X,long-range air-to-air missile,Missiles,2014,9,2017,0.18,0.18,1.62
7668,Japan,AIM-9X,long-range air-to-air missile,Missiles,2014,8,2018,0.18,0.18,1.44
7669,Japan,AIM-9X,long-range air-to-air missile,Missiles,2014,9,2016,0.18,0.18,1.62
7670,Japan,vehicle engine 201-300,vehicle engine,Engines,2017,4,2018,0.03,0.03,0.12
7671,Japan,MK-41 SAMS,naval SAM system,Naval weapons,2007,1,2012,20.0,20.0,20.0
7672,Japan,MK-41 SAMS,naval SAM system,Naval weapons,2007,1,2013,20.0,20.0,20.0
7673,Japan,MK-41 SAMS,naval SAM system,Naval weapons,2007,2,2014,20.0,20.0,40.0
7674,Japan,MK-41 SAMS,naval SAM system,Naval weapons,1988,1,1998,20.0,20.0,20.0
7675,Japan,MK-41 SAMS,naval SAM system,Naval weapons,1988,1,1996,20.0,20.0,20.0
7676,Japan,MK-41 SAMS,naval SAM system,Naval weapons,1988,1,1993,20.0,20.0,20.0
7677,Japan,MK-41 SAMS,naval SAM system,Naval weapons,1988,1,1995,20.0,20.0,20.0
7678,Japan,MK-41 SAMS,naval SAM system,Naval weapons,2002,1,2007,20.0,20.0,20.0
7679,Japan,MK-41 SAMS,naval SAM system,Naval weapons,2002,1,2008,20.0,20.0,20.0
7680,Japan,MK-41 SAMS,naval SAM system,Naval weapons,2004,1,2011,20.0,20.0,20.0
7681,Japan,MK-41 SAMS,naval SAM system,Naval weapons,2004,1,2009,20.0,20.0,20.0
7682,Japan,MK-41 SAMS,naval SAM system,Naval weapons,1998,1,2006,20.0,20.0,20.0
7683,Japan,MK-41 SAMS,naval SAM system,Naval weapons,1998,1,2005,20.0,20.0,20.0
7684,Japan,MK-41 SAMS,naval SAM system,Naval weapons,1998,1,2004,20.0,20.0,20.0
7685,Japan,MK-41 SAMS,naval SAM system,Naval weapons,1998,2,2003,20.0,20.0,40.0
7686,Japan,MK-41 SAMS,naval SAM system,Naval weapons,2013,1,2018,20.0,20.0,20.0
7687,Japan,MK-41 SAMS,naval SAM system,Naval weapons,2013,1,2019,20.0,20.0,20.0
7688,Japan,E-767,airborne early-warning aircraft,Aircraft,1994,2,1999,300.0,300.0,600.0
7704,Japan,ASROC,anti-submarine rocket launcher,Naval weapons,1985,1,1991,4.0,4.0,4.0
7705,Japan,ASROC,anti-submarine rocket launcher,Naval weapons,1985,3,1990,4.0,4.0,12.0
7719,Japan,Learjet-35,light transport aircraft,Aircraft,1985,1,1994,4.3,4.3,4.3
7720,Japan,Learjet-35,light transport aircraft,Aircraft,1985,1,1993,4.3,4.3,4.3
7742,Japan,F-100 EN (12000),turbofan,Engines,1978,2,2002,3.25,3.25,6.5
7743,Japan,F-100 EN (12000),turbofan,Engines,1978,2,2001,3.25,3.25,6.5
7744,Japan,F-100 EN (12000),turbofan,Engines,1978,2,2000,3.25,3.25,6.5
7745,Japan,F-100 EN (12000),turbofan,Engines,1978,4,1998,3.25,3.25,13.0
7746,Japan,F-100 EN (12000),turbofan,Engines,1978,4,1997,3.25,3.25,13.0
7747,Japan,F-100 EN (12000),turbofan,Engines,1978,4,1996,3.25,3.25,13.0
7748,Japan,F-100 EN (12000),turbofan,Engines,1978,4,1992,3.25,3.25,13.0
7749,Japan,F-100 EN (12000),turbofan,Engines,1978,4,1993,3.25,3.25,13.0
7750,Japan,F-100 EN (12000),turbofan,Engines,1978,4,1994,3.25,3.25,13.0
7751,Japan,F-100 EN (12000),turbofan,Engines,1978,4,1995,3.25,3.25,13.0
7755,Japan,F-100 EN (12000),turbofan,Engines,1978,3,1999,3.25,3.25,9.75
7759,Japan,F-100 EN (12000),turbofan,Engines,1978,4,1991,3.25,3.25,13.0
7762,Japan,F-100 EN (12000),turbofan,Engines,1978,4,1990,3.25,3.25,13.0
7763,Japan,aircraft engine 4501-6000,aircraft engine,Engines,1978,4,1994,1.5,1.5,6.0
7764,Japan,aircraft engine 4501-6000,aircraft engine,Engines,1978,4,1993,1.5,1.5,6.0
7765,Japan,aircraft engine 4501-6000,aircraft engine,Engines,1978,4,1992,1.5,1.5,6.0
7766,Japan,aircraft engine 4501-6000,aircraft engine,Engines,1978,4,1991,1.5,1.5,6.0
7767,Japan,aircraft engine 4501-6000,aircraft engine,Engines,1978,4,1990,1.5,1.5,6.0
7776,Japan,aircraft engine 4501-6000,aircraft engine,Engines,1978,4,1995,1.5,1.5,6.0
7777,Japan,aircraft engine 4501-6000,aircraft engine,Engines,1978,4,1996,1.5,1.5,6.0
7778,Japan,aircraft engine 4501-6000,aircraft engine,Engines,1978,3,1997,1.5,1.5,4.5
7779,Japan,aircraft engine 4501-6000,aircraft engine,Engines,1978,2,1998,1.5,1.5,3.0
7790,Japan,Phalanx,naval gun,Naval weapons,2007,2,2012,7.0,7.0,14.0
7791,Japan,Phalanx,naval gun,Naval weapons,2007,2,2013,7.0,7.0,14.0
7792,Japan,Phalanx,naval gun,Naval weapons,2007,4,2014,7.0,7.0,28.0
7794,Japan,Patriot-3 SAMS,SAM system,Air-defence systems,2017,3,2019,55.0,55.0,165.0
7795,Japan,Patriot-3 SAMS,SAM system,Air-defence systems,2017,3,2021,55.0,55.0,165.0
7796,Japan,Patriot-3 SAMS,SAM system,Air-defence systems,2017,4,2020,55.0,55.0,220.0
7817,Japan,Mk-46-5,anti-submarine torpedo,Missiles,1982,200,1990,0.35,0.35,70.0
7818,Japan,Mk-46-5,anti-submarine torpedo,Missiles,1982,200,1991,0.35,0.35,70.0
7819,Japan,Mk-46-5,anti-submarine torpedo,Missiles,1982,200,1992,0.35,0.35,70.0
7828,Japan,AIM-7F Sparrow,long-range air-to-air missile,Missiles,1980,135,1990,0.16,0.16,21.6
7829,Japan,AIM-7F Sparrow,long-range air-to-air missile,Missiles,1980,135,1991,0.16,0.16,21.6
7917,Japan,aircraft engine 3001-4500,aircraft engine,Engines,1984,1,2012,1.1,1.1,1.1
7918,Japan,aircraft engine 3001-4500,aircraft engine,Engines,1984,1,2011,1.1,1.1,1.1
7919,Japan,aircraft engine 3001-4500,aircraft engine,Engines,1984,1,2010,1.1,1.1,1.1
7920,Japan,aircraft engine 3001-4500,aircraft engine,Engines,1984,1,2009,1.1,1.1,1.1
7921,Japan,aircraft engine 3001-4500,aircraft engine,Engines,1984,1,2008,1.1,1.1,1.1
7922,Japan,aircraft engine 3001-4500,aircraft engine,Engines,1984,1,2007,1.1,1.1,1.1
7923,Japan,aircraft engine 3001-4500,aircraft engine,Engines,1984,1,2000,1.1,1.1,1.1
7924,Japan,aircraft engine 3001-4500,aircraft engine,Engines,1984,1,2001,1.1,1.1,1.1
7925,Japan,aircraft engine 3001-4500,aircraft engine,Engines,1984,1,2002,1.1,1.1,1.1
7926,Japan,aircraft engine 3001-4500,aircraft engine,Engines,1984,1,2003,1.1,1.1,1.1
7927,Japan,aircraft engine 3001-4500,aircraft engine,Engines,1984,1,2004,1.1,1.1,1.1
7928,Japan,aircraft engine 3001-4500,aircraft engine,Engines,1984,1,2005,1.1,1.1,1.1
7929,Japan,aircraft engine 3001-4500,aircraft engine,Engines,1984,1,2006,1.1,1.1,1.1
7930,Japan,aircraft engine 3001-4500,aircraft engine,Engines,1984,1,1999,1.1,1.1,1.1
7931,Japan,aircraft engine 3001-4500,aircraft engine,Engines,1984,1,1998,1.1,1.1,1.1
7932,Japan,aircraft engine 3001-4500,aircraft engine,Engines,1984,1,1997,1.1,1.1,1.1
7933,Japan,aircraft engine 3001-4500,aircraft engine,Engines,1984,1,1996,1.1,1.1,1.1
7934,Japan,aircraft engine 3001-4500,aircraft engine,Engines,1984,1,1995,1.1,1.1,1.1
7935,Japan,aircraft engine 3001-4500,aircraft engine,Engines,1984,1,1990,1.1,1.1,1.1
7936,Japan,aircraft engine 3001-4500,aircraft engine,Engines,1984,1,1991,1.1,1.1,1.1
7937,Japan,aircraft engine 3001-4500,aircraft engine,Engines,1984,1,1992,1.1,1.1,1.1
7938,Japan,aircraft engine 3001-4500,aircraft engine,Engines,1984,1,1993,1.1,1.1,1.1
7939,Japan,aircraft engine 3001-4500,aircraft engine,Engines,1984,1,1994,1.1,1.1,1.1
7941,Japan,aircraft engine 3001-4500,aircraft engine,Engines,1984,1,2013,1.1,1.1,1.1
7942,Japan,aircraft engine 3001-4500,aircraft engine,Engines,1984,1,2014,1.1,1.1,1.1
7943,Japan,aircraft engine 3001-4500,aircraft engine,Engines,1984,1,2015,1.1,1.1,1.1
7944,Japan,RQ-4,UAV,Aircraft,2017,3,2022,35.0,35.0,105.0
7945,Japan,vehicle engine 201-300,vehicle engine,Engines,2014,4,2014,0.03,0.03,0.12
7946,Japan,SH-60B Seahawk,anti-submarine helicopter,Aircraft,1997,2,2010,17.0,17.0,34.0
7947,Japan,SH-60B Seahawk,anti-submarine helicopter,Aircraft,1997,7,2008,17.0,17.0,119.0
7948,Japan,SH-60B Seahawk,anti-submarine helicopter,Aircraft,1997,3,2005,17.0,17.0,51.0
7949,Japan,SH-60B Seahawk,anti-submarine helicopter,Aircraft,1997,7,2007,17.0,17.0,119.0
7950,Japan,SH-60B Seahawk,anti-submarine helicopter,Aircraft,1997,5,2006,17.0,17.0,85.0
7951,Japan,SH-60B Seahawk,anti-submarine helicopter,Aircraft,1997,7,2009,17.0,17.0,119.0
7952,Japan,SH-60B Seahawk,anti-submarine helicopter,Aircraft,1997,3,2011,17.0,17.0,51.0
7953,Japan,SH-60B Seahawk,anti-submarine helicopter,Aircraft,1997,7,2015,17.0,17.0,119.0
7954,Japan,SH-60B Seahawk,anti-submarine helicopter,Aircraft,1997,3,2013,17.0,17.0,51.0
7955,Japan,SH-60B Seahawk,anti-submarine helicopter,Aircraft,1997,5,2016,17.0,17.0,85.0
7956,Japan,SH-60B Seahawk,anti-submarine helicopter,Aircraft,1997,4,2017,17.0,17.0,68.0
7957,Japan,SH-60B Seahawk,anti-submarine helicopter,Aircraft,1997,4,2018,17.0,17.0,68.0
7958,Japan,SH-60B Seahawk,anti-submarine helicopter,Aircraft,1997,5,2019,17.0,17.0,85.0
7959,Japan,SH-60B Seahawk,anti-submarine helicopter,Aircraft,1997,6,2020,17.0,17.0,102.0
7960,Japan,SH-60B Seahawk,anti-submarine helicopter,Aircraft,1997,6,2021,17.0,17.0,102.0
7961,Japan,SH-60B Seahawk,anti-submarine helicopter,Aircraft,1997,6,2022,17.0,17.0,102.0
7962,Japan,SH-60B Seahawk,anti-submarine helicopter,Aircraft,1997,1,2023,17.0,17.0,17.0
7963,Japan,AIM-120C AMRAAM,long-range air-to-air missile,Missiles,2014,17,2016,0.6,0.6,10.2
7964,Japan,AIM-120C AMRAAM,long-range air-to-air missile,Missiles,2005,25,2006,0.6,0.6,15.0
7965,Japan,RIM-116A RAM,SAM,Missiles,2014,50,2015,0.14,0.14,7.0
7966,Japan,RIM-116A RAM,SAM,Missiles,2014,50,2017,0.14,0.14,7.0
7969,Japan,MK-41 SAMS,naval SAM system,Naval weapons,2017,1,2023,20.0,20.0,20.0
7970,Japan,MK-41 SAMS,naval SAM system,Naval weapons,2017,3,2022,20.0,20.0,60.0
7971,Japan,MK-41 SAMS,naval SAM system,Naval weapons,2017,2,2024,20.0,20.0,40.0
7972,Japan,SeaRAM,naval SAM system,Naval weapons,2011,2,2015,7.0,7.0,14.0
7973,Japan,SeaRAM,naval SAM system,Naval weapons,2011,2,2017,7.0,7.0,14.0
7974,Japan,AIM-120C AMRAAM,long-range air-to-air missile,Missiles,2019,100,2022,0.6,0.6,60.0
7975,Japan,AIM-120C AMRAAM,long-range air-to-air missile,Missiles,2019,62,2023,0.6,0.6,37.2
7976,Japan,AIM-120C AMRAAM,long-range air-to-air missile,Missiles,2019,30,2021,0.6,0.6,18.0
8019,Japan,M-110A2 203mm,self-propelled gun,Artillery,1981,6,1991,1.1,1.1,6.6
8026,Japan,M-110A2 203mm,self-propelled gun,Artillery,1981,12,1990,1.1,1.1,13.2
8027,Japan,M-110A2 203mm,self-propelled gun,Artillery,1981,6,1992,1.1,1.1,6.6
8029,Japan,P-3C-3,anti-submarine aircraft,Aircraft,1988,10,1992,66.9,66.9,669.0
8030,Japan,P-3C-3,anti-submarine aircraft,Aircraft,1988,8,1993,66.9,66.9,535.2
8031,Japan,P-3C-3,anti-submarine aircraft,Aircraft,1988,2,1994,66.9,66.9,133.8
8032,Japan,P-3C-3,anti-submarine aircraft,Aircraft,1988,1,1995,66.9,66.9,66.9
8033,Japan,P-3C-3,anti-submarine aircraft,Aircraft,1988,1,1996,66.9,66.9,66.9
8034,Japan,P-3C-3,anti-submarine aircraft,Aircraft,1988,1,1997,66.9,66.9,66.9
8035,Japan,P-3C-3,anti-submarine aircraft,Aircraft,1988,9,1991,66.9,66.9,602.1
8036,Japan,AIM-7M,long-range air-to-air missile,Missiles,1990,100,1990,0.18,0.18,18.0
8037,Japan,AIM-7M,long-range air-to-air missile,Missiles,1990,150,1991,0.18,0.18,27.0
8038,Japan,AIM-7M,long-range air-to-air missile,Missiles,1990,165,1992,0.18,0.18,29.7
8039,Japan,AIM-7M,long-range air-to-air missile,Missiles,1990,165,1993,0.18,0.18,29.7
8040,Japan,AIM-7M,long-range air-to-air missile,Missiles,1990,165,1994,0.18,0.18,29.7
8041,Japan,AIM-7M,long-range air-to-air missile,Missiles,1990,165,1995,0.18,0.18,29.7
8042,Japan,AIM-7M,long-range air-to-air missile,Missiles,1990,165,1996,0.18,0.18,29.7
8043,Japan,AIM-7M,long-range air-to-air missile,Missiles,1990,165,1997,0.18,0.18,29.7
8044,Japan,AIM-7M,long-range air-to-air missile,Missiles,1990,90,1998,0.18,0.18,16.2
8047,Japan,TOW,anti-tank missile,Missiles,1983,150,1995,0.01,0.01,1.5
8048,Japan,TOW,anti-tank missile,Missiles,1983,150,1993,0.01,0.01,1.5
8049,Japan,TOW,anti-tank missile,Missiles,1983,150,1994,0.01,0.01,1.5
8050,Japan,TOW,anti-tank missile,Missiles,1983,150,1998,0.01,0.01,1.5
8051,Japan,TOW,anti-tank missile,Missiles,1983,150,1996,0.01,0.01,1.5
8054,Japan,TOW,anti-tank missile,Missiles,1983,150,1997,0.01,0.01,1.5
8056,Japan,TOW,anti-tank missile,Missiles,1983,150,1990,0.01,0.01,1.5
8057,Japan,TOW,anti-tank missile,Missiles,1983,150,1991,0.01,0.01,1.5
8058,Japan,TOW,anti-tank missile,Missiles,1983,150,1992,0.01,0.01,1.5
8059,Japan,BQS-4,submarine sonar,Sensors,1986,1,1990,5.0,5.0,5.0
8060,Japan,BQS-4,submarine sonar,Sensors,1986,1,1991,5.0,5.0,5.0
8061,Japan,BQS-4,submarine sonar,Sensors,1986,1,1992,5.0,5.0,5.0
8062,Japan,BQS-4,submarine sonar,Sensors,1986,1,1997,5.0,5.0,5.0
8063,Japan,BQS-4,submarine sonar,Sensors,1986,1,1993,5.0,5.0,5.0
8064,Japan,BQS-4,submarine sonar,Sensors,1986,1,1994,5.0,5.0,5.0
8065,Japan,BQS-4,submarine sonar,Sensors,1986,1,1995,5.0,5.0,5.0
8068,Japan,Patriot SAMS,SAM system,Air-defence systems,1985,13,1990,47.0,47.0,611.0
8069,Japan,Patriot SAMS,SAM system,Air-defence systems,1985,12,1991,47.0,47.0,564.0
8070,Japan,B-747-400,heavy transport aircraft,Aircraft,1990,2,1991,145.0,145.0,290.0
8080,Japan,P-3C-2.5,anti-submarine aircraft,Aircraft,1978,9,1990,55.0,55.0,495.0
8105,Japan,MIM-23B,SAM,Missiles,1978,110,1990,0.17,0.17,18.7
8106,Japan,MIM-23B,SAM,Missiles,1978,101,1991,0.17,0.17,17.17
8107,Japan,MIM-23B,SAM,Missiles,1978,100,1992,0.17,0.17,17.0
8108,Japan,MIM-23B,SAM,Missiles,1978,100,1993,0.17,0.17,17.0
8109,Japan,Hughes-500D,light helicopter,Aircraft,1977,1,2000,0.71,0.71,0.71
8110,Japan,Hughes-500D,light helicopter,Aircraft,1977,1,2001,0.71,0.71,0.71
8123,Japan,Hughes-500D,light helicopter,Aircraft,1977,11,1990,0.71,0.71,7.81
8124,Japan,Hughes-500D,light helicopter,Aircraft,1977,13,1991,0.71,0.71,9.23
8125,Japan,Hughes-500D,light helicopter,Aircraft,1977,15,1992,0.71,0.71,10.65
8126,Japan,Hughes-500D,light helicopter,Aircraft,1977,15,1993,0.71,0.71,10.65
8127,Japan,Hughes-500D,light helicopter,Aircraft,1977,14,1994,0.71,0.71,9.94
8128,Japan,Hughes-500D,light helicopter,Aircraft,1977,13,1995,0.71,0.71,9.23
8129,Japan,Hughes-500D,light helicopter,Aircraft,1977,16,1996,0.71,0.71,11.36
8130,Japan,Hughes-500D,light helicopter,Aircraft,1977,13,1997,0.71,0.71,9.23
8131,Japan,Hughes-500D,light helicopter,Aircraft,1977,1,1998,0.71,0.71,0.71
8132,Japan,Hughes-500D,light helicopter,Aircraft,1977,1,1999,0.71,0.71,0.71
8160,Japan,SH-3A Sea King,anti-submarine helicopter,Aircraft,1962,3,1990,10.0,10.0,30.0
8171,Japan,AIM-7M,long-range air-to-air missile,Missiles,1977,80,1990,0.18,0.18,14.4
8172,Japan,AIM-7M,long-range air-to-air missile,Missiles,1977,20,1991,0.18,0.18,3.6
8179,Japan,AIM-9L,short-range air-to-air missile,Missiles,1981,225,1990,0.11,0.11,24.75
8181,Japan,AIM-9L,short-range air-to-air missile,Missiles,1981,200,1991,0.11,0.11,22.0
8182,Japan,AIM-9L,short-range air-to-air missile,Missiles,1981,200,1992,0.11,0.11,22.0
8183,Japan,AH-1S Cobra,combat helicopter,Aircraft,1982,2,1999,4.28,4.28,8.56
8190,Japan,AH-1S Cobra,combat helicopter,Aircraft,1982,7,1990,4.28,4.28,29.96
8191,Japan,AH-1S Cobra,combat helicopter,Aircraft,1982,9,1991,4.28,4.28,38.52
8192,Japan,AH-1S Cobra,combat helicopter,Aircraft,1982,8,1992,4.28,4.28,34.24
8193,Japan,AH-1S Cobra,combat helicopter,Aircraft,1982,6,1993,4.28,4.28,25.68
8194,Japan,AH-1S Cobra,combat helicopter,Aircraft,1982,3,1994,4.28,4.28,12.84
8195,Japan,AH-1S Cobra,combat helicopter,Aircraft,1982,2,1995,4.28,4.28,8.56
8196,Japan,AH-1S Cobra,combat helicopter,Aircraft,1982,2,1996,4.28,4.28,8.56
8197,Japan,AH-1S Cobra,combat helicopter,Aircraft,1982,2,1997,4.28,4.28,8.56
8198,Japan,AH-1S Cobra,combat helicopter,Aircraft,1982,1,1998,4.28,4.28,4.28
8199,Japan,AH-1S Cobra,combat helicopter,Aircraft,1982,1,2000,4.28,4.28,4.28
8209,Japan,F-15C Eagle,FGA aircraft,Aircraft,1978,10,1990,47.5,47.5,475.0
8210,Japan,F-15C Eagle,FGA aircraft,Aircraft,1978,10,1991,47.5,47.5,475.0
8211,Japan,F-15C Eagle,FGA aircraft,Aircraft,1978,14,1992,47.5,47.5,665.0
8212,Japan,F-15C Eagle,FGA aircraft,Aircraft,1978,11,1993,47.5,47.5,522.5
8213,Japan,F-15C Eagle,FGA aircraft,Aircraft,1978,7,1994,47.5,47.5,332.5
8214,Japan,F-15C Eagle,FGA aircraft,Aircraft,1978,8,1995,47.5,47.5,380.0
8215,Japan,F-15C Eagle,FGA aircraft,Aircraft,1978,3,1996,47.5,47.5,142.5
8216,Japan,F-15C Eagle,FGA aircraft,Aircraft,1978,6,1997,47.5,47.5,285.0
8220,Japan,F-15C Eagle,FGA aircraft,Aircraft,1978,5,1998,47.5,47.5,237.5
8221,Japan,F-15C Eagle,FGA aircraft,Aircraft,1978,4,1999,47.5,47.5,190.0
8226,Japan,CH-46A,transport helicopter,Aircraft,1988,1,1990,6.0,6.0,6.0
8227,Japan,MIM-104A Patriot,SAM,Missiles,1986,50,1994,0.75,0.75,37.5
8228,Japan,MIM-104A Patriot,SAM,Missiles,1986,50,1995,0.75,0.75,37.5
8229,Japan,MIM-104A Patriot,SAM,Missiles,1986,50,1996,0.75,0.75,37.5
8230,Japan,MIM-104A Patriot,SAM,Missiles,1986,50,1997,0.75,0.75,37.5
8231,Japan,MIM-104A Patriot,SAM,Missiles,1986,80,1998,0.75,0.75,60.0
8233,Japan,MIM-104A Patriot,SAM,Missiles,1986,150,1990,0.75,0.75,112.5
8234,Japan,MIM-104A Patriot,SAM,Missiles,1986,150,1991,0.75,0.75,112.5
8235,Japan,MIM-104A Patriot,SAM,Missiles,1986,150,1992,0.75,0.75,112.5
8236,Japan,MIM-104A Patriot,SAM,Missiles,1986,100,1993,0.75,0.75,75.0
8252,Japan,LM-2500 (30001-35000),gas turbine,Engines,2013,2,2018,7.0,7.0,14.0
8253,Japan,LM-2500 (30001-35000),gas turbine,Engines,2013,2,2019,7.0,7.0,14.0
8254,Japan,Mk-45-4 127mm,naval gun,Naval weapons,2013,1,2018,7.5,7.5,7.5
8255,Japan,Mk-45-4 127mm,naval gun,Naval weapons,2013,1,2019,7.5,7.5,7.5
8256,Japan,Phalanx,naval gun,Naval weapons,2013,2,2018,7.0,7.0,14.0
8257,Japan,Phalanx,naval gun,Naval weapons,2013,2,2019,7.0,7.0,14.0
8258,Japan,JDAM,guided bomb,Missiles,2005,36,2008,0.02,0.02,0.72
8259,Japan,JDAM,guided bomb,Missiles,2005,27,2006,0.02,0.02,0.54
8260,Japan,JDAM,guided bomb,Missiles,2005,86,2007,0.02,0.02,1.72
8261,Japan,JDAM,guided bomb,Missiles,2005,156,2009,0.02,0.02,3.12
8262,Japan,JDAM,guided bomb,Missiles,2005,24,2011,0.02,0.02,0.48
8263,Japan,JDAM,guided bomb,Missiles,2005,127,2010,0.02,0.02,2.54
8264,Japan,JDAM,guided bomb,Missiles,2005,68,2013,0.02,0.02,1.36
8265,Japan,JDAM,guided bomb,Missiles,2005,6,2017,0.02,0.02,0.12
8266,Japan,SPY-1D,air-search radar,Sensors,2016,1,2020,22.0,22.0,22.0
8267,Japan,SPY-1D,air-search radar,Sensors,2016,1,2021,22.0,22.0,22.0
8268,Japan,SeaVue,maritime patrol aircraft radar,Sensors,1992,1,2006,2.5,2.5,2.5
8269,Japan,SeaVue,maritime patrol aircraft radar,Sensors,1992,3,1995,2.5,2.5,7.5
8270,Japan,SeaVue,maritime patrol aircraft radar,Sensors,1992,1,1996,2.5,2.5,2.5
8271,Japan,SeaVue,maritime patrol aircraft radar,Sensors,1992,1,1997,2.5,2.5,2.5
8272,Japan,SeaVue,maritime patrol aircraft radar,Sensors,1992,2,1998,2.5,2.5,5.0
8273,Japan,SeaVue,maritime patrol aircraft radar,Sensors,1992,3,1999,2.5,2.5,7.5
8274,Japan,SeaVue,maritime patrol aircraft radar,Sensors,1992,4,2000,2.5,2.5,10.0
8275,Japan,SeaVue,maritime patrol aircraft radar,Sensors,1992,3,2001,2.5,2.5,7.5
8276,Japan,SeaVue,maritime patrol aircraft radar,Sensors,1992,2,2002,2.5,2.5,5.0
8277,Japan,SeaVue,maritime patrol aircraft radar,Sensors,1992,2,2003,2.5,2.5,5.0
8278,Japan,SeaVue,maritime patrol aircraft radar,Sensors,1992,1,2007,2.5,2.5,2.5
8279,Japan,SeaVue,maritime patrol aircraft radar,Sensors,1992,1,2004,2.5,2.5,2.5
8280,Japan,SeaVue,maritime patrol aircraft radar,Sensors,1992,1,2005,2.5,2.5,2.5
8281,Japan,SeaVue,maritime patrol aircraft radar,Sensors,1992,1,2009,2.5,2.5,2.5
8282,Japan,SeaVue,maritime patrol aircraft radar,Sensors,1992,1,2010,2.5,2.5,2.5
8283,Japan,AAQ-33 Sniper ATP,aircraft electro-optical system,Sensors,2014,1,2016,1.0,1.0,1.0
8284,Japan,S-70L Black Hawk,transport helicopter,Aircraft,1995,4,1998,7.25,7.25,29.0
8285,Japan,S-70L Black Hawk,transport helicopter,Aircraft,1995,2,1999,7.25,7.25,14.5
8286,Japan,S-70L Black Hawk,transport helicopter,Aircraft,1995,4,2000,7.25,7.25,29.0
8287,Japan,S-70L Black Hawk,transport helicopter,Aircraft,1995,3,2002,7.25,7.25,21.75
8288,Japan,S-70L Black Hawk,transport helicopter,Aircraft,1995,3,2003,7.25,7.25,21.75
8289,Japan,S-70L Black Hawk,transport helicopter,Aircraft,1995,1,2007,7.25,7.25,7.25
8290,Japan,S-70L Black Hawk,transport helicopter,Aircraft,1995,3,2001,7.25,7.25,21.75
8291,Japan,S-70L Black Hawk,transport helicopter,Aircraft,1995,1,2008,7.25,7.25,7.25
8292,Japan,S-70L Black Hawk,transport helicopter,Aircraft,1995,1,2009,7.25,7.25,7.25
8293,Japan,S-70L Black Hawk,transport helicopter,Aircraft,1995,2,2004,7.25,7.25,14.5
8294,Japan,S-70L Black Hawk,transport helicopter,Aircraft,1995,2,2006,7.25,7.25,14.5
8295,Japan,S-70L Black Hawk,transport helicopter,Aircraft,1995,2,2005,7.25,7.25,14.5
8296,Japan,S-70L Black Hawk,transport helicopter,Aircraft,1995,1,2010,7.25,7.25,7.25
8297,Japan,S-70L Black Hawk,transport helicopter,Aircraft,1995,1,2011,7.25,7.25,7.25
8298,Japan,S-70L Black Hawk,transport helicopter,Aircraft,1995,3,2012,7.25,7.25,21.75
8299,Japan,S-70L Black Hawk,transport helicopter,Aircraft,1995,2,2014,7.25,7.25,14.5
8300,Japan,S-70L Black Hawk,transport helicopter,Aircraft,1995,2,2013,7.25,7.25,14.5
8301,Japan,S-70L Black Hawk,transport helicopter,Aircraft,1995,1,2015,7.25,7.25,7.25
8302,Japan,S-70L Black Hawk,transport helicopter,Aircraft,1995,1,2016,7.25,7.25,7.25
8303,Japan,ESSM,SAM,Missiles,2004,75,2011,0.4,0.4,30.0
8304,Japan,ESSM,SAM,Missiles,2004,100,2010,0.4,0.4,40.0
8305,Japan,ESSM,SAM,Missiles,2004,75,2008,0.4,0.4,30.0
8306,Japan,ESSM,SAM,Missiles,2004,100,2009,0.4,0.4,40.0
8307,Japan,ESSM,SAM,Missiles,2004,25,2012,0.4,0.4,10.0
8308,Japan,ESSM,SAM,Missiles,2004,25,2013,0.4,0.4,10.0
8309,Japan,ESSM,SAM,Missiles,2004,25,2014,0.4,0.4,10.0
8310,Japan,ESSM,SAM,Missiles,2004,25,2015,0.4,0.4,10.0
8311,Japan,ESSM,SAM,Missiles,2004,25,2016,0.4,0.4,10.0
8312,Japan,ESSM,SAM,Missiles,2004,25,2017,0.4,0.4,10.0
8313,Japan,PW-4000 (26000),turbofan,Engines,2017,1,2023,6.0,6.0,6.0
8316,Japan,Mk-29 SAMS,naval SAM system,Naval weapons,1984,3,1990,5.0,5.0,15.0
8317,Japan,Mk-29 SAMS,naval SAM system,Naval weapons,1984,1,1991,5.0,5.0,5.0
8320,Japan,C-130H Hercules,transport aircraft,Aircraft,2012,2,2016,28.0,18.48,36.96
8321,Japan,C-130H Hercules,transport aircraft,Aircraft,2012,2,2014,28.0,18.48,36.96
8322,Japan,C-130H Hercules,transport aircraft,Aircraft,2012,2,2015,28.0,18.48,36.96
8324,Japan,Harpoon Block-1,anti-ship missile,Missiles,1989,99,1991,0.9,0.9,89.1
8325,Japan,KC-46A -,tanker/transport aircraft,Aircraft,2017,1,2021,90.0,90.0,90.0
8326,Japan,KC-46A -,tanker/transport aircraft,Aircraft,2017,1,2022,90.0,90.0,90.0
8327,Japan,KC-46A -,tanker/transport aircraft,Aircraft,2017,2,2024,90.0,90.0,180.0
8328,Japan,King Air,light transport aircraft,Aircraft,2019,1,2021,2.85,2.85,2.85
8329,Japan,LM-2500 (30001-35000),gas turbine,Engines,2015,4,2020,7.0,7.0,28.0
8330,Japan,LM-2500 (30001-35000),gas turbine,Engines,2015,4,2021,7.0,7.0,28.0
8331,Japan,MK-41 SAMS,naval SAM system,Naval weapons,2015,1,2020,20.0,20.0,20.0
8332,Japan,MK-41 SAMS,naval SAM system,Naval weapons,2015,1,2021,20.0,20.0,20.0
8333,Japan,SPQ-9,fire-control radar,Sensors,2015,2,2020,3.5,3.5,7.0
8334,Japan,SPQ-9,fire-control radar,Sensors,2015,2,2021,3.5,3.5,7.0
8335,Japan,Mk-45-4 127mm,naval gun,Naval weapons,2015,1,2020,7.5,7.5,7.5
8336,Japan,Mk-45-4 127mm,naval gun,Naval weapons,2015,1,2021,7.5,7.5,7.5
8337,Japan,Phalanx,naval gun,Naval weapons,2015,2,2020,7.0,7.0,14.0
8338,Japan,Phalanx,naval gun,Naval weapons,2015,2,2021,7.0,7.0,14.0
8339,Japan,EP-3C Orion,signals intelligence aircraft,Aircraft,1987,1,1990,95.0,95.0,95.0
8340,Japan,EP-3C Orion,signals intelligence aircraft,Aircraft,1987,1,1991,95.0,95.0,95.0
8364,Japan,Bell-205A-1,helicopter,Aircraft,1972,8,1990,2.62,2.62,20.96
8365,Japan,Bell-205A-1,helicopter,Aircraft,1972,8,1991,2.62,2.62,20.96
8381,Japan,SeaRAM,naval SAM system,Naval weapons,2017,1,2023,7.0,7.0,7.0
8382,Japan,SeaRAM,naval SAM system,Naval weapons,2017,3,2022,7.0,7.0,21.0
8383,Japan,SeaRAM,naval SAM system,Naval weapons,2017,2,2024,7.0,7.0,14.0
8398,Japan,SH-60B Seahawk,anti-submarine helicopter,Aircraft,1988,7,2001,17.0,17.0,119.0
8399,Japan,SH-60B Seahawk,anti-submarine helicopter,Aircraft,1988,1,2005,17.0,17.0,17.0
8400,Japan,SH-60B Seahawk,anti-submarine helicopter,Aircraft,1988,6,2004,17.0,17.0,102.0
8401,Japan,SH-60B Seahawk,anti-submarine helicopter,Aircraft,1988,8,1991,17.0,17.0,136.0
8402,Japan,SH-60B Seahawk,anti-submarine helicopter,Aircraft,1988,12,1992,17.0,17.0,204.0
8403,Japan,SH-60B Seahawk,anti-submarine helicopter,Aircraft,1988,11,1993,17.0,17.0,187.0
8404,Japan,SH-60B Seahawk,anti-submarine helicopter,Aircraft,1988,7,1994,17.0,17.0,119.0
8405,Japan,SH-60B Seahawk,anti-submarine helicopter,Aircraft,1988,7,1995,17.0,17.0,119.0
8406,Japan,SH-60B Seahawk,anti-submarine helicopter,Aircraft,1988,6,1996,17.0,17.0,102.0
8407,Japan,SH-60B Seahawk,anti-submarine helicopter,Aircraft,1988,6,1997,17.0,17.0,102.0
8408,Japan,SH-60B Seahawk,anti-submarine helicopter,Aircraft,1988,6,1998,17.0,17.0,102.0
8409,Japan,SH-60B Seahawk,anti-submarine helicopter,Aircraft,1988,7,1999,17.0,17.0,119.0
8410,Japan,SH-60B Seahawk,anti-submarine helicopter,Aircraft,1988,7,2000,17.0,17.0,119.0
8411,Japan,SH-60B Seahawk,anti-submarine helicopter,Aircraft,1988,6,2002,17.0,17.0,102.0
8412,Japan,SH-60B Seahawk,anti-submarine helicopter,Aircraft,1988,6,2003,17.0,17.0,102.0
8413,Japan,M-270 MLRS,multiple rocket launcher,Artillery,1993,9,2000,1.2,1.2,10.8
8414,Japan,M-270 MLRS,multiple rocket launcher,Artillery,1993,9,2001,1.2,1.2,10.8
8415,Japan,M-270 MLRS,multiple rocket launcher,Artillery,1993,9,1995,1.2,1.2,10.8
8416,Japan,M-270 MLRS,multiple rocket launcher,Artillery,1993,9,1996,1.2,1.2,10.8
8417,Japan,M-270 MLRS,multiple rocket launcher,Artillery,1993,9,1997,1.2,1.2,10.8
8418,Japan,M-270 MLRS,multiple rocket launcher,Artillery,1993,9,1998,1.2,1.2,10.8
8419,Japan,M-270 MLRS,multiple rocket launcher,Artillery,1993,9,1999,1.2,1.2,10.8
8420,Japan,M-270 MLRS,multiple rocket launcher,Artillery,1993,9,2002,1.2,1.2,10.8
8421,Japan,M-270 MLRS,multiple rocket launcher,Artillery,1993,9,2004,1.2,1.2,10.8
8422,Japan,M-270 MLRS,multiple rocket launcher,Artillery,1993,6,2006,1.2,1.2,7.2
8423,Japan,M-270 MLRS,multiple rocket launcher,Artillery,1993,6,2005,1.2,1.2,7.2
8424,Japan,M-270 MLRS,multiple rocket launcher,Artillery,1993,6,2003,1.2,1.2,7.2
8425,Japan,Bell-205A-1,helicopter,Aircraft,1991,13,1992,2.62,2.62,34.06
8426,Japan,Bell-205A-1,helicopter,Aircraft,1991,13,1993,2.62,2.62,34.06
8427,Japan,Bell-205A-1,helicopter,Aircraft,1991,13,1994,2.62,2.62,34.06
8428,Japan,Bell-205A-1,helicopter,Aircraft,1991,13,1995,2.62,2.62,34.06
8429,Japan,EP-3C Orion,signals intelligence aircraft,Aircraft,1992,1,1995,95.0,95.0,95.0
8430,Japan,EP-3C Orion,signals intelligence aircraft,Aircraft,1992,1,1996,95.0,95.0,95.0
8431,Japan,EP-3C Orion,signals intelligence aircraft,Aircraft,1992,1,1998,95.0,95.0,95.0
8432,Japan,AIM-7M,long-range air-to-air missile,Missiles,1993,32,1996,0.18,0.18,5.76
8433,Japan,AIM-7M,long-range air-to-air missile,Missiles,1993,32,1997,0.18,0.18,5.76
8434,Japan,AIM-7M,long-range air-to-air missile,Missiles,1993,32,1998,0.18,0.18,5.76
8435,Japan,AIM-7M,long-range air-to-air missile,Missiles,1993,32,1999,0.18,0.18,5.76
8436,Japan,AIM-7M,long-range air-to-air missile,Missiles,1993,32,2000,0.18,0.18,5.76
8437,Japan,AIM-7M,long-range air-to-air missile,Missiles,1993,32,2001,0.18,0.18,5.76
8438,Japan,AIM-7M,long-range air-to-air missile,Missiles,1993,32,2002,0.18,0.18,5.76
8439,Japan,AIM-7M,long-range air-to-air missile,Missiles,1993,32,2003,0.18,0.18,5.76
8440,Japan,AIM-7M,long-range air-to-air missile,Missiles,1993,32,2004,0.18,0.18,5.76
8441,Japan,AIM-7M,long-range air-to-air missile,Missiles,1993,32,2005,0.18,0.18,5.76
8442,Japan,AIM-7M,long-range air-to-air missile,Missiles,1993,30,2006,0.18,0.18,5.4
8453,Japan,UP-3C Orion,signals intelligence aircraft,Aircraft,1991,1,1994,45.0,45.0,45.0
8454,Japan,UP-3C Orion,signals intelligence aircraft,Aircraft,1994,1,1997,45.0,45.0,45.0
8455,Japan,UP-3C Orion,signals intelligence aircraft,Aircraft,1994,1,1998,45.0,45.0,45.0
8456,Japan,UP-3C Orion,signals intelligence aircraft,Aircraft,1994,1,1999,45.0,45.0,45.0
8457,Japan,BAE-125-800,light transport aircraft,Aircraft,1995,1,1998,9.25,9.25,9.25
8458,Japan,BAE-125-800,light transport aircraft,Aircraft,1995,3,1999,9.25,9.25,27.75
8459,Japan,BAE-125-800,light transport aircraft,Aircraft,1995,4,2000,9.25,9.25,37.0
8460,Japan,BAE-125-800,light transport aircraft,Aircraft,1995,3,2001,9.25,9.25,27.75
8461,Japan,BAE-125-800,light transport aircraft,Aircraft,1995,2,2002,9.25,9.25,18.5
8462,Japan,BAE-125-800,light transport aircraft,Aircraft,1995,2,2003,9.25,9.25,18.5
8463,Japan,BAE-125-800,light transport aircraft,Aircraft,1995,1,2004,9.25,9.25,9.25
8464,Japan,BAE-125-800,light transport aircraft,Aircraft,1995,1,2005,9.25,9.25,9.25
8465,Japan,BAE-125-800,light transport aircraft,Aircraft,1995,1,2006,9.25,9.25,9.25
8466,Japan,BAE-125-800,light transport aircraft,Aircraft,1995,1,2007,9.25,9.25,9.25
8467,Japan,BAE-125-800,light transport aircraft,Aircraft,1995,1,2009,9.25,9.25,9.25
8468,Japan,BAE-125-800,light transport aircraft,Aircraft,1995,1,2010,9.25,9.25,9.25
8473,Japan,AH-64D Apache Longbow,combat helicopter,Aircraft,2001,3,2008,15.5,15.5,46.5
8474,Japan,AH-64D Apache Longbow,combat helicopter,Aircraft,2001,1,2006,15.5,15.5,15.5
8475,Japan,AH-64D Apache Longbow,combat helicopter,Aircraft,2001,2,2007,15.5,15.5,31.0
8476,Japan,AH-64D Apache Longbow,combat helicopter,Aircraft,2001,1,2010,15.5,15.5,15.5
8477,Japan,AH-64D Apache Longbow,combat helicopter,Aircraft,2001,1,2009,15.5,15.5,15.5
8478,Japan,AH-64D Apache Longbow,combat helicopter,Aircraft,2001,1,2011,15.5,15.5,15.5
8479,Japan,AH-64D Apache Longbow,combat helicopter,Aircraft,2001,1,2012,15.5,15.5,15.5
8480,Japan,AH-64D Apache Longbow,combat helicopter,Aircraft,2001,1,2014,15.5,15.5,15.5
8481,Japan,AH-64D Apache Longbow,combat helicopter,Aircraft,2001,1,2015,15.5,15.5,15.5
8482,Japan,AH-64D Apache Longbow,combat helicopter,Aircraft,2001,1,2016,15.5,15.5,15.5
8483,Japan,SM-3-1,SAM/ABM,Missiles,2006,8,2010,7.0,7.0,56.0
8484,Japan,SM-3-1,SAM/ABM,Missiles,2006,1,2007,7.0,7.0,7.0
8485,Japan,SM-3-1,SAM/ABM,Missiles,2006,9,2008,7.0,7.0,63.0
8486,Japan,SM-3-1,SAM/ABM,Missiles,2006,18,2009,7.0,7.0,126.0
8494,Japan,Mk-45-4 127mm,naval gun,Naval weapons,2003,1,2008,7.5,7.5,7.5
8495,Japan,Mk-45-4 127mm,naval gun,Naval weapons,2003,1,2007,7.5,7.5,7.5
8496,Japan,SM-2MR,SAM,Missiles,2011,13,2013,0.3,0.3,3.9
8510,Japan,ship engine 4001-6000,ship engine,Engines,1999,6,2004,1.5,1.5,9.0
8511,Japan,ship engine 4001-6000,ship engine,Engines,1999,6,2003,1.5,1.5,9.0
8512,Japan,ship engine 4001-6000,ship engine,Engines,1999,6,2002,1.5,1.5,9.0
8513,Japan,ship engine 4001-6000,ship engine,Engines,1990,1,1995,1.5,1.5,1.5
8514,Japan,ship engine 4001-6000,ship engine,Engines,1990,2,1993,1.5,1.5,3.0
8522,Japan,APG-63,combat aircraft radar,Sensors,2004,5,2007,2.5,2.5,12.5
8523,Japan,APG-63,combat aircraft radar,Sensors,2004,5,2008,2.5,2.5,12.5
8524,Japan,APG-63,combat aircraft radar,Sensors,2004,10,2009,2.5,2.5,25.0
8525,Japan,APG-63,combat aircraft radar,Sensors,2004,10,2010,2.5,2.5,25.0
8526,Japan,APG-63,combat aircraft radar,Sensors,2004,10,2011,2.5,2.5,25.0
8527,Japan,APG-63,combat aircraft radar,Sensors,2004,10,2012,2.5,2.5,25.0
8528,Japan,APG-63,combat aircraft radar,Sensors,2004,10,2013,2.5,2.5,25.0
8529,Japan,APG-63,combat aircraft radar,Sensors,2004,10,2014,2.5,2.5,25.0
8530,Japan,APG-63,combat aircraft radar,Sensors,2004,10,2015,2.5,2.5,25.0
8557,Japan,SM-2MR,SAM,Missiles,2008,24,2010,0.3,0.3,7.2
8558,Japan,DB-110,aircraft reconnaissance system,Sensors,2000,2,2002,4.0,4.0,8.0
8559,Japan,DB-110,aircraft reconnaissance system,Sensors,2000,2,2003,4.0,4.0,8.0
8574,Japan,Enstrom-480,light helicopter,Aircraft,2010,8,2012,0.4,0.4,3.2
8575,Japan,Enstrom-480,light helicopter,Aircraft,2010,2,2011,0.4,0.4,0.8
8576,Japan,Enstrom-480,light helicopter,Aircraft,2010,10,2013,0.4,0.4,4.0
8577,Japan,Enstrom-480,light helicopter,Aircraft,2010,8,2014,0.4,0.4,3.2
8578,Japan,Enstrom-480,light helicopter,Aircraft,2010,2,2015,0.4,0.4,0.8
8579,Japan,GMLRS,guided rocket,Missiles,2009,75,2012,0.08,0.08,6.0
8580,Japan,GMLRS,guided rocket,Missiles,2009,75,2011,0.08,0.08,6.0
8581,Japan,GMLRS,guided rocket,Missiles,2009,73,2014,0.08,0.08,5.84
8582,Japan,GMLRS,guided rocket,Missiles,2009,50,2010,0.08,0.08,4.0
8583,Japan,GMLRS,guided rocket,Missiles,2009,75,2013,0.08,0.08,6.0
8648,Japan,King Air,light transport aircraft,Aircraft,1997,1,2001,2.85,2.85,2.85
8649,Japan,King Air,light transport aircraft,Aircraft,1997,1,2002,2.85,2.85,2.85
8650,Japan,King Air,light transport aircraft,Aircraft,1997,1,2003,2.85,2.85,2.85
8651,Japan,King Air,light transport aircraft,Aircraft,1997,2,1999,2.85,2.85,5.7
8652,Japan,King Air,light transport aircraft,Aircraft,1997,1,2004,2.85,2.85,2.85
8653,Japan,King Air,light transport aircraft,Aircraft,1997,2,2009,2.85,2.85,5.7
8654,Japan,TOW,anti-tank missile,Missiles,1996,17,1996,0.01,0.01,0.17
8655,Japan,AIM-120B AMRAAM,long-range air-to-air missile,Missiles,2001,10,2003,0.4,0.4,4.0
8656,Japan,SM-2MR,SAM,Missiles,2004,64,2006,0.3,0.3,19.2
8657,Japan,LM-2500 (30001-35000),gas turbine,Engines,2010,4,2015,7.0,7.0,28.0
8658,Japan,LM-2500 (30001-35000),gas turbine,Engines,2010,4,2017,7.0,7.0,28.0
8659,Japan,LM-2500 (30001-35000),gas turbine,Engines,1988,4,2007,7.0,7.0,28.0
8660,Japan,LM-2500 (30001-35000),gas turbine,Engines,1988,4,2008,7.0,7.0,28.0
8661,Japan,LM-2500 (30001-35000),gas turbine,Engines,1988,4,2009,7.0,7.0,28.0
8662,Japan,LM-2500 (30001-35000),gas turbine,Engines,1988,4,2011,7.0,7.0,28.0
8663,Japan,LM-2500 (30001-35000),gas turbine,Engines,1988,4,1993,7.0,7.0,28.0
8664,Japan,LM-2500 (30001-35000),gas turbine,Engines,1988,6,1995,7.0,7.0,42.0
8665,Japan,LM-2500 (30001-35000),gas turbine,Engines,1988,6,1996,7.0,7.0,42.0
8666,Japan,LM-2500 (30001-35000),gas turbine,Engines,1988,2,1997,7.0,7.0,14.0
8667,Japan,LM-2500 (30001-35000),gas turbine,Engines,1988,4,1998,7.0,7.0,28.0
8668,Japan,LM-2500 (30001-35000),gas turbine,Engines,1988,4,1999,7.0,7.0,28.0
8669,Japan,LM-2500 (30001-35000),gas turbine,Engines,1988,4,2000,7.0,7.0,28.0
8670,Japan,LM-2500 (30001-35000),gas turbine,Engines,1988,2,2001,7.0,7.0,14.0
8671,Japan,LM-2500 (30001-35000),gas turbine,Engines,1988,4,2002,7.0,7.0,28.0
8672,Japan,LM-2500 (30001-35000),gas turbine,Engines,1988,4,2003,7.0,7.0,28.0
8673,Japan,LM-2500 (30001-35000),gas turbine,Engines,1988,2,2004,7.0,7.0,14.0
8674,Japan,LM-2500 (30001-35000),gas turbine,Engines,1988,2,2005,7.0,7.0,14.0
8675,Japan,LM-2500 (30001-35000),gas turbine,Engines,1988,2,2006,7.0,7.0,14.0
8676,Japan,AAV-7RAM,armoured personnel carrier,Armoured vehicles,2013,4,2014,1.2,1.2,4.8
8677,Japan,AAV-7RAM,armoured personnel carrier,Armoured vehicles,2013,15,2017,1.2,1.2,18.0
8678,Japan,AAV-7RAM,armoured personnel carrier,Armoured vehicles,2013,12,2018,1.2,1.2,14.4
8679,Japan,AAV-7RAM,armoured personnel carrier,Armoured vehicles,2013,1,2016,1.2,1.2,1.2
8693,Japan,APG-78 Longbow,combat helicopter radar,Sensors,2001,1,2010,3.0,3.0,3.0
8694,Japan,APG-78 Longbow,combat helicopter radar,Sensors,2001,1,2009,3.0,3.0,3.0
8695,Japan,APG-78 Longbow,combat helicopter radar,Sensors,2001,3,2008,3.0,3.0,9.0
8696,Japan,APG-78 Longbow,combat helicopter radar,Sensors,2001,1,2006,3.0,3.0,3.0
8697,Japan,APG-78 Longbow,combat helicopter radar,Sensors,2001,2,2007,3.0,3.0,6.0
8698,Japan,APG-78 Longbow,combat helicopter radar,Sensors,2001,1,2011,3.0,3.0,3.0
8699,Japan,APG-78 Longbow,combat helicopter radar,Sensors,2001,1,2012,3.0,3.0,3.0
8700,Japan,APG-78 Longbow,combat helicopter radar,Sensors,2001,1,2014,3.0,3.0,3.0
8701,Japan,APG-78 Longbow,combat helicopter radar,Sensors,2001,1,2015,3.0,3.0,3.0
8702,Japan,APG-78 Longbow,combat helicopter radar,Sensors,2001,1,2016,3.0,3.0,3.0
8705,Japan,aircraft engine 3001-4500,aircraft engine,Engines,2012,6,2014,1.1,0.73,4.36
8706,Japan,AAV-7RAM,armoured personnel carrier,Armoured vehicles,2018,11,2019,1.2,1.2,13.2
8707,Japan,AAV-7RAM,armoured personnel carrier,Armoured vehicles,2018,7,2018,1.2,1.2,8.4
8708,Japan,AAV-7RAM,armoured personnel carrier,Armoured vehicles,2018,2,2020,1.2,1.2,2.4
8723,Japan,King Air,light transport aircraft,Aircraft,1973,2,1990,2.85,2.85,5.7
8724,Japan,King Air,light transport aircraft,Aircraft,1973,2,1992,2.85,2.85,5.7
8726,Japan,King Air,light transport aircraft,Aircraft,1973,2,1994,2.85,2.85,5.7
8727,Japan,King Air,light transport aircraft,Aircraft,1973,2,1996,2.85,2.85,5.7
8773,Japan,Phalanx,naval gun,Naval weapons,1988,6,1994,7.0,7.0,42.0
8774,Japan,Phalanx,naval gun,Naval weapons,1988,8,1993,7.0,7.0,56.0
8775,Japan,Phalanx,naval gun,Naval weapons,1988,4,1992,7.0,7.0,28.0
8776,Japan,Phalanx,naval gun,Naval weapons,1988,4,1991,7.0,7.0,28.0
8777,Japan,Phalanx,naval gun,Naval weapons,1988,3,1990,7.0,7.0,21.0
8779,Japan,Phalanx,naval gun,Naval weapons,1988,4,1995,7.0,7.0,28.0
8780,Japan,Phalanx,naval gun,Naval weapons,1988,4,1996,7.0,7.0,28.0
8781,Japan,Phalanx,naval gun,Naval weapons,1998,4,2000,7.0,7.0,28.0
8784,Japan,Harpoon Block-1,anti-ship missile,Missiles,1987,55,1990,0.9,0.9,49.5
8790,Japan,Phalanx,naval gun,Naval weapons,1981,6,1990,7.0,7.0,42.0
8791,Japan,Phalanx,naval gun,Naval weapons,1981,2,1991,7.0,7.0,14.0
8792,Japan,Stinger,portable SAM,Missiles,1988,116,1990,0.08,0.08,9.28
8793,Japan,Stinger,portable SAM,Missiles,1988,116,1991,0.08,0.08,9.28
8794,Japan,Harpoon Block-1,anti-ship missile,Missiles,1988,49,1990,0.9,0.9,44.1
8795,Japan,Phalanx,naval gun,Naval weapons,1995,2,1998,7.0,7.0,14.0
8796,Japan,Harpoon Block-1,anti-ship missile,Missiles,1993,14,1993,0.9,0.9,12.6
8798,Japan,E-2C,airborne early-warning aircraft,Aircraft,1989,3,1992,73.65,73.65,220.95
8799,Japan,C-130H Hercules,transport aircraft,Aircraft,1989,2,1990,28.0,28.0,56.0
8800,Japan,King Air,light transport aircraft,Aircraft,1990,2,1990,2.85,2.85,5.7
8801,Japan,Harpoon Block-1,anti-ship missile,Missiles,1990,14,1992,0.9,0.9,12.6
8802,Japan,Harpoon Block-1,anti-ship missile,Missiles,1990,6,1995,0.9,0.9,5.4
8803,Japan,Harpoon Block-1,anti-ship missile,Missiles,1990,30,1993,0.9,0.9,27.0
8804,Japan,Harpoon Block-1,anti-ship missile,Missiles,1990,25,1994,0.9,0.9,22.5
8805,Japan,E-2C,airborne early-warning aircraft,Aircraft,1990,2,1993,73.65,73.65,147.3
8806,Japan,SPY-1D,air-search radar,Sensors,1988,1,1993,22.0,22.0,22.0
8807,Japan,SPY-1D,air-search radar,Sensors,1988,1,1995,22.0,22.0,22.0
8808,Japan,SPY-1D,air-search radar,Sensors,1988,1,1996,22.0,22.0,22.0
8809,Japan,SPY-1D,air-search radar,Sensors,1988,1,1998,22.0,22.0,22.0
8810,Japan,APS-143,maritime patrol aircraft radar,Sensors,1996,2,1997,2.5,2.5,5.0
8811,Japan,Beechjet-400,light transport aircraft,Aircraft,1992,6,1994,3.6,3.6,21.6
8812,Japan,Beechjet-400,light transport aircraft,Aircraft,1992,2,1995,3.6,3.6,7.2
8813,Japan,Beechjet-400,light transport aircraft,Aircraft,1992,1,1996,3.6,3.6,3.6
8814,Japan,Beechjet-400,light transport aircraft,Aircraft,1992,1,1999,3.6,3.6,3.6
8817,Japan,E-767,airborne early-warning aircraft,Aircraft,1993,2,1998,300.0,300.0,600.0
8818,Japan,SM-2MR,SAM,Missiles,1993,46,1993,0.3,0.3,13.8
8819,Japan,SM-2MR,SAM,Missiles,1993,19,1995,0.3,0.3,5.7
8820,Japan,SPG-62,fire-control radar,Sensors,1988,3,1993,4.5,4.5,13.5
8821,Japan,SPG-62,fire-control radar,Sensors,1988,3,1995,4.5,4.5,13.5
8822,Japan,SPG-62,fire-control radar,Sensors,1988,3,1996,4.5,4.5,13.5
8823,Japan,SPG-62,fire-control radar,Sensors,1988,3,1998,4.5,4.5,13.5
8827,Japan,Harpoon Block-1,anti-ship missile,Missiles,1991,39,1993,0.9,0.9,35.1
8828,Japan,Harpoon Block-1,anti-ship missile,Missiles,1991,39,1992,0.9,0.9,35.1
8829,Japan,Harpoon Block-1,anti-ship missile,Missiles,1994,6,1995,0.9,0.9,5.4
8830,Japan,Harpoon Block-1,anti-ship missile,Missiles,1994,10,1996,0.9,0.9,9.0
8831,Japan,SM-2MR,SAM,Missiles,1994,56,1995,0.3,0.3,16.8
8832,Japan,C-130H Hercules,transport aircraft,Aircraft,1995,1,1996,28.0,28.0,28.0
8834,Japan,Patriot SAMS,SAM system,Air-defence systems,1994,1,1995,47.0,47.0,47.0
8850,Japan,Gulfstream-4,light transport aircraft,Aircraft,1994,1,1996,23.0,23.0,23.0
8851,Japan,Gulfstream-4,light transport aircraft,Aircraft,1994,1,1997,23.0,23.0,23.0
8852,Japan,Gulfstream-4,light transport aircraft,Aircraft,1994,1,2000,23.0,23.0,23.0
8853,Japan,Gulfstream-4,light transport aircraft,Aircraft,1994,1,1999,23.0,23.0,23.0
8854,Japan,Gulfstream-4,light transport aircraft,Aircraft,1994,1,1998,23.0,23.0,23.0
8873,Japan,Phalanx,naval gun,Naval weapons,1993,2,2004,7.0,7.0,14.0
8874,Japan,Phalanx,naval gun,Naval weapons,1993,6,2003,7.0,7.0,42.0
8875,Japan,Phalanx,naval gun,Naval weapons,1993,6,2002,7.0,7.0,42.0
8876,Japan,Phalanx,naval gun,Naval weapons,1993,2,2001,7.0,7.0,14.0
8877,Japan,Phalanx,naval gun,Naval weapons,1993,4,2000,7.0,7.0,28.0
8878,Japan,Phalanx,naval gun,Naval weapons,1993,4,1999,7.0,7.0,28.0
8879,Japan,Phalanx,naval gun,Naval weapons,1993,2,1998,7.0,7.0,14.0
8880,Japan,Phalanx,naval gun,Naval weapons,1993,2,1997,7.0,7.0,14.0
8881,Japan,Phalanx,naval gun,Naval weapons,1993,2,1996,7.0,7.0,14.0
8882,Japan,Phalanx,naval gun,Naval weapons,1993,2,2005,7.0,7.0,14.0
8883,Japan,Phalanx,naval gun,Naval weapons,1993,3,2006,7.0,7.0,21.0
8884,Japan,Phalanx,naval gun,Naval weapons,1993,3,2007,7.0,7.0,21.0
8885,Japan,Phalanx,naval gun,Naval weapons,1988,2,1993,7.0,7.0,14.0
8886,Japan,Phalanx,naval gun,Naval weapons,1988,2,1995,7.0,7.0,14.0
8887,Japan,Phalanx,naval gun,Naval weapons,1988,2,1996,7.0,7.0,14.0
8890,Japan,SPY-1D,air-search radar,Sensors,1992,1,1995,22.0,22.0,22.0
8894,Japan,LCAC,landing craft,Ships,1994,2,2001,13.9,13.9,27.8
8895,Japan,LCAC,landing craft,Ships,1994,2,2002,13.9,13.9,27.8
8896,Japan,LCAC,landing craft,Ships,1994,2,1997,13.9,13.9,27.8
8897,Japan,SM-2MR,SAM,Missiles,1999,16,2001,0.3,0.3,4.8
8898,Japan,AIM-120B AMRAAM,long-range air-to-air missile,Missiles,1998,20,2001,0.4,0.4,8.0
8899,Japan,AIM-120B AMRAAM,long-range air-to-air missile,Missiles,1998,20,2003,0.4,0.4,8.0
8900,Japan,SM-2MR,SAM,Missiles,1998,5,2000,0.3,0.3,1.5
8901,Japan,SM-2MR,SAM,Missiles,1995,24,1998,0.3,0.3,7.2
8902,Japan,SM-2MR,SAM,Missiles,1995,33,1997,0.3,0.3,9.9
8908,Japan,SM-2MR,SAM,Missiles,2001,16,2003,0.3,0.3,4.8
8909,Japan,APS-145,airborne early-warning radar,Sensors,2000,2,2004,16.0,16.0,32.0
8910,Japan,APS-145,airborne early-warning radar,Sensors,2000,2,2005,16.0,16.0,32.0
8911,Japan,APS-145,airborne early-warning radar,Sensors,2000,3,2006,16.0,16.0,48.0
8912,Japan,APS-145,airborne early-warning radar,Sensors,2000,3,2007,16.0,16.0,48.0
8913,Japan,APS-145,airborne early-warning radar,Sensors,2000,3,2008,16.0,16.0,48.0
8914,Japan,TOW,anti-tank missile,Missiles,2000,275,2001,0.01,0.01,2.75
8915,Japan,SM-2MR,SAM,Missiles,2001,16,2003,0.3,0.3,4.8
8917,Japan,TOW,anti-tank missile,Missiles,2001,200,2002,0.01,0.01,2.0
8918,Japan,TOW,anti-tank missile,Missiles,2001,200,2003,0.01,0.01,2.0
8919,Japan,SM-2MR,SAM,Missiles,2002,16,2004,0.3,0.3,4.8
8920,Japan,SPY-1D,air-search radar,Sensors,2002,1,2008,22.0,22.0,22.0
8921,Japan,SPY-1D,air-search radar,Sensors,2002,1,2007,22.0,22.0,22.0
8923,Japan,TOW-2B,anti-tank missile,Missiles,2002,125,2004,0.02,0.02,2.5
8924,Japan,TOW-2B,anti-tank missile,Missiles,2002,125,2003,0.02,0.02,2.5
8925,Japan,SPG-62,fire-control radar,Sensors,2002,3,2007,4.5,4.5,13.5
8926,Japan,SPG-62,fire-control radar,Sensors,2002,3,2008,4.5,4.5,13.5
8927,Japan,CH-47F,transport helicopter,Aircraft,2017,1,2021,20.0,20.0,20.0
8928,Japan,CH-47F,transport helicopter,Aircraft,2017,3,2024,20.0,20.0,60.0
8929,Japan,CH-47F,transport helicopter,Aircraft,2017,1,2023,20.0,20.0,20.0
8930,Japan,CH-47F,transport helicopter,Aircraft,2017,4,2022,20.0,20.0,80.0
8931,Japan,F-110 (13500),turbofan,Engines,1987,8,2006,3.25,3.25,26.0
8932,Japan,F-110 (13500),turbofan,Engines,1987,10,2000,3.25,3.25,32.5
8933,Japan,F-110 (13500),turbofan,Engines,1987,10,2002,3.25,3.25,32.5
8934,Japan,F-110 (13500),turbofan,Engines,1987,14,2001,3.25,3.25,45.5
8935,Japan,F-110 (13500),turbofan,Engines,1987,8,2009,3.25,3.25,26.0
8936,Japan,F-110 (13500),turbofan,Engines,1987,8,2005,3.25,3.25,26.0
8937,Japan,F-110 (13500),turbofan,Engines,1987,6,2007,3.25,3.25,19.5
8938,Japan,F-110 (13500),turbofan,Engines,1987,12,2004,3.25,3.25,39.0
8939,Japan,F-110 (13500),turbofan,Engines,1987,12,2003,3.25,3.25,39.0
8940,Japan,F-110 (13500),turbofan,Engines,1987,6,2011,3.25,3.25,19.5
8941,Japan,F-110 (13500),turbofan,Engines,1987,6,2010,3.25,3.25,19.5
8942,Japan,F-110 (13500),turbofan,Engines,1987,6,2008,3.25,3.25,19.5
8943,Japan,F-110 (13500),turbofan,Engines,1987,4,2012,3.25,3.25,13.0
8944,Japan,Stinger,portable SAM,Missiles,2003,25,2009,0.08,0.08,2.0
8945,Japan,Stinger,portable SAM,Missiles,2003,25,2006,0.08,0.08,2.0
8946,Japan,Stinger,portable SAM,Missiles,2003,50,2008,0.08,0.08,4.0
8947,Japan,Stinger,portable SAM,Missiles,2003,50,2007,0.08,0.08,4.0
8948,Japan,Patriot-3 SAMS,SAM system,Air-defence systems,2011,1,2013,55.0,55.0,55.0
8949,Japan,SM-2MR,SAM,Missiles,2006,44,2008,0.3,0.3,13.2
8950,Japan,F-35A Lightning-2,FGA aircraft,Aircraft,2012,1,2024,55.0,55.0,55.0
8951,Japan,F-35A Lightning-2,FGA aircraft,Aircraft,2012,5,2023,55.0,55.0,275.0
8952,Japan,F-35A Lightning-2,FGA aircraft,Aircraft,2012,7,2022,55.0,55.0,385.0
8953,Japan,F-35A Lightning-2,FGA aircraft,Aircraft,2012,6,2021,55.0,55.0,330.0
8954,Japan,F-35A Lightning-2,FGA aircraft,Aircraft,2012,4,2020,55.0,55.0,220.0
8955,Japan,F-35A Lightning-2,FGA aircraft,Aircraft,2012,6,2019,55.0,55.0,330.0
8956,Japan,F-35A Lightning-2,FGA aircraft,Aircraft,2012,6,2018,55.0,55.0,330.0
8957,Japan,F-35A Lightning-2,FGA aircraft,Aircraft,2012,4,2017,55.0,55.0,220.0
8958,Japan,F-35A Lightning-2,FGA aircraft,Aircraft,2012,1,2016,55.0,55.0,55.0
8961,Japan,GBU-39 SDB,guided glide bomb,Missiles,2017,100,2020,0.02,0.02,2.0
8962,Japan,GBU-39 SDB,guided glide bomb,Missiles,2017,100,2021,0.02,0.02,2.0
8963,Japan,GBU-39 SDB,guided glide bomb,Missiles,2017,100,2022,0.02,0.02,2.0
8964,Japan,GBU-39 SDB,guided glide bomb,Missiles,2017,100,2023,0.02,0.02,2.0
8965,Japan,GBU-39 SDB,guided glide bomb,Missiles,2017,100,2024,0.02,0.02,2.0
8966,Japan,Bell-412,helicopter,Aircraft,2015,5,2023,5.0,5.0,25.0
8967,Japan,Bell-412,helicopter,Aircraft,2015,5,2022,5.0,5.0,25.0
8968,Japan,Bell-412,helicopter,Aircraft,2015,5,2024,5.0,5.0,25.0
8969,Japan,Mk-45-4 127mm,naval gun,Naval weapons,2017,1,2023,7.5,7.5,7.5
8970,Japan,Mk-45-4 127mm,naval gun,Naval weapons,2017,3,2022,7.5,7.5,22.5
8971,Japan,Mk-45-4 127mm,naval gun,Naval weapons,2017,2,2024,7.5,7.5,15.0
8973,Japan,CF-6 (26000),turbofan,Engines,2006,2,2021,6.0,6.0,12.0
8974,Japan,CF-6 (26000),turbofan,Engines,2006,4,2020,6.0,6.0,24.0
8975,Japan,CF-6 (26000),turbofan,Engines,2006,6,2019,6.0,6.0,36.0
8976,Japan,CF-6 (26000),turbofan,Engines,2006,6,2018,6.0,6.0,36.0
8977,Japan,CF-6 (26000),turbofan,Engines,2006,4,2017,6.0,6.0,24.0
8978,Japan,CF-6 (26000),turbofan,Engines,2006,4,2016,6.0,6.0,24.0
8979,Japan,CF-6 (26000),turbofan,Engines,2006,2,2022,6.0,6.0,12.0
8980,Japan,AIM-120C AMRAAM,long-range air-to-air missile,Missiles,2017,28,2020,0.6,0.6,16.8
8981,Japan,AIM-120C AMRAAM,long-range air-to-air missile,Missiles,2017,28,2021,0.6,0.6,16.8
8994,Japan,aircraft engine 4501-6000,aircraft engine,Engines,2015,1,2019,1.5,1.5,1.5
8995,Japan,aircraft engine 4501-6000,aircraft engine,Engines,2015,1,2020,1.5,1.5,1.5
8998,Japan,CH-53E,transport helicopter,Aircraft,1987,2,1990,22.78,22.78,45.56
8999,Japan,CH-53E,transport helicopter,Aircraft,1987,4,1992,22.78,22.78,91.12
9000,Japan,CH-53E,transport helicopter,Aircraft,1987,1,1994,22.78,22.78,22.78
9007,Japan,ScanEagle,UAV,Aircraft,2012,4,2013,0.04,0.04,0.16
9008,Japan,SM-2MR,SAM,Missiles,2005,40,2007,0.3,0.3,12.0
9009,Japan,SM-2MR,SAM,Missiles,2003,18,2005,0.3,0.3,5.4
9010,Japan,RIM-116C RAM-2B,SAM,Missiles,2020,55,2022,0.25,0.25,13.75
9011,Japan,RIM-116C RAM-2B,SAM,Missiles,2020,55,2024,0.25,0.25,13.75
9012,Japan,RIM-116C RAM-2B,SAM,Missiles,2020,55,2023,0.25,0.25,13.75
9021,Japan,King Air,light transport aircraft,Aircraft,2007,4,2009,2.85,2.85,11.4
9022,Japan,King Air,light transport aircraft,Aircraft,2007,2,2008,2.85,2.85,5.7
9023,Japan,F-135-100 (19500),turbofan,Engines,2012,1,2017,4.0,4.0,4.0
9024,Japan,F-135-100 (19500),turbofan,Engines,2012,1,2019,4.0,4.0,4.0
9025,Japan,F-135-100 (19500),turbofan,Engines,2012,1,2020,4.0,4.0,4.0
9026,Japan,F-135-100 (19500),turbofan,Engines,2012,1,2022,4.0,4.0,4.0
9027,Japan,F-135-100 (19500),turbofan,Engines,2012,1,2023,4.0,4.0,4.0
9036,Japan,Mk-45-4 127mm,naval gun,Naval weapons,2007,1,2012,7.5,7.5,7.5
9037,Japan,Mk-45-4 127mm,naval gun,Naval weapons,2007,1,2013,7.5,7.5,7.5
9038,Japan,Mk-45-4 127mm,naval gun,Naval weapons,2007,2,2014,7.5,7.5,15.0
9039,Japan,V-22 Osprey,helicopter/transport aircraft,Aircraft,2015,2,2021,40.0,40.0,80.0
9040,Japan,V-22 Osprey,helicopter/transport aircraft,Aircraft,2015,2,2022,40.0,40.0,80.0
9041,Japan,V-22 Osprey,helicopter/transport aircraft,Aircraft,2015,5,2023,40.0,40.0,200.0
9042,Japan,V-22 Osprey,helicopter/transport aircraft,Aircraft,2015,3,2024,40.0,40.0,120.0
9043,Japan,V-22 Osprey,helicopter/transport aircraft,Aircraft,2015,3,2019,40.0,40.0,120.0
9044,Japan,V-22 Osprey,helicopter/transport aircraft,Aircraft,2015,2,2018,40.0,40.0,80.0
9045,Jordan,Bell-505,light helicopter,Aircraft,2022,5,2023,0.9,0.9,4.5
9046,Jordan,Bell-505,light helicopter,Aircraft,2022,5,2024,0.9,0.9,4.5
9053,Jordan,R-44,light helicopter,Aircraft,2014,4,2014,0.25,0.25,1.0
9054,Jordan,R-44,light helicopter,Aircraft,2014,4,2015,0.25,0.25,1.0
9055,Jordan,R-44,light helicopter,Aircraft,2014,3,2016,0.25,0.25,0.75
9056,Jordan,S-70A Black Hawk,transport helicopter,Aircraft,2015,3,2015,6.5,2.6,7.8
9057,Jordan,S-70A Black Hawk,transport helicopter,Aircraft,2015,5,2016,6.5,2.6,13.0
9058,Jordan,M-113,armoured personnel carrier,Armoured vehicles,2016,150,2017,0.25,0.1,15.0
9059,Jordan,M-113,armoured personnel carrier,Armoured vehicles,2016,150,2018,0.25,0.1,15.0
9060,Jordan,AGM-114 Hellfire-2,anti-tank/air-to-surface missile,Missiles,2017,30,2018,0.05,0.05,1.5
9061,Jordan,AGM-114 Hellfire-2,anti-tank/air-to-surface missile,Missiles,2017,70,2019,0.05,0.05,3.5
9070,Jordan,AH-1F Mod,combat helicopter,Aircraft,2017,2,2018,11.5,11.5,23.0
9071,Jordan,AH-1F Mod,combat helicopter,Aircraft,2017,10,2019,11.5,11.5,115.0
9072,Jordan,AAQ-33 Sniper ATP,aircraft electro-optical system,Sensors,2013,5,2014,1.0,1.0,5.0
9073,Jordan,APKWS,air-to-surface missile,Missiles,2014,25,2015,0.01,0.01,0.25
9074,Jordan,APKWS,air-to-surface missile,Missiles,2014,75,2016,0.01,0.01,0.75
9075,Jordan,Paveway,guided bomb,Missiles,2015,200,2015,0.02,0.02,4.0
9076,Jordan,S-70L Black Hawk,transport helicopter,Aircraft,2016,12,2017,7.25,7.25,87.0
9077,Jordan,FGM-148 Javelin,anti-tank missile,Missiles,2014,10,2014,0.03,0.03,0.3
9078,Jordan,GMLRS,guided rocket,Missiles,2016,100,2017,0.08,0.08,8.0
9079,Jordan,GMLRS,guided rocket,Missiles,2016,44,2018,0.08,0.08,3.52
9080,Jordan,GMLRS,guided rocket,Missiles,2010,144,2012,0.08,0.08,11.52
9081,Jordan,GMLRS,guided rocket,Missiles,2010,144,2013,0.08,0.08,11.52
9082,Jordan,GMLRS,guided rocket,Missiles,2010,144,2014,0.08,0.08,11.52
9083,Jordan,M-88 AV,armoured recovery vehicle,Armoured vehicles,2012,12,2013,1.5,0.6,7.2
9084,Jordan,Cougar MRAP,armoured personnel carrier,Armoured vehicles,2012,35,2013,0.35,0.14,4.9
9085,Jordan,M-113,armoured personnel carrier,Armoured vehicles,2013,200,2014,0.25,0.1,20.0
9086,Jordan,AH-1F Cobra,combat helicopter,Aircraft,2014,3,2016,7.5,4.95,14.85
9087,Jordan,MIM-23B,SAM,Missiles,2005,75,2006,0.17,0.07,5.1
9088,Jordan,MIM-23B,SAM,Missiles,2005,75,2007,0.17,0.07,5.1
9089,Jordan,Cougar MRAP,armoured personnel carrier,Armoured vehicles,2013,57,2014,0.35,0.14,7.98
9090,Jordan,HIMARS,multiple rocket launcher,Artillery,2010,12,2012,1.1,1.1,13.2
9091,Jordan,S-70L Black Hawk,transport helicopter,Aircraft,2004,8,2007,7.25,7.25,58.0
9092,Jordan,JDAM,guided bomb,Missiles,2015,198,2018,0.02,0.02,3.96
9097,Jordan,S-70A Black Hawk,transport helicopter,Aircraft,1994,2,1994,6.5,2.6,5.2
9101,Jordan,AIM-120C AMRAAM,long-range air-to-air missile,Missiles,2009,20,2013,0.6,0.6,12.0
9102,Jordan,AIM-120C AMRAAM,long-range air-to-air missile,Missiles,2009,25,2015,0.6,0.6,15.0
9103,Jordan,AIM-120C AMRAAM,long-range air-to-air missile,Missiles,2009,40,2016,0.6,0.6,24.0
9104,Jordan,Caiman,armoured personnel carrier,Armoured vehicles,2014,45,2017,0.25,0.1,4.5
9105,Jordan,AAQ-33 Sniper ATP,aircraft electro-optical system,Sensors,2015,5,2015,1.0,0.4,2.0
9106,Jordan,AAQ-33 Sniper ATP,aircraft electro-optical system,Sensors,2015,5,2016,1.0,0.4,2.0
9107,Jordan,TOW,anti-tank missile,Missiles,2016,100,2016,0.01,0.01,1.0
9108,Jordan,TOW,anti-tank missile,Missiles,2016,100,2017,0.01,0.01,1.0
9109,Jordan,TOW,anti-tank missile,Missiles,2016,100,2018,0.01,0.01,1.0
9110,Jordan,M-88 AV,armoured recovery vehicle,Armoured vehicles,2013,10,2015,1.5,1.5,15.0
9111,Jordan,TPS-77,air-search radar,Sensors,2000,1,2002,11.0,11.0,11.0
9112,Jordan,TPS-77,air-search radar,Sensors,2016,1,2017,11.0,11.0,11.0
9113,Jordan,TPS-77,air-search radar,Sensors,2016,1,2018,11.0,11.0,11.0
9114,Jordan,AGM-114 Hellfire-2,anti-tank/air-to-surface missile,Missiles,2014,100,2015,0.05,0.05,5.0
9115,Jordan,AT-802U -,ground-attack aircraft,Aircraft,2015,4,2016,4.9,4.9,19.6
9118,Jordan,FGM-148 Javelin,anti-tank missile,Missiles,2017,125,2019,0.03,0.03,3.75
9119,Jordan,FGM-148 Javelin,anti-tank missile,Missiles,2017,125,2020,0.03,0.03,3.75
9120,Jordan,TPQ-36,artillery locating radar,Sensors,2016,9,2019,3.0,1.2,10.8
9131,Jordan,M-60A3,tank,Armoured vehicles,1995,50,1996,2.1,0.84,42.0
9132,Jordan,M-60A3,tank,Armoured vehicles,1995,38,1998,2.1,0.84,31.92
9133,Jordan,Bell-205A-1,helicopter,Aircraft,1994,18,1995,2.62,1.05,18.86
9134,Jordan,TPQ-37 Firefinder,artillery locating radar,Sensors,1995,2,1996,8.0,3.2,6.4
9135,Jordan,TPQ-36,artillery locating radar,Sensors,1995,3,1996,3.0,1.2,3.6
9136,Jordan,Bell-205A-1,helicopter,Aircraft,1995,18,1996,2.62,1.05,18.86
9137,Jordan,C-130H Hercules,transport aircraft,Aircraft,1996,1,1997,28.0,11.2,11.2
9138,Jordan,AIM-7M,long-range air-to-air missile,Missiles,1998,50,1998,0.18,0.18,9.0
9139,Jordan,AIM-7M,long-range air-to-air missile,Missiles,1998,14,1999,0.18,0.18,2.52
9140,Jordan,AIM-9M,short-range air-to-air missile,Missiles,1998,100,1998,0.12,0.12,12.0
9141,Jordan,M-901,tank destroyer,Armoured vehicles,1999,3,2000,0.9,0.36,1.08
9142,Jordan,M-901,tank destroyer,Armoured vehicles,1999,20,2001,0.9,0.36,7.2
9143,Jordan,M-106,self-propelled mortar,Artillery,1999,50,2000,0.5,0.2,10.0
9144,Jordan,AH-1F Cobra,combat helicopter,Aircraft,1998,5,2000,7.5,3.0,15.0
9145,Jordan,AH-1F Cobra,combat helicopter,Aircraft,1998,4,2001,7.5,3.0,12.0
9146,Jordan,M-113,armoured personnel carrier,Armoured vehicles,2004,47,2004,0.25,0.1,4.7
9147,Jordan,MD-500E,light helicopter,Aircraft,2007,6,2008,0.7,0.7,4.2
9148,Jordan,TOW,anti-tank missile,Missiles,2000,135,2001,0.01,0.01,1.35
9149,Jordan,TOW,anti-tank missile,Missiles,2000,135,2002,0.01,0.01,1.35
9152,Jordan,AGM-114 Hellfire-2,anti-tank/air-to-surface missile,Missiles,2014,50,2014,0.05,0.05,2.5
9153,Jordan,FGM-148 Javelin,anti-tank missile,Missiles,2013,100,2014,0.03,0.03,3.0
9154,Jordan,C-130E Hercules,transport aircraft,Aircraft,2010,1,2012,24.0,9.6,9.6
9155,Jordan,C-130E Hercules,transport aircraft,Aircraft,2010,2,2011,24.0,9.6,19.2
9237,Jordan,TPQ-37 Firefinder,artillery locating radar,Sensors,1986,1,1990,8.0,8.0,8.0
9239,Jordan,TPQ-37 Firefinder,artillery locating radar,Sensors,1986,1,1990,8.0,8.0,8.0
9244,Jordan,TOW,anti-tank missile,Missiles,1992,141,1993,0.01,0.01,1.41
9249,Jordan,M-110A2 203mm,self-propelled gun,Artillery,1996,18,1997,1.1,0.44,7.92
9250,Jordan,Bell-205A-1,helicopter,Aircraft,1997,20,1998,2.62,1.05,20.96
9251,Jordan,M-578,armoured recovery vehicle,Armoured vehicles,1995,30,1996,0.36,0.14,4.32
9255,Jordan,TPS-77,air-search radar,Sensors,2002,2,2004,11.0,11.0,22.0
9256,Jordan,TOW,anti-tank missile,Missiles,2001,281,2002,0.01,0.01,2.81
9257,Jordan,TOW,anti-tank missile,Missiles,2001,281,2003,0.01,0.01,2.81
9258,Jordan,FGM-148 Javelin,anti-tank missile,Missiles,2001,116,2004,0.03,0.03,3.48
9259,Jordan,TOW-2B,anti-tank missile,Missiles,2002,115,2003,0.02,0.02,2.3
9260,Jordan,TOW-2B,anti-tank missile,Missiles,2002,285,2004,0.02,0.02,5.7
9261,Jordan,F-100 EN (12000),turbofan,Engines,2003,20,2003,3.25,1.3,26.0
9262,Jordan,APG-66,combat aircraft radar,Sensors,2004,5,2007,1.5,1.5,7.5
9263,Jordan,APG-66,combat aircraft radar,Sensors,2004,6,2008,1.5,1.5,9.0
9264,Jordan,APG-66,combat aircraft radar,Sensors,2004,6,2009,1.5,1.5,9.0
9265,Jordan,AIM-120C AMRAAM,long-range air-to-air missile,Missiles,2005,25,2007,0.6,0.6,15.0
9266,Jordan,AIM-120C AMRAAM,long-range air-to-air missile,Missiles,2005,25,2008,0.6,0.6,15.0
9269,Jordan,aircraft engine 1001-2000,aircraft engine,Engines,1998,4,1999,0.5,0.5,2.0
9276,Jordan,SA-2-37,reconnaissance aircraft,Aircraft,2000,2,2001,0.26,0.26,0.52
9277,Jordan,vehicle engine 401-600,vehicle engine,Engines,2014,10,2016,0.08,0.08,0.8
9278,Jordan,vehicle engine 401-600,vehicle engine,Engines,2014,5,2017,0.08,0.08,0.4
9279,Jordan,vehicle engine 401-600,vehicle engine,Engines,2014,10,2018,0.08,0.08,0.8
9280,Jordan,vehicle engine 201-300,vehicle engine,Engines,2000,20,2004,0.03,0.03,0.6
9281,Jordan,vehicle engine 201-300,vehicle engine,Engines,2000,112,2005,0.03,0.03,3.36
9282,Jordan,C-130H Hercules,transport aircraft,Aircraft,2019,2,2021,28.0,11.2,22.4
9283,Jordan,C-130H Hercules,transport aircraft,Aircraft,2019,1,2022,28.0,11.2,11.2
9286,Jordan,DB-110,aircraft reconnaissance system,Sensors,2018,3,2022,4.0,4.0,12.0
9287,Jordan,F-16ADF,FGA aircraft,Aircraft,2003,9,2007,22.0,8.8,79.2
9288,Jordan,F-16ADF,FGA aircraft,Aircraft,2003,8,2003,22.0,8.8,70.4
9289,Jordan,F-16ADF,FGA aircraft,Aircraft,1996,4,1997,22.0,14.52,58.08
9290,Jordan,F-16ADF,FGA aircraft,Aircraft,1996,12,1998,22.0,14.52,174.24
9291,Jordan,Cessna-208 Caravan,light transport aircraft,Aircraft,2022,4,2024,1.0,1.0,4.0
9292,Jordan,Cessna-208 Caravan,light transport aircraft,Aircraft,2014,3,2015,1.0,1.0,3.0
9293,Jordan,Cessna-208 Caravan,light transport aircraft,Aircraft,2009,1,2011,1.0,1.0,1.0
9294,Jordan,Cessna-208 Caravan,light transport aircraft,Aircraft,2009,3,2010,1.0,1.0,3.0
9295,Jordan,Cessna-208 Caravan,light transport aircraft,Aircraft,2009,1,2009,1.0,1.0,1.0
9296,Jordan,L-118 105mm,towed gun,Artillery,2018,12,2019,0.6,0.24,2.88
9297,Jordan,L-118 105mm,towed gun,Artillery,2018,3,2020,0.6,0.24,0.72
9298,Jordan,vehicle engine 201-300,vehicle engine,Engines,2005,100,2012,0.03,0.03,3.0
9299,Jordan,vehicle engine 201-300,vehicle engine,Engines,2005,100,2011,0.03,0.03,3.0
9300,Jordan,vehicle engine 201-300,vehicle engine,Engines,2005,100,2010,0.03,0.03,3.0
9301,Jordan,vehicle engine 201-300,vehicle engine,Engines,2005,100,2009,0.03,0.03,3.0
9302,Jordan,vehicle engine 201-300,vehicle engine,Engines,2005,100,2008,0.03,0.03,3.0
9303,Jordan,vehicle engine 201-300,vehicle engine,Engines,2005,100,2007,0.03,0.03,3.0
9304,Jordan,vehicle engine 201-300,vehicle engine,Engines,2005,75,2006,0.03,0.03,2.25
9305,Jordan,vehicle engine 201-300,vehicle engine,Engines,2005,25,2005,0.03,0.03,0.75
9306,Jordan,vehicle engine 201-300,vehicle engine,Engines,2005,100,2013,0.03,0.03,3.0
9307,Jordan,vehicle engine 201-300,vehicle engine,Engines,2005,100,2014,0.03,0.03,3.0
9308,Jordan,vehicle engine 201-300,vehicle engine,Engines,2005,100,2015,0.03,0.03,3.0
9309,Kazakhstan,UH-1H Huey-2,helicopter,Aircraft,2011,1,2012,3.1,3.1,3.1
9310,Kazakhstan,UH-1H Huey-2,helicopter,Aircraft,2011,1,2014,3.1,3.1,3.1
9311,Kazakhstan,UH-1H Huey-2,helicopter,Aircraft,2011,1,2016,3.1,3.1,3.1
9312,Kazakhstan,UH-1H Huey-2,helicopter,Aircraft,2011,1,2017,3.1,3.1,3.1
9313,Kazakhstan,UH-1H Huey-2,helicopter,Aircraft,2003,6,2004,3.1,3.1,18.6
9314,Kazakhstan,UH-1H Huey-2,helicopter,Aircraft,2007,2,2007,3.1,3.1,6.2
9315,Kazakhstan,HMMWV-UA,armoured personnel carrier,Armoured vehicles,2007,20,2008,0.13,0.13,2.6
9316,Kazakhstan,HMMWV-UA,armoured personnel carrier,Armoured vehicles,2007,20,2009,0.13,0.13,2.6
9317,Kenya,UH-1H Huey-2,helicopter,Aircraft,2024,2,2024,3.1,1.24,2.48
9318,Kenya,ScanEagle,UAV,Aircraft,2015,2,2016,0.04,0.04,0.08
9322,Kenya,aircraft engine 4501-6000,aircraft engine,Engines,2017,6,2020,1.5,1.5,9.0
9323,Kenya,MD-500E,light helicopter,Aircraft,2018,6,2019,0.7,0.7,4.2
9324,Kenya,Cessna-208 Caravan,light transport aircraft,Aircraft,2014,1,2015,1.0,1.0,1.0
9325,Kenya,UH-1H Huey-2,helicopter,Aircraft,2016,6,2016,3.1,3.1,18.6
9326,Kenya,UH-1H Huey-2,helicopter,Aircraft,2016,2,2017,3.1,3.1,6.2
9328,Kenya,L-118 105mm,towed gun,Artillery,2019,6,2019,0.6,0.24,1.44
9339,Kenya,aircraft engine 1001-2000,aircraft engine,Engines,1988,6,1990,0.5,0.5,3.0
9340,Kenya,aircraft engine 1001-2000,aircraft engine,Engines,1988,6,1991,0.5,0.5,3.0
9345,Kenya,Mamba-7 -,armoured personnel carrier,Armoured vehicles,2020,22,2020,0.2,0.2,4.4
9346,Kenya,M-28 Skytruck,light transport aircraft,Aircraft,2016,3,2020,2.75,1.1,3.3
9347,Kosovo,vehicle engine 301-400,vehicle engine,Engines,2021,2,2023,0.05,0.05,0.1
9348,Kosovo,vehicle engine 301-400,vehicle engine,Engines,2021,2,2022,0.05,0.05,0.1
9349,Kosovo,M-1117 Guardian,armoured personnel carrier,Armoured vehicles,2021,55,2021,0.4,0.16,8.8
9350,Kosovo,HMMWV-UA,armoured personnel carrier,Armoured vehicles,2018,25,2020,0.13,0.13,3.25
9351,Kosovo,HMMWV-UA,armoured personnel carrier,Armoured vehicles,2018,9,2018,0.13,0.13,1.17
9352,Kuwait,AIM-120C AMRAAM,long-range air-to-air missile,Missiles,2019,60,2022,0.6,0.6,36.0
9355,Kuwait,AGM-114 Hellfire-2,anti-tank/air-to-surface missile,Missiles,2021,100,2024,0.05,0.05,5.0
9356,Kuwait,AGM-114 Hellfire-2,anti-tank/air-to-surface missile,Missiles,2021,100,2023,0.05,0.05,5.0
9357,Kuwait,AGM-114 Hellfire-2,anti-tank/air-to-surface missile,Missiles,2021,100,2022,0.05,0.05,5.0
9358,Kuwait,Patriot SAMS,SAM system,Air-defence systems,1993,3,1996,47.0,47.0,141.0
9359,Kuwait,Patriot SAMS,SAM system,Air-defence systems,1993,3,1995,47.0,47.0,141.0
9360,Kuwait,AIM-120C AMRAAM,long-range air-to-air missile,Missiles,2009,33,2013,0.6,0.6,19.8
9361,Kuwait,AIM-120C AMRAAM,long-range air-to-air missile,Missiles,2009,62,2014,0.6,0.6,37.2
9362,Kuwait,AIM-120C AMRAAM,long-range air-to-air missile,Missiles,2009,25,2010,0.6,0.6,15.0
9364,Kuwait,F-18C,FGA aircraft,Aircraft,1988,1,1991,37.5,37.5,37.5
9365,Kuwait,F-18C,FGA aircraft,Aircraft,1988,23,1992,37.5,37.5,862.5
9366,Kuwait,F-18C,FGA aircraft,Aircraft,1988,16,1993,37.5,37.5,600.0
9367,Kuwait,AGM-65 Maverick,air-to-surface missile,Missiles,1988,25,1991,0.15,0.15,3.75
9368,Kuwait,AGM-65 Maverick,air-to-surface missile,Missiles,1988,75,1992,0.15,0.15,11.25
9369,Kuwait,AGM-65 Maverick,air-to-surface missile,Missiles,1988,200,1993,0.15,0.15,30.0
9370,Kuwait,M-1A2S Abrams,tank,Armoured vehicles,2016,109,2021,5.0,5.0,545.0
9371,Kuwait,M-1A2S Abrams,tank,Armoured vehicles,2016,109,2022,5.0,5.0,545.0
9372,Kuwait,AAQ-33 Sniper ATP,aircraft electro-optical system,Sensors,2016,7,2018,1.0,1.0,7.0
9373,Kuwait,AAQ-33 Sniper ATP,aircraft electro-optical system,Sensors,2016,7,2019,1.0,1.0,7.0
9374,Kuwait,LAV-25 turret,infantry fighting vehicle turret,Other,2010,15,2013,0.6,0.6,9.0
9375,Kuwait,LAV-25 turret,infantry fighting vehicle turret,Other,2010,25,2014,0.6,0.6,15.0
9376,Kuwait,Desert Chameleon -,infantry fighting vehicle,Armoured vehicles,2007,5,2010,0.4,0.4,2.0
9377,Kuwait,Desert Chameleon -,infantry fighting vehicle,Armoured vehicles,2007,15,2011,0.4,0.4,6.0
9378,Kuwait,KC-130J Hercules,tanker/transport aircraft,Aircraft,2009,3,2014,45.0,45.0,135.0
9379,Kuwait,AIM-9X,long-range air-to-air missile,Missiles,2014,1,2016,0.18,0.18,0.18
9380,Kuwait,aircraft engine 1001-2000,aircraft engine,Engines,1989,16,1995,0.5,0.5,8.0
9381,Kuwait,MIM-104 PAC-2,SAM,Missiles,1993,105,1995,1.0,1.0,105.0
9382,Kuwait,MIM-104 PAC-2,SAM,Missiles,1993,105,1996,1.0,1.0,105.0
9383,Kuwait,Patriot-3 SAMS,SAM system,Air-defence systems,2014,1,2017,55.0,55.0,55.0
9384,Kuwait,Patriot-3 SAMS,SAM system,Air-defence systems,2014,1,2018,55.0,55.0,55.0
9385,Kuwait,AAQ-33 Sniper ATP,aircraft electro-optical system,Sensors,2005,5,2006,1.0,1.0,5.0
9386,Kuwait,AAQ-33 Sniper ATP,aircraft electro-optical system,Sensors,2021,14,2023,1.0,1.0,14.0
9387,Kuwait,Patriot-3 SAMS,SAM system,Air-defence systems,2008,2,2014,55.0,55.0,110.0
9388,Kuwait,Patriot-3 SAMS,SAM system,Air-defence systems,2008,2,2015,55.0,55.0,110.0
9389,Kuwait,Patriot-3 SAMS,SAM system,Air-defence systems,2008,2,2016,55.0,55.0,110.0
9390,Kuwait,JDAM,guided bomb,Missiles,2016,51,2017,0.02,0.02,1.02
9391,Kuwait,TOW,anti-tank missile,Missiles,2008,127,2009,0.01,0.01,1.27
9392,Kuwait,TOW,anti-tank missile,Missiles,2008,1000,2011,0.01,0.01,10.0
9393,Kuwait,TOW,anti-tank missile,Missiles,2008,1000,2010,0.01,0.01,10.0
9394,Kuwait,LAV-25 turret,infantry fighting vehicle turret,Other,1996,7,1998,0.6,0.6,4.2
9395,Kuwait,LAV-25 turret,infantry fighting vehicle turret,Other,1996,8,1999,0.6,0.6,4.8
9396,Kuwait,MIM-104 PAC-2,SAM,Missiles,2011,100,2015,1.0,1.0,100.0
9397,Kuwait,MIM-104 PAC-2,SAM,Missiles,2011,109,2014,1.0,1.0,109.0
9398,Kuwait,Pegasus-5,patrol boat,Ships,2009,3,2012,4.6,4.6,13.8
9399,Kuwait,Pegasus-5,patrol boat,Ships,2009,5,2013,4.6,4.6,23.0
9400,Kuwait,Pegasus-5,patrol boat,Ships,2009,2,2011,4.6,4.6,9.2
9401,Kuwait,TOW-2B,anti-tank missile,Missiles,2008,500,2010,0.02,0.02,10.0
9402,Kuwait,TOW-2B,anti-tank missile,Missiles,2008,500,2011,0.02,0.02,10.0
9403,Kuwait,TOW-2B,anti-tank missile,Missiles,2008,418,2012,0.02,0.02,8.36
9404,Kuwait,JDAM,guided bomb,Missiles,2009,51,2011,0.02,0.02,1.02
9405,Kuwait,C-17,heavy transport aircraft,Aircraft,2013,1,2014,140.0,140.0,140.0
9406,Kuwait,AIM-9X,long-range air-to-air missile,Missiles,2013,20,2014,0.18,0.18,3.6
9407,Kuwait,AIM-9X,long-range air-to-air missile,Missiles,2013,60,2015,0.18,0.18,10.8
9408,Kuwait,AGM-114 Hellfire-2,anti-tank/air-to-surface missile,Missiles,2013,300,2015,0.05,0.05,15.0
9438,Kuwait,AIM-9L,short-range air-to-air missile,Missiles,1988,60,1992,0.11,0.11,6.6
9439,Kuwait,AIM-9L,short-range air-to-air missile,Missiles,1988,60,1993,0.11,0.11,6.6
9440,Kuwait,AIM-7F Sparrow,long-range air-to-air missile,Missiles,1988,100,1992,0.16,0.16,16.0
9441,Kuwait,AIM-7F Sparrow,long-range air-to-air missile,Missiles,1988,100,1993,0.16,0.16,16.0
9442,Kuwait,Harpoon Block-1,anti-ship missile,Missiles,1988,40,1997,0.9,0.9,36.0
9443,Kuwait,M-1A2 Abrams,tank,Armoured vehicles,1992,16,1995,4.5,4.5,72.0
9444,Kuwait,M-1A2 Abrams,tank,Armoured vehicles,1992,150,1996,4.5,4.5,675.0
9445,Kuwait,M-1A2 Abrams,tank,Armoured vehicles,1992,52,1997,4.5,4.5,234.0
9446,Kuwait,M-88A2,armoured recovery vehicle,Armoured vehicles,1992,7,1995,2.0,2.0,14.0
9447,Kuwait,M-88A2,armoured recovery vehicle,Armoured vehicles,1992,7,1996,2.0,2.0,14.0
9448,Kuwait,TPS-77,air-search radar,Sensors,1992,1,1993,11.0,11.0,11.0
9449,Kuwait,M-113A3,armoured personnel carrier,Armoured vehicles,1992,23,1994,0.3,0.3,6.9
9450,Kuwait,M-113A3,armoured personnel carrier,Armoured vehicles,1992,23,1995,0.3,0.3,6.9
9451,Kuwait,TPS-63,air-search radar,Sensors,1988,1,1990,5.0,5.0,5.0
9452,Kuwait,TPS-63,air-search radar,Sensors,1993,1,1995,5.0,5.0,5.0
9453,Kuwait,TPS-63,air-search radar,Sensors,1993,1,1994,5.0,5.0,5.0
9454,Kuwait,TPS-63,air-search radar,Sensors,1993,1,1995,5.0,5.0,5.0
9455,Kuwait,TOW,anti-tank missile,Missiles,1993,155,1995,0.01,0.01,1.55
9456,Kuwait,TOW,anti-tank missile,Missiles,1993,156,1996,0.01,0.01,1.56
9457,Kuwait,TOW,anti-tank missile,Missiles,1993,155,1997,0.01,0.01,1.55
9458,Kuwait,TOW,anti-tank missile,Missiles,1993,600,1994,0.01,0.01,6.0
9459,Kuwait,AGM-114 Hellfire-2,anti-tank/air-to-surface missile,Missiles,2002,188,2007,0.05,0.05,9.4
9460,Kuwait,AH-64D Apache Longbow,combat helicopter,Aircraft,2003,16,2007,15.5,15.5,248.0
9465,Kuwait,APG-78 Longbow,combat helicopter radar,Sensors,2003,8,2007,3.0,3.0,24.0
9466,Kuwait,TPS-63,air-search radar,Sensors,2003,1,2005,5.0,5.0,5.0
9467,Kuwait,Harpoon Block-1,anti-ship missile,Missiles,2002,21,2003,0.9,0.9,18.9
9468,Kuwait,AAQ-13 LANTIRN,combat aircraft radar,Sensors,1995,5,1998,1.0,1.0,5.0
9469,Kuwait,AAQ-14 LANTIRN,aircraft electro-optical system,Sensors,1995,5,1998,1.0,1.0,5.0
9470,Kuwait,AGM-114L Hellfire,anti-tank missile,Missiles,2002,96,2007,0.07,0.07,6.72
9471,Kuwait,LAV-25 turret,infantry fighting vehicle turret,Other,1993,66,1997,0.6,0.6,39.6
9472,Kuwait,LAV-25 turret,infantry fighting vehicle turret,Other,1993,110,1996,0.6,0.6,66.0
9473,Kuwait,LAV-25 turret,infantry fighting vehicle turret,Other,1993,60,1995,0.6,0.6,36.0
9474,Kuwait,F-18E,FGA aircraft,Aircraft,2018,28,2022,50.0,50.0,1400.0
9475,Kuwait,M-88A2,armoured recovery vehicle,Armoured vehicles,2020,9,2021,2.0,2.0,18.0
9476,Kuwait,M-88A2,armoured recovery vehicle,Armoured vehicles,2020,10,2022,2.0,2.0,20.0
9477,Kuwait,AAQ-33 Sniper ATP,aircraft electro-optical system,Sensors,2016,4,2022,1.0,1.0,4.0
9478,Kuwait,AAQ-33 Sniper ATP,aircraft electro-optical system,Sensors,2016,7,2023,1.0,1.0,7.0
9479,Kuwait,AAQ-33 Sniper ATP,aircraft electro-optical system,Sensors,2016,7,2024,1.0,1.0,7.0
9481,Kuwait,AIM-120D AMRAAM,long-range air-to-air missile,Missiles,2022,60,2023,0.8,0.8,48.0
9482,Kuwait,C-17,heavy transport aircraft,Aircraft,2011,1,2014,140.0,140.0,140.0
9483,Kuwait,MIM-104 PAC-3,ABM missile,Missiles,2013,40,2015,0.8,0.8,32.0
9484,Kuwait,MIM-104 PAC-3,ABM missile,Missiles,2013,20,2016,0.8,0.8,16.0
9520,Latvia,S-70L Black Hawk,transport helicopter,Aircraft,2019,2,2022,7.25,7.25,14.5
9521,Latvia,MPQ-64 Sentinel,air-search radar,Sensors,2015,4,2016,5.0,5.0,20.0
9522,Latvia,HMMWV-UA,armoured personnel carrier,Armoured vehicles,2010,40,2010,0.13,0.05,2.08
9523,Latvia,Cougar MRAP,armoured personnel carrier,Armoured vehicles,2010,8,2010,0.35,0.14,1.12
9524,Latvia,TPS-77,air-search radar,Sensors,2015,2,2019,11.0,11.0,22.0
9525,Latvia,TPS-77,air-search radar,Sensors,2015,1,2018,11.0,11.0,11.0
9526,Latvia,TPS-77,air-search radar,Sensors,2007,1,2010,11.0,11.0,11.0
9527,Latvia,TPS-77,air-search radar,Sensors,2007,1,2009,11.0,11.0,11.0
9528,Latvia,TPS-77,air-search radar,Sensors,2001,1,2003,11.0,11.0,11.0
9529,Lebanon,APKWS,air-to-surface missile,Missiles,2016,500,2019,0.01,0.01,5.0
9530,Lebanon,APKWS,air-to-surface missile,Missiles,2016,500,2020,0.01,0.01,5.0
9531,Lebanon,APKWS,air-to-surface missile,Missiles,2016,500,2021,0.01,0.01,5.0
9532,Lebanon,APKWS,air-to-surface missile,Missiles,2016,500,2022,0.01,0.01,5.0
9535,Lebanon,M-113,armoured personnel carrier,Armoured vehicles,1994,8,1997,0.25,0.1,0.8
9536,Lebanon,M-113,armoured personnel carrier,Armoured vehicles,1994,68,1998,0.25,0.1,6.8
9537,Lebanon,M-113,armoured personnel carrier,Armoured vehicles,1994,229,1996,0.25,0.1,22.9
9538,Lebanon,M-113,armoured personnel carrier,Armoured vehicles,1995,225,1995,0.25,0.1,22.5
9539,Lebanon,M-113,armoured personnel carrier,Armoured vehicles,2012,200,2013,0.25,0.1,20.0
9543,Lebanon,ScanEagle,UAV,Aircraft,2017,6,2019,0.04,0.04,0.24
9544,Lebanon,M-2 Bradley,infantry fighting vehicle,Armoured vehicles,2016,24,2017,1.6,0.64,15.36
9545,Lebanon,M-2 Bradley,infantry fighting vehicle,Armoured vehicles,2016,8,2018,1.6,0.64,5.12
9546,Lebanon,AGM-114 Hellfire-2,anti-tank/air-to-surface missile,Missiles,2014,100,2014,0.05,0.05,5.0
9547,Lebanon,M-198 155mm,towed gun,Artillery,2015,40,2016,0.85,0.34,13.6
9548,Lebanon,M-198 155mm,towed gun,Artillery,2014,72,2015,0.85,0.34,24.48
9549,Lebanon,AGM-114 Hellfire-2,anti-tank/air-to-surface missile,Missiles,2014,50,2015,0.05,0.05,2.5
9550,Lebanon,UH-1H Huey-2,helicopter,Aircraft,2012,6,2012,3.1,3.1,18.6
9551,Lebanon,TOW,anti-tank missile,Missiles,2014,239,2015,0.01,0.01,2.39
9552,Lebanon,Cessna-208 Caravan,light transport aircraft,Aircraft,2011,1,2013,1.0,0.66,0.66
9553,Lebanon,Copperhead,guided shell,Missiles,2015,827,2018,0.03,0.01,9.92
9554,Lebanon,Copperhead,guided shell,Missiles,2015,173,2015,0.03,0.01,2.08
9556,Lebanon,R-44,light helicopter,Aircraft,2017,2,2018,0.25,0.25,0.5
9557,Lebanon,M-992 FAASV,armoured supply vehicle,Armoured vehicles,2017,28,2019,0.45,0.18,5.04
9558,Lebanon,AGM-114 Hellfire-2,anti-tank/air-to-surface missile,Missiles,2015,100,2015,0.05,0.05,5.0
9559,Lebanon,M-198 155mm,towed gun,Artillery,2007,41,2009,0.85,0.34,13.94
9560,Lebanon,M-198 155mm,towed gun,Artillery,2007,30,2010,0.85,0.34,10.2
9561,Lebanon,HMMWV-UA,armoured personnel carrier,Armoured vehicles,2014,24,2015,0.13,0.05,1.25
9562,Lebanon,HMMWV-UA,armoured personnel carrier,Armoured vehicles,2014,50,2016,0.13,0.05,2.6
9563,Lebanon,TOW-2B,anti-tank missile,Missiles,2017,500,2018,0.02,0.02,10.0
9564,Lebanon,TOW-2B,anti-tank missile,Missiles,2017,500,2019,0.02,0.02,10.0
9565,Lebanon,TOW-2B,anti-tank missile,Missiles,2017,500,2020,0.02,0.02,10.0
9566,Lebanon,M-992 FAASV,armoured supply vehicle,Armoured vehicles,2016,10,2017,0.45,0.18,1.8
9567,Lebanon,M-109A5 155mm,self-propelled gun,Artillery,2017,24,2022,1.25,0.5,12.0
9568,Lebanon,UH-1H Huey-2,helicopter,Aircraft,2020,3,2021,3.1,3.1,9.3
9569,Lebanon,UH-1H Huey-2,helicopter,Aircraft,2014,3,2016,3.1,3.1,9.3
9570,Lebanon,UH-1H Huey-2,helicopter,Aircraft,2014,3,2017,3.1,3.1,9.3
9571,Lebanon,M-88A2,armoured recovery vehicle,Armoured vehicles,2017,2,2019,2.0,2.0,4.0
9572,Lebanon,Cessna-208 Caravan,light transport aircraft,Aircraft,2015,1,2016,1.0,1.0,1.0
9573,Lebanon,HMMWV-UA,armoured personnel carrier,Armoured vehicles,2018,150,2019,0.13,0.13,19.5
9574,Lebanon,MD-500E,light helicopter,Aircraft,2018,2,2020,0.7,0.7,1.4
9575,Lebanon,MD-500E,light helicopter,Aircraft,2018,4,2021,0.7,0.7,2.8
9581,Lebanon,Bell-205A-1,helicopter,Aircraft,1994,16,1995,2.62,1.05,16.77
9582,Lebanon,Bell-205A-1,helicopter,Aircraft,1998,4,1999,2.62,1.05,4.19
9583,Lebanon,Bell-205A-1,helicopter,Aircraft,1998,4,2000,2.62,1.05,4.19
9584,Lebanon,M-113,armoured personnel carrier,Armoured vehicles,1995,25,1995,0.25,0.1,2.5
9585,Lebanon,M-113,armoured personnel carrier,Armoured vehicles,1996,80,1997,0.25,0.1,8.0
9586,Lebanon,M-578,armoured recovery vehicle,Armoured vehicles,1995,28,1996,0.36,0.14,4.03
9587,Lebanon,M-106,self-propelled mortar,Artillery,1997,5,1998,0.5,0.2,1.0
9588,Lebanon,TOW,anti-tank missile,Missiles,2016,350,2017,0.01,0.0,1.4
9589,Lebanon,AGM-114 Hellfire-2,anti-tank/air-to-surface missile,Missiles,2008,20,2009,0.05,0.05,1.0
9590,Lebanon,CSC-43,patrol boat,Ships,2010,1,2012,12.2,12.2,12.2
9596,Lebanon,R-44,light helicopter,Aircraft,2003,4,2005,0.25,0.25,1.0
9602,Lebanon,M-113,armoured personnel carrier,Armoured vehicles,1994,175,1994,0.25,0.1,17.5
9604,Lebanon,M-113,armoured personnel carrier,Armoured vehicles,1999,1,2000,0.25,0.1,0.1
9605,Lebanon,SP-2600,patrol boat,Ships,2021,3,2023,4.2,1.68,5.04
9606,Lebanon,UH-1H Huey-2,helicopter,Aircraft,2021,3,2022,3.1,3.1,9.3
9607,Lebanon,AGM-114 Hellfire-2,anti-tank/air-to-surface missile,Missiles,2017,100,2019,0.05,0.05,5.0
9608,Lebanon,AGM-114 Hellfire-2,anti-tank/air-to-surface missile,Missiles,2017,450,2020,0.05,0.05,22.5
9609,Lebanon,AGM-114 Hellfire-2,anti-tank/air-to-surface missile,Missiles,2017,450,2021,0.05,0.05,22.5
9610,Lebanon,K-6 120mm,mortar,Artillery,2020,37,2023,0.25,0.25,9.25
9611,Lebanon,K-6 120mm,mortar,Artillery,2020,12,2021,0.25,0.25,3.0
9612,Lebanon,K-6 120mm,mortar,Artillery,2020,16,2022,0.25,0.25,4.0
9613,Lebanon,K-6 120mm,mortar,Artillery,2020,24,2020,0.25,0.25,6.0
9614,Lebanon,K-6 120mm,mortar,Artillery,2012,24,2013,0.25,0.1,2.4
9615,Lebanon,Cessna-208 Caravan,light transport aircraft,Aircraft,2008,1,2009,1.0,1.0,1.0
9616,Lesotho,Bell-412,helicopter,Aircraft,1998,1,1998,5.0,5.0,5.0
9618,Liberia,Mamba Mk-7,armoured personnel carrier,Armoured vehicles,2020,1,2022,0.25,0.25,0.25
9630,Libya,vehicle engine 301-400,vehicle engine,Engines,2012,50,2012,0.05,0.05,2.5
9631,Libya,vehicle engine 301-400,vehicle engine,Engines,2015,8,2016,0.05,0.05,0.4
9632,Libya,vehicle engine 301-400,vehicle engine,Engines,2019,15,2019,0.05,0.05,0.75
9647,Lithuania,L-ATV,armoured personnel carrier,Armoured vehicles,2022,185,2024,0.18,0.18,33.3
9648,Lithuania,Stinger,portable SAM,Missiles,2002,54,2007,0.08,0.08,4.32
9649,Lithuania,MPQ-64 Sentinel,air-search radar,Sensors,2016,1,2021,5.0,5.0,5.0
9650,Lithuania,MPQ-64 Sentinel,air-search radar,Sensors,2016,1,2020,5.0,5.0,5.0
9651,Lithuania,AIM-120C AMRAAM,long-range air-to-air missile,Missiles,2016,50,2020,0.6,0.6,30.0
9652,Lithuania,AIM-120C AMRAAM,long-range air-to-air missile,Missiles,2016,50,2021,0.6,0.6,30.0
9653,Lithuania,AIM-120C AMRAAM,long-range air-to-air missile,Missiles,2016,50,2022,0.6,0.6,30.0
9654,Lithuania,L-ATV,armoured personnel carrier,Armoured vehicles,2019,100,2023,0.18,0.18,18.0
9655,Lithuania,L-ATV,armoured personnel carrier,Armoured vehicles,2019,50,2022,0.18,0.18,9.0
9656,Lithuania,L-ATV,armoured personnel carrier,Armoured vehicles,2019,50,2021,0.18,0.18,9.0
9657,Lithuania,FGM-148 Javelin,anti-tank missile,Missiles,2001,37,2003,0.03,0.03,1.11
9658,Lithuania,FGM-148 Javelin,anti-tank missile,Missiles,2001,37,2002,0.03,0.03,1.11
9659,Lithuania,FGM-148 Javelin,anti-tank missile,Missiles,2015,70,2023,0.03,0.03,2.1
9660,Lithuania,FGM-148 Javelin,anti-tank missile,Missiles,2015,100,2022,0.03,0.03,3.0
9661,Lithuania,FGM-148 Javelin,anti-tank missile,Missiles,2015,50,2021,0.03,0.03,1.5
9662,Lithuania,FGM-148 Javelin,anti-tank missile,Missiles,2015,50,2020,0.03,0.03,1.5
9663,Lithuania,FGM-148 Javelin,anti-tank missile,Missiles,2015,50,2019,0.03,0.03,1.5
9664,Lithuania,FGM-148 Javelin,anti-tank missile,Missiles,2015,120,2017,0.03,0.03,3.6
9665,Lithuania,FGM-148 Javelin,anti-tank missile,Missiles,2015,60,2015,0.03,0.03,1.8
9666,Lithuania,HMMWV-UA,armoured personnel carrier,Armoured vehicles,2004,20,2004,0.13,0.13,2.6
9667,Lithuania,HMMWV-UA,armoured personnel carrier,Armoured vehicles,2004,20,2005,0.13,0.13,2.6
9668,Lithuania,MPQ-64 Sentinel,air-search radar,Sensors,2002,2,2006,5.0,5.0,10.0
9669,Lithuania,aircraft engine 4501-6000,aircraft engine,Engines,2006,2,2009,1.5,1.5,3.0
9670,Lithuania,aircraft engine 4501-6000,aircraft engine,Engines,2006,2,2008,1.5,1.5,3.0
9671,Lithuania,aircraft engine 4501-6000,aircraft engine,Engines,2006,2,2006,1.5,1.5,3.0
9672,Lithuania,FGM-148 Javelin,anti-tank missile,Missiles,2022,100,2024,0.03,0.03,3.0
9673,Lithuania,Switchblade-600,loitering munition,Missiles,2022,50,2024,0.15,0.15,7.5
9674,Lithuania,ScanEagle,UAV,Aircraft,2012,5,2012,0.04,0.04,0.2
9679,Luxembourg,HMMWV-UA,armoured personnel carrier,Armoured vehicles,1998,9,1999,0.13,0.13,1.17
9680,Luxembourg,HMMWV-UA,armoured personnel carrier,Armoured vehicles,1996,24,1996,0.13,0.13,3.12
9681,Luxembourg,TOW-2B,anti-tank missile,Missiles,2002,50,2003,0.02,0.02,1.0
9682,Luxembourg,RQ-21 Blackjack,UAV,Aircraft,2019,4,2022,0.07,0.07,0.28
9685,Malawi,BT-67,transport aircraft,Aircraft,1989,2,1990,4.25,4.25,8.5
9686,Malaysia,ship engine 6001-8000,ship engine,Engines,2000,4,2010,2.5,2.5,10.0
9687,Malaysia,ship engine 6001-8000,ship engine,Engines,2000,4,2006,2.5,2.5,10.0
9688,Malaysia,ship engine 6001-8000,ship engine,Engines,2000,4,2009,2.5,2.5,10.0
9689,Malaysia,aircraft engine 1001-2000,aircraft engine,Engines,2002,2,2005,0.5,0.5,1.0
9690,Malaysia,aircraft engine 1001-2000,aircraft engine,Engines,2002,2,2006,0.5,0.5,1.0
9691,Malaysia,ScanEagle,UAV,Aircraft,2019,6,2020,0.04,0.04,0.24
9692,Malaysia,ScanEagle,UAV,Aircraft,2019,6,2022,0.04,0.04,0.24
9693,Malaysia,RDR-1700,maritime patrol aircraft radar,Sensors,2012,4,2014,2.5,2.5,10.0
9694,Malaysia,ship engine 1001-2500,ship engine,Engines,2018,4,2020,0.25,0.25,1.0
9695,Malaysia,ship engine 1001-2500,ship engine,Engines,2018,4,2019,0.25,0.25,1.0
9696,Malaysia,C-130H Hercules,transport aircraft,Aircraft,1990,1,1991,28.0,28.0,28.0
9699,Malaysia,F-18C,FGA aircraft,Aircraft,1993,8,1997,37.5,37.5,300.0
9700,Malaysia,AIM-120C AMRAAM,long-range air-to-air missile,Missiles,2015,10,2016,0.6,0.6,6.0
9701,Malaysia,King Air MP,maritime patrol aircraft,Aircraft,1991,4,1994,7.5,7.5,30.0
9702,Malaysia,King Air,light transport aircraft,Aircraft,2012,2,2013,2.85,2.85,5.7
9703,Malaysia,AGM-65 Maverick,air-to-surface missile,Missiles,1993,30,1997,0.15,0.15,4.5
9704,Malaysia,vehicle engine 201-300,vehicle engine,Engines,2015,10,2017,0.03,0.03,0.3
9705,Malaysia,vehicle engine 201-300,vehicle engine,Engines,2015,10,2016,0.03,0.03,0.3
9709,Malaysia,Harpoon Block-1,anti-ship missile,Missiles,2005,2,2007,0.9,0.9,1.8
9710,Malaysia,Harpoon Block-1,anti-ship missile,Missiles,2005,2,2006,0.9,0.9,1.8
9711,Malaysia,JDAM,guided bomb,Missiles,2009,50,2011,0.02,0.02,1.0
9712,Malaysia,vehicle engine 201-300,vehicle engine,Engines,2008,56,2010,0.03,0.03,1.68
9714,Malaysia,AIM-9X,long-range air-to-air missile,Missiles,2013,20,2015,0.18,0.18,3.6
9734,Malaysia,AIM-7M,long-range air-to-air missile,Missiles,1993,20,1997,0.18,0.18,3.6
9735,Malaysia,Harpoon Block-1,anti-ship missile,Missiles,1994,25,1997,0.9,0.9,22.5
9736,Malaysia,AIM-9M,short-range air-to-air missile,Missiles,1993,40,1997,0.12,0.12,4.8
9737,Malaysia,Newport,landing ship,Ships,1994,1,1995,75.42,30.17,30.17
9741,Malaysia,APG-66,combat aircraft radar,Sensors,1990,14,1994,1.5,1.5,21.0
9742,Malaysia,APG-66,combat aircraft radar,Sensors,1990,4,1995,1.5,1.5,6.0
9746,Malaysia,RDR-1500,maritime patrol aircraft radar,Sensors,2001,3,2003,2.25,2.25,6.75
9747,Malaysia,RDR-1500,maritime patrol aircraft radar,Sensors,2001,3,2004,2.25,2.25,6.75
9748,Malaysia,aircraft engine 1001-2000,aircraft engine,Engines,1995,12,1999,0.5,0.5,6.0
9749,Malaysia,vehicle engine 201-300,vehicle engine,Engines,2000,50,2004,0.03,0.03,1.5
9750,Malaysia,vehicle engine 201-300,vehicle engine,Engines,2000,96,2003,0.03,0.03,2.88
9751,Malaysia,vehicle engine 201-300,vehicle engine,Engines,2000,65,2002,0.03,0.03,1.95
9752,Malaysia,aircraft engine 1001-2000,aircraft engine,Engines,1999,10,2003,0.5,0.5,5.0
9753,Malaysia,aircraft engine 1001-2000,aircraft engine,Engines,1999,2,2004,0.5,0.5,1.0
9754,Malaysia,Sharpshooter,infantry fighting vehicle turret,Other,2000,10,2002,0.6,0.6,6.0
9755,Malaysia,Sharpshooter,infantry fighting vehicle turret,Other,2000,21,2003,0.6,0.6,12.6
9756,Malaysia,AIM-120C AMRAAM,long-range air-to-air missile,Missiles,2005,20,2007,0.6,0.6,12.0
9762,Malaysia,MD-530G,combat helicopter,Aircraft,2016,6,2022,3.0,3.0,18.0
9763,Malaysia,ASQ-228 ATFLIR,aircraft electro-optical system,Sensors,2012,3,2017,1.1,1.1,3.3
9764,Malaysia,ASQ-228 ATFLIR,aircraft electro-optical system,Sensors,2012,3,2016,1.1,1.1,3.3
9765,Malaysia,APS-143,maritime patrol aircraft radar,Sensors,2020,3,2022,2.5,2.5,7.5
9766,Malaysia,C-130H Hercules,transport aircraft,Aircraft,1995,5,1995,28.0,28.0,140.0
9767,Malaysia,vehicle engine 301-400,vehicle engine,Engines,2022,20,2023,0.05,0.05,1.0
9768,Malaysia,Paveway,guided bomb,Missiles,2010,60,2011,0.02,0.02,1.2
9769,Malaysia,ScanEagle,UAV,Aircraft,2012,2,2013,0.04,0.04,0.08
9770,Mali,vehicle engine 301-400,vehicle engine,Engines,2019,100,2020,0.05,0.05,5.0
9773,Mali,BT-67,transport aircraft,Aircraft,1996,1,1998,4.25,4.25,4.25
9774,Mali,BT-67,transport aircraft,Aircraft,1996,2,1997,4.25,4.25,8.5
9775,Mali,Cessna-337,light aircraft,Aircraft,1993,3,1994,0.35,0.14,0.42
9776,Malta,King Air MP,maritime patrol aircraft,Aircraft,2010,1,2012,7.5,7.5,7.5
9777,Malta,King Air MP,maritime patrol aircraft,Aircraft,2015,1,2017,7.5,7.5,7.5
9778,Malta,King Air MP,maritime patrol aircraft,Aircraft,2009,1,2011,7.5,7.5,7.5
9779,Malta,SP-2600,patrol boat,Ships,2001,1,2002,4.2,4.2,4.2
9780,Malta,SP-2600,patrol boat,Ships,2001,1,2004,4.2,4.2,4.2
9781,Mauritania,Cessna-208 Caravan,light transport aircraft,Aircraft,2014,2,2014,1.0,1.0,2.0
9783,Mauritania,BT-67,transport aircraft,Aircraft,1998,1,1998,4.25,4.25,4.25
9786,Mexico,S-70L Black Hawk,transport helicopter,Aircraft,2014,3,2016,7.25,7.25,21.75
9787,Mexico,S-70L Black Hawk,transport helicopter,Aircraft,2014,2,2017,7.25,7.25,14.5
9788,Mexico,S-70L Black Hawk,transport helicopter,Aircraft,2014,1,2015,7.25,7.25,7.25
9789,Mexico,S-70L Black Hawk,transport helicopter,Aircraft,2014,4,2016,7.25,7.25,29.0
9790,Mexico,S-70L Black Hawk,transport helicopter,Aircraft,2014,13,2017,7.25,7.25,94.25
9791,Mexico,Bell-205A-1,helicopter,Aircraft,1996,20,1996,2.62,1.05,20.96
9792,Mexico,Harpoon Block-2,anti-ship/land-attack missile,Missiles,2017,6,2020,1.0,1.0,6.0
9793,Mexico,Mk-54 LWT,anti-submarine torpedo,Missiles,2017,6,2020,0.5,0.5,3.0
9794,Mexico,S-70L Black Hawk,transport helicopter,Aircraft,2010,3,2011,7.25,7.25,21.75
9795,Mexico,Cessna-U206,light aircraft,Aircraft,2015,6,2016,0.25,0.25,1.5
9796,Mexico,Cessna-U206,light aircraft,Aircraft,2015,6,2017,0.25,0.25,1.5
9797,Mexico,ship engine 2501-4000,ship engine,Engines,1997,2,2011,1.2,1.2,2.4
9798,Mexico,ship engine 2501-4000,ship engine,Engines,1997,6,2003,1.2,1.2,7.2
9799,Mexico,ship engine 2501-4000,ship engine,Engines,1997,2,2001,1.2,1.2,2.4
9800,Mexico,ship engine 2501-4000,ship engine,Engines,1997,4,2000,1.2,1.2,4.8
9801,Mexico,ship engine 2501-4000,ship engine,Engines,1997,6,1999,1.2,1.2,7.2
9802,Mexico,ship engine 2501-4000,ship engine,Engines,1997,2,1998,1.2,1.2,2.4
9803,Mexico,ship engine 2501-4000,ship engine,Engines,1997,2,2012,1.2,1.2,2.4
9804,Mexico,S-70L Black Hawk,transport helicopter,Aircraft,2015,2,2017,7.25,7.25,14.5
9805,Mexico,King Air MP,maritime patrol aircraft,Aircraft,2014,2,2015,7.5,7.5,15.0
9806,Mexico,King Air MP,maritime patrol aircraft,Aircraft,2014,2,2016,7.5,7.5,15.0
9807,Mexico,Lancair-ES,light aircraft,Aircraft,1999,2,2000,0.11,0.11,0.22
9808,Mexico,King Air ISR,ground surveillance aircraft,Aircraft,2014,2,2015,11.0,11.0,22.0
9809,Mexico,King Air ISR,ground surveillance aircraft,Aircraft,2014,2,2016,11.0,11.0,22.0
9812,Mexico,King Air,light transport aircraft,Aircraft,2014,2,2015,2.85,2.85,5.7
9818,Mexico,ESSM,SAM,Missiles,2018,8,2020,0.4,0.4,3.2
9821,Mexico,Gulfstream-4,light transport aircraft,Aircraft,2008,1,2008,23.0,23.0,23.0
9823,Mexico,B-737NG,transport aircraft,Aircraft,2015,1,2015,33.0,33.0,33.0
9824,Mexico,B-737NG,transport aircraft,Aircraft,2015,2,2016,33.0,33.0,66.0
9827,Mexico,T-6 Texan-2 -,(armed) trainer aircraft,Aircraft,2013,6,2014,2.0,2.0,12.0
9828,Mexico,T-6 Texan-2 -,(armed) trainer aircraft,Aircraft,2014,6,2016,2.0,2.0,12.0
9829,Mexico,T-6 Texan-2 -,(armed) trainer aircraft,Aircraft,2014,3,2017,2.0,2.0,6.0
9830,Mexico,T-6 Texan-2 -,(armed) trainer aircraft,Aircraft,2014,2,2018,2.0,2.0,4.0
9831,Mexico,Bell-407,light helicopter,Aircraft,2015,10,2015,1.1,1.1,11.0
9832,Mexico,Bell-407,light helicopter,Aircraft,2015,5,2016,1.1,1.1,5.5
9833,Mexico,T-6 Texan-2 -,(armed) trainer aircraft,Aircraft,2014,2,2014,2.0,2.0,4.0
9834,Mexico,T-6 Texan-2 -,(armed) trainer aircraft,Aircraft,2011,6,2012,2.0,2.0,12.0
9835,Mexico,SandCat,armoured personnel carrier,Armoured vehicles,2012,20,2013,0.14,0.14,2.8
9836,Mexico,SandCat,armoured personnel carrier,Armoured vehicles,2012,23,2014,0.14,0.14,3.22
9837,Mexico,SandCat,armoured personnel carrier,Armoured vehicles,2012,20,2012,0.14,0.14,2.8
9838,Mexico,T-6 Texan-2 -,(armed) trainer aircraft,Aircraft,2014,9,2015,2.0,2.0,18.0
9839,Mexico,T-6 Texan-2 -,(armed) trainer aircraft,Aircraft,2014,3,2016,2.0,2.0,6.0
9840,Mexico,T-6 Texan-2 -,(armed) trainer aircraft,Aircraft,2014,16,2016,2.0,2.0,32.0
9841,Mexico,T-6 Texan-2 -,(armed) trainer aircraft,Aircraft,2014,8,2017,2.0,2.0,16.0
9842,Mexico,Citation-1,light transport aircraft,Aircraft,2013,3,2016,4.0,2.64,7.92
9843,Mexico,HMMWV-UA,armoured personnel carrier,Armoured vehicles,2014,100,2015,0.13,0.13,13.0
9844,Mexico,HMMWV-UA,armoured personnel carrier,Armoured vehicles,2014,100,2016,0.13,0.13,13.0
9845,Mexico,S-70L Black Hawk,transport helicopter,Aircraft,2010,3,2011,7.25,7.25,21.75
9846,Mexico,S-70L Black Hawk,transport helicopter,Aircraft,2014,8,2015,7.25,7.25,58.0
9847,Mexico,RIM-116A RAM,SAM,Missiles,2018,23,2020,0.14,0.14,3.22
9848,Mexico,Mk-56 SAMS,naval SAM system,Naval weapons,2018,1,2020,5.0,5.0,5.0
9850,Mexico,Metro-3,transport aircraft,Aircraft,1996,4,1997,2.8,1.12,4.48
9851,Mexico,Bell-412,helicopter,Aircraft,2009,3,2010,5.0,5.0,15.0
9852,Mexico,aircraft engine 1001-2000,aircraft engine,Engines,2008,4,2010,0.5,0.5,2.0
9853,Mexico,Bell-412,helicopter,Aircraft,2009,5,2009,5.0,5.0,25.0
9854,Mexico,TPS-70,air-search radar,Sensors,2011,1,2012,11.0,11.0,11.0
9855,Mexico,TPS-70,air-search radar,Sensors,2011,3,2013,11.0,11.0,33.0
9856,Mexico,aircraft engine 4501-6000,aircraft engine,Engines,2011,2,2011,1.5,1.5,3.0
9857,Mexico,aircraft engine 4501-6000,aircraft engine,Engines,2011,6,2012,1.5,1.5,9.0
9858,Mexico,Exec-162F,light helicopter,Aircraft,2000,1,2000,0.1,0.1,0.1
9859,Mexico,SandCat,armoured personnel carrier,Armoured vehicles,2010,164,2011,0.14,0.14,22.96
9860,Mexico,SandCat,armoured personnel carrier,Armoured vehicles,2010,6,2010,0.14,0.14,0.84
9861,Mexico,SandCat,armoured personnel carrier,Armoured vehicles,2011,80,2011,0.14,0.14,11.2
9862,Mexico,Mi-2,light helicopter,Aircraft,1998,2,1998,1.1,0.44,0.88
9863,Mexico,C-130H Hercules,transport aircraft,Aircraft,2002,4,2004,28.0,11.2,44.8
9864,Mexico,Cessna-208 Caravan,light transport aircraft,Aircraft,2008,2,2009,1.0,1.0,2.0
9917,Mexico,C-130B Hercules,transport aircraft,Aircraft,1987,3,1993,23.0,15.18,45.54
9918,Mexico,C-130B Hercules,transport aircraft,Aircraft,1987,1,1996,23.0,15.18,15.18
9922,Mexico,MD-500E,light helicopter,Aircraft,1990,4,1990,0.7,0.7,2.8
9924,Mexico,Bell-212,helicopter,Aircraft,1989,5,1990,3.7,3.7,18.5
9925,Mexico,Cape,patrol boat,Ships,1990,2,1990,3.9,1.56,3.12
9926,Mexico,Cape,patrol boat,Ships,1990,1,1991,3.9,1.56,1.56
9927,Mexico,MD-500E,light helicopter,Aircraft,1992,10,1993,0.7,0.7,7.0
9928,Mexico,MX-7,light aircraft,Aircraft,1992,12,1994,0.1,0.1,1.2
9929,Mexico,S-70L Black Hawk,transport helicopter,Aircraft,1991,2,1991,7.25,7.25,14.5
9930,Mexico,MX-7,light aircraft,Aircraft,1990,8,1991,0.1,0.1,0.8
9931,Mexico,MX-7,light aircraft,Aircraft,1990,8,1992,0.1,0.1,0.8
9932,Mexico,Bronstein,frigate,Ships,1993,2,1993,110.0,44.0,88.0
9936,Mexico,Newport,landing ship,Ships,2000,1,2001,75.42,30.17,30.17
9937,Mexico,Newport,landing ship,Ships,2000,1,2002,75.42,30.17,30.17
9939,Mexico,Commando V-150,armoured personnel carrier,Armoured vehicles,1994,28,1994,0.2,0.2,5.6
9940,Mexico,S-70L Black Hawk,transport helicopter,Aircraft,1994,4,1994,7.25,7.25,29.0
9941,Mexico,Isla,patrol boat,Ships,1992,2,1993,4.9,4.9,9.8
9942,Mexico,Isla,patrol boat,Ships,1992,2,1994,4.9,4.9,9.8
9943,Mexico,Knox,frigate,Ships,1996,2,1997,275.0,110.0,220.0
9946,Mexico,SeaVue,maritime patrol aircraft radar,Sensors,2001,2,2004,2.5,2.5,5.0
9947,Mexico,SA-2-37,reconnaissance aircraft,Aircraft,1994,1,1994,0.26,0.26,0.26
9948,Mexico,MD-500E,light helicopter,Aircraft,1994,12,1994,0.7,0.7,8.4
9949,Mexico,Explorer,helicopter,Aircraft,1998,4,1999,2.3,2.3,9.2
9950,Mexico,Explorer,helicopter,Aircraft,1998,2,2000,2.3,2.3,4.6
9951,Mexico,Explorer,helicopter,Aircraft,1998,4,2002,2.3,2.3,9.2
9952,Mexico,MD-500E,light helicopter,Aircraft,1997,3,1998,0.7,0.7,2.1
9953,Mexico,Cessna-180 Skywagon,light aircraft,Aircraft,1999,50,1999,0.18,0.18,9.0
9954,Mexico,Cessna-180 Skywagon,light aircraft,Aircraft,1999,23,2000,0.18,0.18,4.14
9955,Mexico,Knox,frigate,Ships,1998,1,2000,275.0,110.0,110.0
9956,Mexico,Deer Island,support craft,Ships,1996,1,1996,7.0,2.8,2.8
9957,Mexico,AIM-7E,long-range air-to-air missile,Missiles,1997,20,1998,0.15,0.15,3.0
9958,Mexico,Monob-1,support ship,Ships,1996,1,1996,5.0,2.0,2.0
9959,Mexico,Seacon,support ship,Ships,1999,1,1999,7.5,3.0,3.0
9960,Mexico,R-22,light helicopter,Aircraft,2000,2,2000,0.13,0.13,0.26
9961,Mexico,R-44,light helicopter,Aircraft,2000,1,2000,0.25,0.25,0.25
9962,Mexico,SeaVue,maritime patrol aircraft radar,Sensors,2002,2,2004,2.5,2.5,5.0
9963,Mexico,SeaVue,maritime patrol aircraft radar,Sensors,2002,3,2005,2.5,2.5,7.5
9964,Mexico,SeaVue,maritime patrol aircraft radar,Sensors,2002,3,2006,2.5,2.5,7.5
9965,Mexico,Knox,frigate,Ships,2001,1,2001,275.0,110.0,110.0
9967,Mexico,SeaVue,maritime patrol aircraft radar,Sensors,2002,11,2004,2.5,2.5,27.5
9968,Mexico,Schweizer-330,light helicopter,Aircraft,2003,4,2006,0.45,0.45,1.8
9970,Mexico,AE-3007,turbofan,Engines,2001,6,2004,1.3,1.3,7.8
9971,Mexico,Bell-412,helicopter,Aircraft,2000,4,2002,5.0,5.0,20.0
9972,Mexico,APS-143,maritime patrol aircraft radar,Sensors,2008,2,2010,2.5,2.5,5.0
9973,Mexico,aircraft engine 1001-2000,aircraft engine,Engines,2013,4,2015,0.5,0.5,2.0
9974,Mexico,aircraft engine 1001-2000,aircraft engine,Engines,2008,4,2010,0.5,0.5,2.0
9976,Mexico,aircraft engine 1001-2000,aircraft engine,Engines,2009,6,2012,0.5,0.5,3.0
9977,Mexico,aircraft engine 1001-2000,aircraft engine,Engines,2009,2,2011,0.5,0.5,1.0
9978,Mexico,MPQ-64 Sentinel,air-search radar,Sensors,2003,4,2006,5.0,5.0,20.0
9979,Mexico,APS-143,maritime patrol aircraft radar,Sensors,2010,1,2011,2.5,2.5,2.5
9980,Mexico,APS-143,maritime patrol aircraft radar,Sensors,2010,3,2012,2.5,2.5,7.5
9981,Mexico,APS-143,maritime patrol aircraft radar,Sensors,2010,2,2015,2.5,2.5,5.0
9982,Mexico,Turbo Commander,light transport aircraft,Aircraft,1992,4,1992,1.3,1.3,5.2
9984,Mexico,Cessna-208 Caravan,light transport aircraft,Aircraft,2018,1,2018,1.0,1.0,1.0
9985,Mexico,King Air,light transport aircraft,Aircraft,2013,3,2014,2.85,2.85,8.55
9986,Mexico,King Air,light transport aircraft,Aircraft,2013,1,2015,2.85,2.85,2.85
9987,Mexico,Bell-205A-1,helicopter,Aircraft,1996,53,1997,2.62,1.05,55.54
9988,Montenegro,Bell-412,helicopter,Aircraft,2018,3,2018,5.0,5.0,15.0
9989,Montenegro,Bell-505,light helicopter,Aircraft,2020,1,2020,0.9,0.9,0.9
9990,Montenegro,Bell-505,light helicopter,Aircraft,2020,1,2021,0.9,0.9,0.9
9991,Montenegro,L-ATV,armoured personnel carrier,Armoured vehicles,2019,30,2024,0.18,0.18,5.4
9992,Montenegro,L-ATV,armoured personnel carrier,Armoured vehicles,2019,10,2022,0.18,0.18,1.8
9993,Montenegro,L-ATV,armoured personnel carrier,Armoured vehicles,2019,20,2020,0.18,0.18,3.6
9995,Morocco,M-113A3,armoured personnel carrier,Armoured vehicles,2016,469,2017,0.3,0.12,56.28
9996,Morocco,M-113A3,armoured personnel carrier,Armoured vehicles,2016,20,2019,0.3,0.12,2.4
9998,Morocco,Bell-412 ASW,anti-submarine helicopter,Aircraft,2019,2,2022,12.5,12.5,25.0
10002,Morocco,M-113,armoured personnel carrier,Armoured vehicles,2007,26,2009,0.25,0.1,2.6
10003,Morocco,M-113,armoured personnel carrier,Armoured vehicles,2007,86,2010,0.25,0.1,8.6
10004,Morocco,M-113,armoured personnel carrier,Armoured vehicles,2007,9,2011,0.25,0.1,0.9
10005,Morocco,M-113,armoured personnel carrier,Armoured vehicles,2012,146,2013,0.25,0.1,14.6
10007,Morocco,AIM-120C AMRAAM,long-range air-to-air missile,Missiles,2017,4,2021,0.6,0.6,2.4
10014,Morocco,AIM-120C AMRAAM,long-range air-to-air missile,Missiles,2009,15,2015,0.6,0.6,9.0
10015,Morocco,AIM-120C AMRAAM,long-range air-to-air missile,Missiles,2009,15,2016,0.6,0.6,9.0
10016,Morocco,AIM-9X,long-range air-to-air missile,Missiles,2012,10,2014,0.18,0.18,1.8
10017,Morocco,AIM-9X,long-range air-to-air missile,Missiles,2012,10,2015,0.18,0.18,1.8
10018,Morocco,Harpoon Block-2,anti-ship/land-attack missile,Missiles,2016,6,2017,1.0,1.0,6.0
10019,Morocco,TPS-79 MMSR,air-search radar,Sensors,2008,3,2010,6.0,6.0,18.0
10020,Morocco,M-1A1 Abrams,tank,Armoured vehicles,2015,50,2016,4.0,4.0,200.0
10021,Morocco,M-1A1 Abrams,tank,Armoured vehicles,2015,92,2017,4.0,4.0,368.0
10022,Morocco,M-1A1 Abrams,tank,Armoured vehicles,2015,80,2018,4.0,4.0,320.0
10023,Morocco,M-113A3,armoured personnel carrier,Armoured vehicles,2018,161,2019,0.3,0.12,19.32
10026,Morocco,M-1A1 Abrams,tank,Armoured vehicles,2018,81,2022,4.0,4.0,324.0
10027,Morocco,M-1A1 Abrams,tank,Armoured vehicles,2018,81,2023,4.0,4.0,324.0
10028,Morocco,MPQ-64 Sentinel,air-search radar,Sensors,2011,4,2013,5.0,5.0,20.0
10029,Morocco,MPQ-64 Sentinel,air-search radar,Sensors,2011,4,2012,5.0,5.0,20.0
10035,Morocco,TOW,anti-tank missile,Missiles,2016,300,2017,0.01,0.01,3.0
10036,Morocco,TOW,anti-tank missile,Missiles,2016,300,2018,0.01,0.01,3.0
10037,Morocco,JDAM,guided bomb,Missiles,2014,20,2015,0.02,0.02,0.4
10038,Morocco,JDAM,guided bomb,Missiles,2014,70,2017,0.02,0.02,1.4
10039,Morocco,King Air ISR,ground surveillance aircraft,Aircraft,2018,2,2019,11.0,11.0,22.0
10040,Morocco,King Air,light transport aircraft,Aircraft,2016,2,2018,2.85,2.85,5.7
10041,Morocco,M-109A5 155mm,self-propelled gun,Artillery,2015,70,2016,1.25,0.5,35.0
10042,Morocco,Paveway,guided bomb,Missiles,2008,140,2010,0.02,0.02,2.8
10043,Morocco,Paveway,guided bomb,Missiles,2008,140,2011,0.02,0.02,2.8
10044,Morocco,AGM-88 HARM,anti-radar missile,Missiles,2010,20,2013,0.25,0.25,5.0
10045,Morocco,AAQ-33 Sniper ATP,aircraft electro-optical system,Sensors,2009,12,2011,1.0,1.0,12.0
10046,Morocco,M-88 AV,armoured recovery vehicle,Armoured vehicles,2016,55,2016,1.5,0.6,33.0
10052,Morocco,Newport,landing ship,Ships,1994,1,1994,75.42,30.17,30.17
10053,Morocco,M-578,armoured recovery vehicle,Armoured vehicles,1996,30,1996,0.36,0.14,4.32
10054,Morocco,M-106,self-propelled mortar,Artillery,1999,36,2000,0.5,0.2,7.2
10055,Morocco,M-113,armoured personnel carrier,Armoured vehicles,2005,199,2006,0.25,0.1,19.9
10056,Morocco,M-109A5 155mm,self-propelled gun,Artillery,2009,60,2012,1.25,0.5,30.0
10057,Morocco,T-6 Texan-2 -,(armed) trainer aircraft,Aircraft,2009,20,2011,2.0,2.0,40.0
10058,Morocco,T-6 Texan-2 -,(armed) trainer aircraft,Aircraft,2009,4,2012,2.0,2.0,8.0
10059,Morocco,AIM-9L,short-range air-to-air missile,Missiles,2008,20,2012,0.11,0.11,2.2
10060,Morocco,AIM-9L,short-range air-to-air missile,Missiles,2008,40,2011,0.11,0.11,4.4
10061,Morocco,DB-110,aircraft reconnaissance system,Sensors,2008,4,2011,4.0,4.0,16.0
10062,Morocco,aircraft engine 4501-6000,aircraft engine,Engines,2008,4,2010,1.5,1.5,6.0
10063,Morocco,aircraft engine 4501-6000,aircraft engine,Engines,2008,4,2011,1.5,1.5,6.0
10066,Morocco,aircraft engine 1001-2000,aircraft engine,Engines,1989,14,1990,0.5,0.5,7.0
10067,Morocco,JDAM,guided bomb,Missiles,2012,10,2013,0.02,0.02,0.2
10074,Morocco,M-901,tank destroyer,Armoured vehicles,1998,23,1999,0.9,0.36,8.28
10075,Morocco,AIM-9X,long-range air-to-air missile,Missiles,2018,18,2020,0.18,0.18,3.24
10076,Morocco,AIM-9X,long-range air-to-air missile,Missiles,2018,18,2021,0.18,0.18,3.24
10077,Morocco,F-16C Block-50,FGA aircraft,Aircraft,2008,12,2011,31.0,31.0,372.0
10078,Morocco,F-16C Block-50,FGA aircraft,Aircraft,2008,12,2012,31.0,31.0,372.0
10079,Morocco,LM-2500 (30001-35000),gas turbine,Engines,2008,1,2014,7.0,7.0,7.0
10120,Morocco,F-5E Tiger-2,FGA aircraft,Aircraft,1989,5,1990,10.5,4.2,21.0
10121,Morocco,M-60A1,tank,Armoured vehicles,1991,60,1991,1.8,0.72,43.2
10129,Morocco,M-60A1,tank,Armoured vehicles,1994,120,1994,1.8,0.72,86.4
10130,Morocco,M-60A1,tank,Armoured vehicles,1993,120,1993,1.8,0.72,86.4
10131,Morocco,T-37B,(armed) trainer aircraft,Aircraft,1995,14,1996,1.8,0.72,10.08
10134,Morocco,M-167,anti-aircraft gun,Air-defence systems,1997,2,1997,0.4,0.16,0.32
10135,Morocco,M-163,self-propelled anti-aircraft gun,Air-defence systems,1996,50,1996,1.0,0.4,20.0
10136,Morocco,M-110A2 203mm,self-propelled gun,Artillery,1996,60,1997,1.1,0.44,26.4
10137,Morocco,M-60A3,tank,Armoured vehicles,1996,120,1997,2.1,0.84,100.8
10138,Morocco,M-60A1,tank,Armoured vehicles,1997,7,1997,1.8,0.72,5.04
10141,Morocco,M-578,armoured recovery vehicle,Armoured vehicles,1997,30,1997,0.36,0.14,4.32
10144,Morocco,TOW,anti-tank missile,Missiles,2017,400,2018,0.01,0.01,4.0
10145,Morocco,TOW,anti-tank missile,Missiles,2017,400,2019,0.01,0.01,4.0
10146,Morocco,TOW,anti-tank missile,Missiles,2017,400,2020,0.01,0.01,4.0
10147,Morocco,M-88 AV,armoured recovery vehicle,Armoured vehicles,2012,8,2013,1.5,0.6,4.8
10148,Morocco,CH-47D Chinook,transport helicopter,Aircraft,2012,3,2015,18.0,11.88,35.64
10186,Namibia,Cessna-337,light aircraft,Aircraft,1992,6,1994,0.35,0.14,0.84
10187,Namibia,S-61 Sea King,transport helicopter,Aircraft,1993,1,1995,6.0,2.4,2.4
10188,Namibia,ship engine 6001-8000,ship engine,Engines,2010,2,2012,2.5,2.5,5.0
10198,Nepal,aircraft engine 1001-2000,aircraft engine,Engines,2017,2,2019,0.5,0.5,1.0
10199,Nepal,Bell-407,light helicopter,Aircraft,2018,1,2019,1.1,1.1,1.1
10201,Netherlands,MIM-104 PAC-3,ABM missile,Missiles,2005,16,2007,0.8,0.8,12.8
10202,Netherlands,MIM-104 PAC-3,ABM missile,Missiles,2005,16,2009,0.8,0.8,12.8
10203,Netherlands,AIM-120B AMRAAM,long-range air-to-air missile,Missiles,2006,100,2009,0.4,0.4,40.0
10204,Netherlands,MQ-9 UCAV,armed UAV,Aircraft,2018,4,2022,7.5,7.5,30.0
10205,Netherlands,Excalibur,guided shell,Missiles,2021,199,2023,0.04,0.04,7.96
10206,Netherlands,APKWS,air-to-surface missile,Missiles,2016,50,2018,0.01,0.01,0.5
10207,Netherlands,APKWS,air-to-surface missile,Missiles,2016,50,2017,0.01,0.01,0.5
10208,Netherlands,APKWS,air-to-surface missile,Missiles,2016,200,2021,0.01,0.01,2.0
10209,Netherlands,APKWS,air-to-surface missile,Missiles,2016,200,2019,0.01,0.01,2.0
10210,Netherlands,APKWS,air-to-surface missile,Missiles,2016,500,2020,0.01,0.01,5.0
10211,Netherlands,AIM-120C AMRAAM,long-range air-to-air missile,Missiles,2019,26,2022,0.6,0.6,15.6
10212,Netherlands,AIM-120C AMRAAM,long-range air-to-air missile,Missiles,2019,16,2023,0.6,0.6,9.6
10215,Netherlands,HELRAS,anti-submarine sonar,Sensors,2003,3,2013,2.0,2.0,6.0
10216,Netherlands,HELRAS,anti-submarine sonar,Sensors,2003,2,2012,2.0,2.0,4.0
10217,Netherlands,HELRAS,anti-submarine sonar,Sensors,2003,2,2011,2.0,2.0,4.0
10218,Netherlands,HELRAS,anti-submarine sonar,Sensors,2003,3,2010,2.0,2.0,6.0
10219,Netherlands,HELRAS,anti-submarine sonar,Sensors,2003,1,2015,2.0,2.0,2.0
10220,Netherlands,HELRAS,anti-submarine sonar,Sensors,2003,2,2016,2.0,2.0,4.0
10221,Netherlands,Learjet-35,light transport aircraft,Aircraft,1995,1,1995,4.3,1.72,1.72
10222,Netherlands,Mk-48 ADCAP,anti-ship/anti-submarine torpedo,Missiles,2010,5,2019,1.6,1.6,8.0
10223,Netherlands,Mk-48 ADCAP,anti-ship/anti-submarine torpedo,Missiles,2010,5,2020,1.6,1.6,8.0
10224,Netherlands,Mk-48 ADCAP,anti-ship/anti-submarine torpedo,Missiles,2010,5,2021,1.6,1.6,8.0
10225,Netherlands,Mk-48 ADCAP,anti-ship/anti-submarine torpedo,Missiles,2010,5,2022,1.6,1.6,8.0
10226,Netherlands,Mk-48 ADCAP,anti-ship/anti-submarine torpedo,Missiles,2010,5,2017,1.6,1.6,8.0
10227,Netherlands,Mk-48 ADCAP,anti-ship/anti-submarine torpedo,Missiles,2010,5,2015,1.6,1.6,8.0
10228,Netherlands,Mk-48 ADCAP,anti-ship/anti-submarine torpedo,Missiles,2010,5,2016,1.6,1.6,8.0
10229,Netherlands,Mk-48 ADCAP,anti-ship/anti-submarine torpedo,Missiles,2010,5,2018,1.6,1.6,8.0
10230,Netherlands,F-35A Lightning-2,FGA aircraft,Aircraft,2019,4,2024,55.0,55.0,220.0
10232,Netherlands,AAQ-33 Sniper ATP,aircraft electro-optical system,Sensors,2015,15,2016,1.0,1.0,15.0
10233,Netherlands,AAQ-33 Sniper ATP,aircraft electro-optical system,Sensors,2015,14,2017,1.0,1.0,14.0
10234,Netherlands,vehicle engine 201-300,vehicle engine,Engines,2016,8,2017,0.03,0.03,0.24
10235,Netherlands,AAQ-14 LANTIRN,aircraft electro-optical system,Sensors,1997,10,2001,1.0,1.0,10.0
10236,Netherlands,MK-41 SAMS,naval SAM system,Naval weapons,1995,1,2002,20.0,20.0,20.0
10237,Netherlands,MK-41 SAMS,naval SAM system,Naval weapons,1995,1,2003,20.0,20.0,20.0
10238,Netherlands,MK-41 SAMS,naval SAM system,Naval weapons,1995,1,2004,20.0,20.0,20.0
10239,Netherlands,MK-41 SAMS,naval SAM system,Naval weapons,1995,1,2005,20.0,20.0,20.0
10252,Netherlands,vehicle engine 201-300,vehicle engine,Engines,2015,4,2016,0.03,0.03,0.12
10253,Netherlands,vehicle engine 201-300,vehicle engine,Engines,2015,8,2017,0.03,0.03,0.24
10254,Netherlands,AGM-114 Hellfire-2,anti-tank/air-to-surface missile,Missiles,2016,200,2021,0.05,0.05,10.0
10255,Netherlands,AGM-114 Hellfire-2,anti-tank/air-to-surface missile,Missiles,2016,50,2022,0.05,0.05,2.5
10279,Netherlands,Patriot-3 SAMS,SAM system,Air-defence systems,2000,4,2006,55.0,55.0,220.0
10281,Netherlands,GBU-39 SDB,guided glide bomb,Missiles,2017,250,2020,0.02,0.02,5.0
10282,Netherlands,CH-47F,transport helicopter,Aircraft,2017,2,2021,20.0,20.0,40.0
10283,Netherlands,CH-47F,transport helicopter,Aircraft,2017,1,2022,20.0,20.0,20.0
10284,Netherlands,CH-47F,transport helicopter,Aircraft,2017,3,2023,20.0,20.0,60.0
10295,Netherlands,Stinger,portable SAM,Missiles,1986,26,1993,0.08,0.08,2.08
10296,Netherlands,Stinger,portable SAM,Missiles,1986,75,1994,0.08,0.08,6.0
10297,Netherlands,Stinger,portable SAM,Missiles,1986,100,1995,0.08,0.08,8.0
10298,Netherlands,Stinger,portable SAM,Missiles,1986,200,1996,0.08,0.08,16.0
10299,Netherlands,Stinger,portable SAM,Missiles,1986,200,1997,0.08,0.08,16.0
10300,Netherlands,Stinger,portable SAM,Missiles,1986,125,1998,0.08,0.08,10.0
10301,Netherlands,ESSM,SAM,Missiles,2002,12,2009,0.4,0.4,4.8
10302,Netherlands,ESSM,SAM,Missiles,2002,10,2004,0.4,0.4,4.0
10303,Netherlands,ESSM,SAM,Missiles,2002,12,2008,0.4,0.4,4.8
10304,Netherlands,ESSM,SAM,Missiles,2002,12,2007,0.4,0.4,4.8
10305,Netherlands,ESSM,SAM,Missiles,2002,12,2006,0.4,0.4,4.8
10306,Netherlands,ESSM,SAM,Missiles,2002,10,2005,0.4,0.4,4.0
10307,Netherlands,ESSM,SAM,Missiles,2002,10,2011,0.4,0.4,4.0
10308,Netherlands,ESSM,SAM,Missiles,2002,12,2010,0.4,0.4,4.8
10309,Netherlands,ESSM,SAM,Missiles,2002,8,2003,0.4,0.4,3.2
10310,Netherlands,ESSM,SAM,Missiles,2002,52,2013,0.4,0.4,20.8
10312,Netherlands,AH-64A Apache,combat helicopter,Aircraft,1995,12,1996,14.0,5.6,67.2
10325,Netherlands,MIM-104A Patriot,SAM,Missiles,1984,30,1990,0.75,0.75,22.5
10326,Netherlands,MIM-104A Patriot,SAM,Missiles,1984,40,1991,0.75,0.75,30.0
10334,Netherlands,AIM-7M,long-range air-to-air missile,Missiles,1985,40,1991,0.18,0.18,7.2
10335,Netherlands,AIM-7M,long-range air-to-air missile,Missiles,1985,40,1992,0.18,0.18,7.2
10336,Netherlands,AIM-7M,long-range air-to-air missile,Missiles,1985,40,1993,0.18,0.18,7.2
10337,Netherlands,AIM-7M,long-range air-to-air missile,Missiles,1985,40,1994,0.18,0.18,7.2
10338,Netherlands,AIM-7M,long-range air-to-air missile,Missiles,1985,40,1995,0.18,0.18,7.2
10363,Netherlands,F-16A,FGA aircraft,Aircraft,1983,10,1990,20.65,20.65,206.5
10367,Netherlands,F-16A,FGA aircraft,Aircraft,1983,10,1991,20.65,20.65,206.5
10368,Netherlands,F-16A,FGA aircraft,Aircraft,1983,7,1992,20.65,20.65,144.55
10374,Netherlands,JDAM,guided bomb,Missiles,2015,300,2016,0.02,0.02,6.0
10375,Netherlands,Stinger,portable SAM,Missiles,1992,50,1998,0.08,0.08,4.0
10376,Netherlands,Stinger,portable SAM,Missiles,1992,200,1999,0.08,0.08,16.0
10377,Netherlands,Stinger,portable SAM,Missiles,1992,200,2000,0.08,0.08,16.0
10378,Netherlands,Stinger,portable SAM,Missiles,1992,200,2001,0.08,0.08,16.0
10379,Netherlands,Stinger,portable SAM,Missiles,1992,150,2002,0.08,0.08,12.0
10380,Netherlands,Stinger,portable SAM,Missiles,1992,74,2003,0.08,0.08,5.92
10381,Netherlands,GBU-39 SDB,guided glide bomb,Missiles,2010,300,2012,0.02,0.02,6.0
10382,Netherlands,GBU-39 SDB,guided glide bomb,Missiles,2010,303,2013,0.02,0.02,6.06
10383,Netherlands,Excalibur,guided shell,Missiles,2017,1000,2018,0.04,0.04,40.0
10384,Netherlands,Excalibur,guided shell,Missiles,2017,1000,2019,0.04,0.04,40.0
10385,Netherlands,Excalibur,guided shell,Missiles,2017,1000,2020,0.04,0.04,40.0
10386,Netherlands,Excalibur,guided shell,Missiles,2017,500,2021,0.04,0.04,20.0
10387,Netherlands,vehicle engine 201-300,vehicle engine,Engines,2020,6,2021,0.03,0.03,0.18
10388,Netherlands,APKWS,air-to-surface missile,Missiles,2019,100,2022,0.01,0.01,1.0
10389,Netherlands,Mk-48 SAMS,naval SAM system,Naval weapons,1984,2,1991,5.0,5.0,10.0
10390,Netherlands,Mk-48 SAMS,naval SAM system,Naval weapons,1984,1,1992,5.0,5.0,5.0
10391,Netherlands,Mk-48 SAMS,naval SAM system,Naval weapons,1984,2,1993,5.0,5.0,10.0
10392,Netherlands,Mk-48 SAMS,naval SAM system,Naval weapons,1984,2,1994,5.0,5.0,10.0
10393,Netherlands,Mk-48 SAMS,naval SAM system,Naval weapons,1984,1,1995,5.0,5.0,5.0
10394,Netherlands,JDAM,guided bomb,Missiles,2018,140,2019,0.02,0.02,2.8
10395,Netherlands,SM-2MR,SAM,Missiles,2002,41,2003,0.3,0.3,12.3
10396,Netherlands,SM-2MR,SAM,Missiles,2002,82,2004,0.3,0.3,24.6
10397,Netherlands,SM-2MR,SAM,Missiles,2002,41,2005,0.3,0.3,12.3
10398,Netherlands,ship engine 1001-2500,ship engine,Engines,2007,9,2013,0.25,0.25,2.25
10399,Netherlands,ship engine 1001-2500,ship engine,Engines,2007,3,2012,0.25,0.25,0.75
10400,Netherlands,Mk-54 LWT,anti-submarine torpedo,Missiles,2020,10,2023,0.5,0.5,5.0
10401,Netherlands,Mk-54 LWT,anti-submarine torpedo,Missiles,2020,10,2024,0.5,0.5,5.0
10404,Netherlands,CH-47F,transport helicopter,Aircraft,2016,12,2020,20.0,20.0,240.0
10405,Netherlands,CH-47F,transport helicopter,Aircraft,2017,2,2021,20.0,20.0,40.0
10469,Netherlands,Paveway,guided bomb,Missiles,2008,100,2010,0.02,0.02,2.0
10470,Netherlands,Paveway,guided bomb,Missiles,2008,100,2009,0.02,0.02,2.0
10471,Netherlands,Paveway,guided bomb,Missiles,1995,500,1996,0.02,0.02,10.0
10472,Netherlands,Air refuel system,air refuel system,Other,1994,1,1995,10.0,10.0,10.0
10473,Netherlands,Air refuel system,air refuel system,Other,1994,1,1994,10.0,10.0,10.0
10474,Netherlands,ScanEagle,UAV,Aircraft,2012,12,2012,0.04,0.04,0.48
10475,Netherlands,JDAM,guided bomb,Missiles,2005,120,2007,0.02,0.02,2.4
10476,Netherlands,JDAM,guided bomb,Missiles,2005,120,2006,0.02,0.02,2.4
10477,Netherlands,JDAM,guided bomb,Missiles,2005,120,2008,0.02,0.02,2.4
10478,Netherlands,JDAM,guided bomb,Missiles,2005,56,2008,0.02,0.02,1.12
10479,Netherlands,Paveway,guided bomb,Missiles,2003,309,2005,0.02,0.02,6.18
10480,Netherlands,Paveway,guided bomb,Missiles,2003,100,2003,0.02,0.02,2.0
10481,Netherlands,Paveway,guided bomb,Missiles,2003,309,2004,0.02,0.02,6.18
10489,Netherlands,ScanEagle,UAV,Aircraft,2012,6,2013,0.04,0.04,0.24
10490,Netherlands,vehicle engine 201-300,vehicle engine,Engines,2007,6,2008,0.03,0.03,0.18
10491,Netherlands,vehicle engine 201-300,vehicle engine,Engines,2007,5,2007,0.03,0.03,0.15
10492,Netherlands,vehicle engine 201-300,vehicle engine,Engines,2009,9,2009,0.03,0.03,0.27
10493,Netherlands,vehicle engine 201-300,vehicle engine,Engines,2006,25,2006,0.03,0.03,0.75
10494,Netherlands,vehicle engine 201-300,vehicle engine,Engines,2008,13,2008,0.03,0.03,0.39
10495,Netherlands,vehicle engine 201-300,vehicle engine,Engines,2009,14,2009,0.03,0.03,0.42
10496,Netherlands,vehicle engine 201-300,vehicle engine,Engines,2009,14,2009,0.03,0.03,0.42
10511,Netherlands,CH-47F,transport helicopter,Aircraft,2007,4,2012,20.0,20.0,80.0
10512,Netherlands,CH-47F,transport helicopter,Aircraft,2007,2,2013,20.0,20.0,40.0
10513,Netherlands,AH-64D Apache Longbow,combat helicopter,Aircraft,1995,4,1998,15.5,15.5,62.0
10514,Netherlands,AH-64D Apache Longbow,combat helicopter,Aircraft,1995,5,1999,15.5,15.5,77.5
10515,Netherlands,AH-64D Apache Longbow,combat helicopter,Aircraft,1995,4,2000,15.5,15.5,62.0
10516,Netherlands,AH-64D Apache Longbow,combat helicopter,Aircraft,1995,7,2001,15.5,15.5,108.5
10517,Netherlands,AH-64D Apache Longbow,combat helicopter,Aircraft,1995,10,2002,15.5,15.5,155.0
10518,Netherlands,AGM-114 Hellfire-2,anti-tank/air-to-surface missile,Missiles,2013,100,2016,0.05,0.05,5.0
10567,Netherlands,Harpoon Block-1,anti-ship missile,Missiles,1988,4,1991,0.9,0.9,3.6
10568,Netherlands,Harpoon Block-1,anti-ship missile,Missiles,1988,4,1992,0.9,0.9,3.6
10569,Netherlands,Harpoon Block-1,anti-ship missile,Missiles,1988,4,1993,0.9,0.9,3.6
10570,Netherlands,Harpoon Block-1,anti-ship missile,Missiles,1988,4,1994,0.9,0.9,3.6
10571,Netherlands,Harpoon Block-1,anti-ship missile,Missiles,1988,4,1995,0.9,0.9,3.6
10572,Netherlands,AIM-9M,short-range air-to-air missile,Missiles,1990,145,1993,0.12,0.12,17.4
10573,Netherlands,AIM-9M,short-range air-to-air missile,Missiles,1990,145,1994,0.12,0.12,17.4
10574,Netherlands,CH-47D Chinook,transport helicopter,Aircraft,1993,4,1998,18.0,18.0,72.0
10575,Netherlands,CH-47D Chinook,transport helicopter,Aircraft,1993,2,1999,18.0,18.0,36.0
10586,Netherlands,Harpoon Block-1,anti-ship missile,Missiles,1987,15,1990,0.9,0.9,13.5
10587,Netherlands,Harpoon Block-1,anti-ship missile,Missiles,1987,15,1992,0.9,0.9,13.5
10588,Netherlands,Harpoon Block-1,anti-ship missile,Missiles,1987,15,1993,0.9,0.9,13.5
10589,Netherlands,Harpoon Block-1,anti-ship missile,Missiles,1987,14,1994,0.9,0.9,12.6
10595,Netherlands,Harpoon Block-1,anti-ship missile,Missiles,1998,2,2000,0.9,0.9,1.8
10596,Netherlands,AGM-114 Hellfire-2,anti-tank/air-to-surface missile,Missiles,1995,110,1998,0.05,0.05,5.5
10597,Netherlands,AGM-114 Hellfire-2,anti-tank/air-to-surface missile,Missiles,1995,110,1999,0.05,0.05,5.5
10598,Netherlands,AGM-114 Hellfire-2,anti-tank/air-to-surface missile,Missiles,1995,110,2000,0.05,0.05,5.5
10599,Netherlands,AGM-114 Hellfire-2,anti-tank/air-to-surface missile,Missiles,1995,110,2001,0.05,0.05,5.5
10600,Netherlands,AGM-114 Hellfire-2,anti-tank/air-to-surface missile,Missiles,1995,110,2002,0.05,0.05,5.5
10601,Netherlands,AGM-114 Hellfire-2,anti-tank/air-to-surface missile,Missiles,1995,55,1996,0.05,0.05,2.75
10602,Netherlands,AIM-120A AMRAAM,long-range air-to-air missile,Missiles,1995,100,1998,0.4,0.4,40.0
10603,Netherlands,AIM-120A AMRAAM,long-range air-to-air missile,Missiles,1995,100,1999,0.4,0.4,40.0
10609,Netherlands,AGM-65 Maverick,air-to-surface missile,Missiles,1997,36,1999,0.15,0.15,5.4
10610,Netherlands,AGM-65 Maverick,air-to-surface missile,Missiles,1997,44,2000,0.15,0.15,6.6
10611,Netherlands,Schweizer-330,light helicopter,Aircraft,1997,1,1997,0.45,0.45,0.45
10612,Netherlands,SM-2MR,SAM,Missiles,1998,16,2002,0.3,0.3,4.8
10624,Netherlands,Mk-48,anti-ship/anti-submarine torpedo,Missiles,1979,20,1990,1.25,1.25,25.0
10625,Netherlands,Mk-48,anti-ship/anti-submarine torpedo,Missiles,1979,20,1991,1.25,1.25,25.0
10626,Netherlands,Mk-48,anti-ship/anti-submarine torpedo,Missiles,1979,20,1992,1.25,1.25,25.0
10627,Netherlands,Mk-48,anti-ship/anti-submarine torpedo,Missiles,1979,20,1993,1.25,1.25,25.0
10628,Netherlands,Mk-48,anti-ship/anti-submarine torpedo,Missiles,1979,10,1994,1.25,1.25,12.5
10630,Netherlands,APG-66,combat aircraft radar,Sensors,1993,5,2001,1.5,1.5,7.5
10631,Netherlands,APG-66,combat aircraft radar,Sensors,1993,2,1996,1.5,1.5,3.0
10632,Netherlands,APG-66,combat aircraft radar,Sensors,1993,30,1997,1.5,1.5,45.0
10633,Netherlands,APG-66,combat aircraft radar,Sensors,1993,40,1998,1.5,1.5,60.0
10634,Netherlands,APG-66,combat aircraft radar,Sensors,1993,38,1999,1.5,1.5,57.0
10635,Netherlands,APG-66,combat aircraft radar,Sensors,1993,20,2000,1.5,1.5,30.0
10636,Netherlands,APG-66,combat aircraft radar,Sensors,1993,3,2002,1.5,1.5,4.5
10637,Netherlands,APG-66,combat aircraft radar,Sensors,1993,1,2003,1.5,1.5,1.5
10644,Netherlands,DC-10-40,transport aircraft,Aircraft,2004,1,2004,100.0,40.0,40.0
10649,Netherlands,APS-143,maritime patrol aircraft radar,Sensors,2004,2,2005,2.5,2.5,5.0
10650,Netherlands,C-130H Hercules,transport aircraft,Aircraft,2005,2,2010,28.0,11.2,22.4
10651,Netherlands,AAQ-14 LANTIRN,aircraft electro-optical system,Sensors,1999,10,2001,1.0,1.0,10.0
10652,Netherlands,AAQ-14 LANTIRN,aircraft electro-optical system,Sensors,1999,3,1999,1.0,1.0,3.0
10653,Netherlands,AIM-9X,long-range air-to-air missile,Missiles,2014,28,2016,0.18,0.18,5.04
10654,Netherlands,AIM-9X,long-range air-to-air missile,Missiles,2014,17,2018,0.18,0.18,3.06
10655,Netherlands,AIM-9X,long-range air-to-air missile,Missiles,2014,23,2022,0.18,0.18,4.14
10656,Netherlands,F-35A Lightning-2,FGA aircraft,Aircraft,2008,4,2023,55.0,55.0,220.0
10657,Netherlands,F-35A Lightning-2,FGA aircraft,Aircraft,2008,8,2019,55.0,55.0,440.0
10658,Netherlands,F-35A Lightning-2,FGA aircraft,Aircraft,2008,11,2022,55.0,55.0,605.0
10659,Netherlands,F-35A Lightning-2,FGA aircraft,Aircraft,2008,7,2021,55.0,55.0,385.0
10660,Netherlands,F-35A Lightning-2,FGA aircraft,Aircraft,2008,5,2020,55.0,55.0,275.0
10661,Netherlands,F-35A Lightning-2,FGA aircraft,Aircraft,2008,2,2013,55.0,55.0,110.0
10662,Netherlands,RQ-21 Blackjack,UAV,Aircraft,2017,6,2018,0.07,0.07,0.42
10663,Netherlands,C-130H Hercules,transport aircraft,Aircraft,1993,2,1994,28.0,28.0,56.0
10664,Netherlands,AH-64E Apache,combat helicopter,Aircraft,2018,2,2022,15.0,15.0,30.0
10665,Netherlands,AH-64E Apache,combat helicopter,Aircraft,2018,4,2023,15.0,15.0,60.0
10666,Netherlands,AH-64E Apache,combat helicopter,Aircraft,2018,6,2024,15.0,15.0,90.0
10674,Netherlands,Paveway,guided bomb,Missiles,1994,125,1995,0.02,0.02,2.5
10675,Netherlands,Paveway,guided bomb,Missiles,1994,125,1994,0.02,0.02,2.5
10676,Netherlands,Raven-400,armoured personnel carrier turret,Other,2007,17,2007,0.05,0.05,0.85
10677,Netherlands,JDAM,guided bomb,Missiles,2004,175,2005,0.02,0.02,3.5
10678,Netherlands,JDAM,guided bomb,Missiles,2004,175,2006,0.02,0.02,3.5
10681,New Zealand,T-6 Texan-2 -,(armed) trainer aircraft,Aircraft,2014,7,2014,2.0,2.0,14.0
10682,New Zealand,T-6 Texan-2 -,(armed) trainer aircraft,Aircraft,2014,4,2015,2.0,2.0,8.0
10683,New Zealand,Mk-45 127mm,naval gun,Naval weapons,1989,1,1999,5.25,5.25,5.25
10684,New Zealand,Mk-45 127mm,naval gun,Naval weapons,1989,1,1997,5.25,5.25,5.25
10685,New Zealand,MK-41 SAMS,naval SAM system,Naval weapons,1991,1,1997,20.0,20.0,20.0
10686,New Zealand,MK-41 SAMS,naval SAM system,Naval weapons,1991,1,1999,20.0,20.0,20.0
10689,New Zealand,FGM-148 Javelin,anti-tank missile,Missiles,2014,10,2014,0.03,0.03,0.3
10690,New Zealand,SH-2F,anti-submarine helicopter,Aircraft,1997,1,1997,12.0,4.8,4.8
10691,New Zealand,SH-2F,anti-submarine helicopter,Aircraft,1997,2,1998,12.0,4.8,9.6
10692,New Zealand,King Air,light transport aircraft,Aircraft,1998,3,1998,2.85,1.14,3.42
10693,New Zealand,SH-2G,anti-submarine helicopter,Aircraft,1997,3,2001,15.0,15.0,45.0
10694,New Zealand,SH-2G,anti-submarine helicopter,Aircraft,1997,1,2002,15.0,15.0,15.0
10696,New Zealand,Phalanx,naval gun,Naval weapons,1994,1,1995,7.0,7.0,7.0
10697,New Zealand,Phalanx,naval gun,Naval weapons,1994,1,1996,7.0,7.0,7.0
10698,New Zealand,SH-2G,anti-submarine helicopter,Aircraft,2013,3,2014,15.0,15.0,45.0
10699,New Zealand,SH-2G,anti-submarine helicopter,Aircraft,2013,5,2015,15.0,15.0,75.0
10700,New Zealand,vehicle engine 201-300,vehicle engine,Engines,2020,43,2023,0.03,0.03,1.29
10703,New Zealand,APG-66,combat aircraft radar,Sensors,1986,8,1990,1.5,1.5,12.0
10704,New Zealand,APG-66,combat aircraft radar,Sensors,1986,4,1991,1.5,1.5,6.0
10715,New Zealand,AGM-65 Maverick,air-to-surface missile,Missiles,1990,60,1992,0.15,0.15,9.0
10717,New Zealand,AIM-7P,long-range air-to-air missile,Missiles,1991,12,1997,0.2,0.2,2.4
10718,New Zealand,AIM-7P,long-range air-to-air missile,Missiles,1991,13,1999,0.2,0.2,2.6
10722,New Zealand,SPS-49,air-search radar,Sensors,1993,1,1997,5.0,5.0,5.0
10723,New Zealand,SPS-49,air-search radar,Sensors,1993,1,1999,5.0,5.0,5.0
10727,New Zealand,Bell-205A-1,helicopter,Aircraft,1996,1,1997,2.62,1.05,1.05
10734,New Zealand,SH-2G,anti-submarine helicopter,Aircraft,1999,1,2003,15.0,15.0,15.0
10735,New Zealand,FGM-148 Javelin,anti-tank missile,Missiles,2003,24,2006,0.03,0.03,0.72
10736,New Zealand,FGM-148 Javelin,anti-tank missile,Missiles,2003,44,2007,0.03,0.03,1.32
10737,New Zealand,FGM-148 Javelin,anti-tank missile,Missiles,2003,96,2008,0.03,0.03,2.88
10740,New Zealand,LM-2500 (30001-35000),gas turbine,Engines,1989,1,1999,7.0,7.0,7.0
10741,New Zealand,LM-2500 (30001-35000),gas turbine,Engines,1989,1,1997,7.0,7.0,7.0
10743,New Zealand,LAV-25 turret,infantry fighting vehicle turret,Other,2001,51,2004,0.6,0.6,30.6
10744,New Zealand,LAV-25 turret,infantry fighting vehicle turret,Other,2001,51,2004,0.6,0.6,30.6
10745,New Zealand,LAV-25 turret,infantry fighting vehicle turret,Other,2001,51,2003,0.6,0.6,30.6
10746,New Zealand,C-130J Hercules,transport aircraft,Aircraft,2020,5,2024,40.0,40.0,200.0
10747,New Zealand,Mk-54 LWT,anti-submarine torpedo,Missiles,2020,30,2023,0.5,0.5,15.0
10748,New Zealand,Mk-54 LWT,anti-submarine torpedo,Missiles,2020,10,2022,0.5,0.5,5.0
10749,New Zealand,Mk-46-5,anti-submarine torpedo,Missiles,2020,13,2021,0.35,0.35,4.55
10750,New Zealand,vehicle engine 301-400,vehicle engine,Engines,2001,52,2003,0.05,0.05,2.6
10751,New Zealand,vehicle engine 301-400,vehicle engine,Engines,2001,53,2004,0.05,0.05,2.65
10752,New Zealand,P-8A,anti-submarine aircraft,Aircraft,2018,3,2023,125.0,125.0,375.0
10753,New Zealand,P-8A,anti-submarine aircraft,Aircraft,2018,1,2022,125.0,125.0,125.0
10754,New Zealand,King Air,light transport aircraft,Aircraft,2017,2,2018,2.85,2.85,5.7
10755,New Zealand,King Air,light transport aircraft,Aircraft,2017,1,2020,2.85,2.85,2.85
10756,New Zealand,King Air,light transport aircraft,Aircraft,2017,1,2019,2.85,2.85,2.85
10784,Niger,King Air ISR,ground surveillance aircraft,Aircraft,2013,1,2015,11.0,7.26,7.26
10785,Niger,Mamba-7 -,armoured personnel carrier,Armoured vehicles,2016,2,2016,0.2,0.2,0.4
10788,Niger,Mamba-7 -,armoured personnel carrier,Armoured vehicles,2019,13,2019,0.2,0.2,2.6
10789,Niger,Mamba-7 -,armoured personnel carrier,Armoured vehicles,2019,22,2020,0.2,0.2,4.4
10790,Niger,Mamba-7 -,armoured personnel carrier,Armoured vehicles,2019,16,2021,0.2,0.2,3.2
10791,Niger,C-130H Hercules,transport aircraft,Aircraft,2015,1,2021,28.0,11.2,11.2
10792,Niger,C-130H Hercules,transport aircraft,Aircraft,2015,1,2022,28.0,11.2,11.2
10793,Niger,Cessna-208 Caravan,light transport aircraft,Aircraft,2013,2,2013,1.0,1.0,2.0
10794,Niger,Cessna-208 Caravan,light transport aircraft,Aircraft,2014,2,2015,1.0,1.0,2.0
10795,Nigeria,King Air,light transport aircraft,Aircraft,2022,1,2023,2.85,2.85,2.85
10796,Nigeria,King Air,light transport aircraft,Aircraft,2022,1,2024,2.85,2.85,2.85
10797,Nigeria,APKWS,air-to-surface missile,Missiles,2019,400,2021,0.01,0.01,4.0
10800,Nigeria,MaxxPro,armoured personnel carrier,Armoured vehicles,2014,10,2016,0.32,0.13,1.28
10801,Nigeria,Alpha Jet,trainer/combat aircraft,Aircraft,2014,2,2015,9.0,3.6,7.2
10802,Nigeria,Alpha Jet,trainer/combat aircraft,Aircraft,2014,1,2016,9.0,3.6,3.6
10803,Nigeria,Alpha Jet,trainer/combat aircraft,Aircraft,2014,1,2018,9.0,3.6,3.6
10804,Nigeria,aircraft engine 1001-2000,aircraft engine,Engines,2022,8,2024,0.5,0.5,4.0
10805,Nigeria,aircraft engine 1001-2000,aircraft engine,Engines,2022,4,2023,0.5,0.5,2.0
10807,Nigeria,Caiman,armoured personnel carrier,Armoured vehicles,2014,16,2016,0.25,0.1,1.6
10812,Nigeria,vehicle engine 301-400,vehicle engine,Engines,2018,25,2021,0.05,0.05,1.25
10813,Nigeria,King Air,light transport aircraft,Aircraft,2013,3,2014,2.85,2.85,8.55
10815,Nigeria,RV-6,trainer aircraft,Aircraft,1987,1,1990,0.13,0.13,0.13
10816,Nigeria,RV-6,trainer aircraft,Aircraft,1987,12,1993,0.13,0.13,1.56
10817,Nigeria,RV-6,trainer aircraft,Aircraft,1987,1,1991,0.13,0.13,0.13
10818,Nigeria,RV-6,trainer aircraft,Aircraft,1987,12,1995,0.13,0.13,1.56
10819,Nigeria,RV-6,trainer aircraft,Aircraft,1987,12,1996,0.13,0.13,1.56
10820,Nigeria,RV-6,trainer aircraft,Aircraft,1987,12,1994,0.13,0.13,1.56
10821,Nigeria,RV-6,trainer aircraft,Aircraft,1987,9,1997,0.13,0.13,1.17
10822,Nigeria,vehicle engine 301-400,vehicle engine,Engines,2016,25,2017,0.05,0.05,1.25
10823,Nigeria,Balsam,cargo ship,Ships,2001,1,2002,10.0,4.0,4.0
10824,Nigeria,Balsam,cargo ship,Ships,2001,3,2003,10.0,4.0,12.0
10827,Nigeria,Hamilton,patrol ship,Ships,2011,1,2011,135.0,54.0,54.0
10843,Nigeria,vehicle engine 601-800,vehicle engine,Engines,1990,18,1994,0.11,0.11,1.98
10844,Nigeria,vehicle engine 601-800,vehicle engine,Engines,1990,21,1993,0.11,0.11,2.31
10845,Nigeria,vehicle engine 601-800,vehicle engine,Engines,1990,25,1992,0.11,0.11,2.75
10846,Nigeria,Hamilton,patrol ship,Ships,2013,1,2014,135.0,54.0,54.0
10847,North Macedonia,L-ATV,armoured personnel carrier,Armoured vehicles,2020,6,2024,0.18,0.18,1.08
10848,North Macedonia,L-ATV,armoured personnel carrier,Armoured vehicles,2020,26,2023,0.18,0.18,4.68
10849,North Macedonia,L-ATV,armoured personnel carrier,Armoured vehicles,2020,6,2022,0.18,0.18,1.08
10850,North Macedonia,Cessna-337,light aircraft,Aircraft,2001,1,2001,0.35,0.14,0.14
10851,North Macedonia,HMMWV-UA,armoured personnel carrier,Armoured vehicles,2005,1,2006,0.13,0.13,0.13
10852,North Macedonia,M-101 105mm,towed gun,Artillery,1998,18,1998,0.45,0.18,3.24
10853,North Macedonia,M-101 105mm,towed gun,Artillery,1998,18,1999,0.45,0.18,3.24
10854,North Macedonia,Bell-412,helicopter,Aircraft,2000,1,2000,5.0,5.0,5.0
10875,Norway,MPQ-64 Sentinel,air-search radar,Sensors,1984,7,1990,5.0,5.0,35.0
10876,Norway,MPQ-64 Sentinel,air-search radar,Sensors,1994,2,1998,5.0,5.0,10.0
10877,Norway,MPQ-64 Sentinel,air-search radar,Sensors,1994,10,1996,5.0,5.0,50.0
10878,Norway,MPQ-64 Sentinel,air-search radar,Sensors,1994,10,1997,5.0,5.0,50.0
10879,Norway,MPQ-64 Sentinel,air-search radar,Sensors,1994,2,1995,5.0,5.0,10.0
10880,Norway,FGM-148 Javelin,anti-tank missile,Missiles,2022,120,2024,0.03,0.03,3.6
10881,Norway,M-113,armoured personnel carrier,Armoured vehicles,1991,136,1993,0.25,0.1,13.6
10882,Norway,M-113,armoured personnel carrier,Armoured vehicles,1995,126,1996,0.25,0.1,12.6
10886,Norway,MK-41 SAMS,naval SAM system,Naval weapons,2000,1,2011,20.0,20.0,20.0
10887,Norway,MK-41 SAMS,naval SAM system,Naval weapons,2000,1,2009,20.0,20.0,20.0
10888,Norway,MK-41 SAMS,naval SAM system,Naval weapons,2000,1,2008,20.0,20.0,20.0
10889,Norway,MK-41 SAMS,naval SAM system,Naval weapons,2000,1,2007,20.0,20.0,20.0
10890,Norway,MK-41 SAMS,naval SAM system,Naval weapons,2000,1,2006,20.0,20.0,20.0
10894,Norway,GBU-39 SDB,guided glide bomb,Missiles,2012,50,2014,0.02,0.02,1.0
10895,Norway,AIM-120C AMRAAM,long-range air-to-air missile,Missiles,2014,36,2018,0.6,0.6,21.6
10901,Norway,ESSM,SAM,Missiles,2000,35,2012,0.4,0.4,14.0
10902,Norway,ESSM,SAM,Missiles,2000,30,2011,0.4,0.4,12.0
10903,Norway,ESSM,SAM,Missiles,2000,5,2006,0.4,0.4,2.0
10904,Norway,ESSM,SAM,Missiles,2000,30,2007,0.4,0.4,12.0
10905,Norway,ESSM,SAM,Missiles,2000,30,2008,0.4,0.4,12.0
10906,Norway,ESSM,SAM,Missiles,2000,10,2009,0.4,0.4,4.0
10907,Norway,ESSM,SAM,Missiles,2000,35,2013,0.4,0.4,14.0
10908,Norway,AAQ-33 Sniper ATP,aircraft electro-optical system,Sensors,2004,3,2005,1.0,1.0,3.0
10909,Norway,AAQ-33 Sniper ATP,aircraft electro-optical system,Sensors,2004,3,2006,1.0,1.0,3.0
10910,Norway,AAQ-33 Sniper ATP,aircraft electro-optical system,Sensors,2002,4,2003,1.0,1.0,4.0
10911,Norway,AAQ-33 Sniper ATP,aircraft electro-optical system,Sensors,2002,5,2004,1.0,1.0,5.0
10913,Norway,AGM-114 Hellfire,anti-tank missile,Missiles,1996,100,1997,0.04,0.04,4.0
10914,Norway,AGM-114 Hellfire,anti-tank missile,Missiles,1996,100,1998,0.04,0.04,4.0
10915,Norway,AGM-114 Hellfire,anti-tank missile,Missiles,1996,100,1999,0.04,0.04,4.0
10916,Norway,AGM-114 Hellfire,anti-tank missile,Missiles,1996,4,1996,0.04,0.04,0.16
10954,Norway,JDAM,guided bomb,Missiles,2014,119,2015,0.02,0.02,2.38
10955,Norway,JDAM,guided bomb,Missiles,2014,119,2016,0.02,0.02,2.38
10966,Norway,SPG-62,fire-control radar,Sensors,2000,2,2008,4.5,4.5,9.0
10967,Norway,SPG-62,fire-control radar,Sensors,2000,2,2006,4.5,4.5,9.0
10968,Norway,SPG-62,fire-control radar,Sensors,2000,2,2007,4.5,4.5,9.0
10969,Norway,SPG-62,fire-control radar,Sensors,2000,2,2009,4.5,4.5,9.0
10970,Norway,SPG-62,fire-control radar,Sensors,2000,2,2011,4.5,4.5,9.0
10977,Norway,P-8A,anti-submarine aircraft,Aircraft,2017,4,2022,125.0,125.0,500.0
10978,Norway,P-8A,anti-submarine aircraft,Aircraft,2017,1,2021,125.0,125.0,125.0
10985,Norway,CFM-56,turbofan,Engines,2018,1,2019,3.0,3.0,3.0
10986,Norway,JDAM,guided bomb,Missiles,2016,50,2020,0.02,0.02,1.0
10988,Norway,AIM-120B AMRAAM,long-range air-to-air missile,Missiles,1996,84,1998,0.4,0.4,33.6
10989,Norway,AIM-120B AMRAAM,long-range air-to-air missile,Missiles,1996,150,1999,0.4,0.4,60.0
10990,Norway,AIM-120B AMRAAM,long-range air-to-air missile,Missiles,1996,150,2000,0.4,0.4,60.0
10991,Norway,AIM-120B AMRAAM,long-range air-to-air missile,Missiles,1996,116,2001,0.4,0.4,46.4
10992,Norway,FGM-148 Javelin,anti-tank missile,Missiles,2004,263,2006,0.03,0.03,7.89
10993,Norway,FGM-148 Javelin,anti-tank missile,Missiles,2004,263,2007,0.03,0.03,7.89
11016,Norway,Paveway,guided bomb,Missiles,1996,150,1998,0.02,0.02,3.0
11017,Norway,Paveway,guided bomb,Missiles,1996,150,1997,0.02,0.02,3.0
11024,Norway,ship engine 2501-4000,ship engine,Engines,1999,2,2011,1.2,1.2,2.4
11025,Norway,ship engine 2501-4000,ship engine,Engines,1999,4,2010,1.2,1.2,4.8
11026,Norway,ship engine 2501-4000,ship engine,Engines,1999,4,2012,1.2,1.2,4.8
11027,Norway,ship engine 2501-4000,ship engine,Engines,1999,2,2013,1.2,1.2,2.4
11028,Norway,ship engine 4001-6000,ship engine,Engines,1999,4,2010,1.5,1.5,6.0
11029,Norway,ship engine 4001-6000,ship engine,Engines,1999,2,2011,1.5,1.5,3.0
11030,Norway,ship engine 4001-6000,ship engine,Engines,1999,4,2012,1.5,1.5,6.0
11031,Norway,ship engine 4001-6000,ship engine,Engines,1999,2,2013,1.5,1.5,3.0
11074,Norway,TOW,anti-tank missile,Missiles,1985,1000,1990,0.01,0.01,10.0
11076,Norway,TOW,anti-tank missile,Missiles,1985,1000,1991,0.01,0.01,10.0
11077,Norway,TOW,anti-tank missile,Missiles,1985,1000,1992,0.01,0.01,10.0
11078,Norway,TOW,anti-tank missile,Missiles,1985,1000,1993,0.01,0.01,10.0
11079,Norway,TOW,anti-tank missile,Missiles,1985,1000,1994,0.01,0.01,10.0
11080,Norway,TOW,anti-tank missile,Missiles,1985,612,1995,0.01,0.01,6.12
11087,Norway,M-270 MLRS,multiple rocket launcher,Artillery,1995,6,1997,1.2,1.2,7.2
11088,Norway,M-270 MLRS,multiple rocket launcher,Artillery,1995,6,1998,1.2,1.2,7.2
11089,Norway,SPS-67,sea-search radar,Sensors,2000,1,2001,1.0,1.0,1.0
11090,Norway,SPS-67,sea-search radar,Sensors,2000,2,2002,1.0,1.0,2.0
11106,Norway,M-113,armoured personnel carrier,Armoured vehicles,1995,30,1996,0.25,0.1,3.0
11107,Norway,SPY-1F,air-search radar,Sensors,2000,1,2008,20.0,20.0,20.0
11108,Norway,SPY-1F,air-search radar,Sensors,2000,1,2006,20.0,20.0,20.0
11109,Norway,SPY-1F,air-search radar,Sensors,2000,1,2007,20.0,20.0,20.0
11110,Norway,SPY-1F,air-search radar,Sensors,2000,1,2009,20.0,20.0,20.0
11111,Norway,SPY-1F,air-search radar,Sensors,2000,1,2011,20.0,20.0,20.0
11112,Norway,APG-66,combat aircraft radar,Sensors,1993,4,2002,1.5,1.5,6.0
11113,Norway,APG-66,combat aircraft radar,Sensors,1993,2,1996,1.5,1.5,3.0
11114,Norway,APG-66,combat aircraft radar,Sensors,1993,10,1997,1.5,1.5,15.0
11115,Norway,APG-66,combat aircraft radar,Sensors,1993,10,1998,1.5,1.5,15.0
11116,Norway,APG-66,combat aircraft radar,Sensors,1993,10,1999,1.5,1.5,15.0
11117,Norway,APG-66,combat aircraft radar,Sensors,1993,10,2000,1.5,1.5,15.0
11118,Norway,APG-66,combat aircraft radar,Sensors,1993,10,2001,1.5,1.5,15.0
11134,Norway,AAQ-14 LANTIRN,aircraft electro-optical system,Sensors,2003,5,2003,1.0,1.0,5.0
11135,Norway,AIM-9X,long-range air-to-air missile,Missiles,2015,50,2018,0.18,0.18,9.0
11136,Norway,AIM-9X,long-range air-to-air missile,Missiles,2015,50,2021,0.18,0.18,9.0
11137,Norway,AIM-9X,long-range air-to-air missile,Missiles,2015,50,2020,0.18,0.18,9.0
11138,Norway,AIM-9X,long-range air-to-air missile,Missiles,2015,50,2022,0.18,0.18,9.0
11139,Norway,LM-2500 (30001-35000),gas turbine,Engines,2000,1,2008,7.0,7.0,7.0
11140,Norway,LM-2500 (30001-35000),gas turbine,Engines,2000,1,2006,7.0,7.0,7.0
11141,Norway,LM-2500 (30001-35000),gas turbine,Engines,2000,1,2007,7.0,7.0,7.0
11142,Norway,LM-2500 (30001-35000),gas turbine,Engines,2000,1,2009,7.0,7.0,7.0
11143,Norway,LM-2500 (30001-35000),gas turbine,Engines,2000,1,2011,7.0,7.0,7.0
11144,Norway,AIM-120C AMRAAM,long-range air-to-air missile,Missiles,2019,30,2022,0.6,0.6,18.0
11145,Norway,AIM-120C AMRAAM,long-range air-to-air missile,Missiles,2019,30,2023,0.6,0.6,18.0
11146,Norway,GBU-39 SDB,guided glide bomb,Missiles,2020,100,2023,0.02,0.02,2.0
11147,Norway,AIM-120B AMRAAM,long-range air-to-air missile,Missiles,1994,54,1995,0.4,0.4,21.6
11148,Norway,AIM-120B AMRAAM,long-range air-to-air missile,Missiles,1994,98,1996,0.4,0.4,39.2
11149,Norway,AIM-120B AMRAAM,long-range air-to-air missile,Missiles,1994,58,1997,0.4,0.4,23.2
11150,Norway,C-130J Hercules,transport aircraft,Aircraft,2007,1,2008,40.0,40.0,40.0
11151,Norway,C-130J Hercules,transport aircraft,Aircraft,2007,1,2009,40.0,40.0,40.0
11152,Norway,C-130J Hercules,transport aircraft,Aircraft,2007,2,2010,40.0,40.0,80.0
11153,Norway,C-130J Hercules,transport aircraft,Aircraft,2012,1,2012,40.0,40.0,40.0
11155,Norway,P-3C-3,anti-submarine aircraft,Aircraft,1986,1,1990,66.9,66.9,66.9
11156,Norway,F-35A Lightning-2,FGA aircraft,Aircraft,2008,6,2024,55.0,55.0,330.0
11157,Norway,F-35A Lightning-2,FGA aircraft,Aircraft,2008,3,2023,55.0,55.0,165.0
11158,Norway,F-35A Lightning-2,FGA aircraft,Aircraft,2008,3,2022,55.0,55.0,165.0
11159,Norway,F-35A Lightning-2,FGA aircraft,Aircraft,2008,6,2021,55.0,55.0,330.0
11160,Norway,F-35A Lightning-2,FGA aircraft,Aircraft,2008,6,2020,55.0,55.0,330.0
11161,Norway,F-35A Lightning-2,FGA aircraft,Aircraft,2008,6,2019,55.0,55.0,330.0
11162,Norway,F-35A Lightning-2,FGA aircraft,Aircraft,2008,6,2018,55.0,55.0,330.0
11163,Norway,F-35A Lightning-2,FGA aircraft,Aircraft,2008,6,2017,55.0,55.0,330.0
11164,Norway,F-35A Lightning-2,FGA aircraft,Aircraft,2008,2,2016,55.0,55.0,110.0
11165,Norway,F-35A Lightning-2,FGA aircraft,Aircraft,2008,2,2015,55.0,55.0,110.0
11168,Norway,vehicle engine 301-400,vehicle engine,Engines,2007,36,2009,0.05,0.05,1.8
11169,Norway,vehicle engine 301-400,vehicle engine,Engines,2007,36,2008,0.05,0.05,1.8
11170,Norway,JDAM,guided bomb,Missiles,2006,150,2009,0.02,0.02,3.0
11171,Norway,JDAM,guided bomb,Missiles,2006,150,2008,0.02,0.02,3.0
11172,Oman,TOW-2B,anti-tank missile,Missiles,2014,100,2016,0.02,0.02,2.0
11173,Oman,AIM-9M,short-range air-to-air missile,Missiles,2002,100,2006,0.12,0.12,12.0
11174,Oman,F-16C Block-50,FGA aircraft,Aircraft,2011,12,2014,31.0,31.0,372.0
11175,Oman,AIM-9L,short-range air-to-air missile,Missiles,1990,33,1993,0.11,0.11,3.63
11176,Oman,AIM-9L,short-range air-to-air missile,Missiles,1990,34,1994,0.11,0.11,3.74
11177,Oman,AIM-9L,short-range air-to-air missile,Missiles,1990,33,1995,0.11,0.11,3.63
11178,Oman,AAQ-33 Sniper ATP,aircraft electro-optical system,Sensors,2012,12,2014,1.0,1.0,12.0
11179,Oman,C-130J Hercules,transport aircraft,Aircraft,2010,1,2013,40.0,40.0,40.0
11180,Oman,C-130J Hercules,transport aircraft,Aircraft,2010,1,2014,40.0,40.0,40.0
11181,Oman,Bell-429,light helicopter,Aircraft,2015,2,2015,2.8,2.8,5.6
11182,Oman,Bell-429,light helicopter,Aircraft,2015,3,2016,2.8,2.8,8.4
11183,Oman,TOW-2B,anti-tank missile,Missiles,2018,200,2020,0.02,0.02,4.0
11184,Oman,TOW-2B,anti-tank missile,Missiles,2018,200,2021,0.02,0.02,4.0
11185,Oman,FGM-148 Javelin,anti-tank missile,Missiles,2005,100,2009,0.03,0.03,3.0
11186,Oman,FGM-148 Javelin,anti-tank missile,Missiles,2008,100,2010,0.03,0.03,3.0
11187,Oman,DB-110,aircraft reconnaissance system,Sensors,2012,4,2014,4.0,4.0,16.0
11188,Oman,M-60A3,tank,Armoured vehicles,1995,30,1996,2.1,0.84,25.2
11192,Oman,JDAM,guided bomb,Missiles,2016,108,2017,0.02,0.02,2.16
11193,Oman,CBU-97,guided bomb,Missiles,2004,25,2006,0.15,0.15,3.75
11194,Oman,CBU-97,guided bomb,Missiles,2004,25,2007,0.15,0.15,3.75
11195,Oman,JDAM,guided bomb,Missiles,2003,84,2006,0.02,0.02,1.68
11196,Oman,Paveway,guided bomb,Missiles,2004,100,2005,0.02,0.02,2.0
11197,Oman,APG-68,combat aircraft radar,Sensors,2012,3,2014,2.0,2.0,6.0
11199,Oman,AIM-120C AMRAAM,long-range air-to-air missile,Missiles,2002,50,2006,0.6,0.6,30.0
11200,Oman,AIM-9X,long-range air-to-air missile,Missiles,2013,50,2014,0.18,0.18,9.0
11201,Oman,FGM-148 Javelin,anti-tank missile,Missiles,2013,100,2014,0.03,0.03,3.0
11202,Oman,Avenger AD,mobile SAM system,Air-defence systems,2013,18,2016,0.63,0.63,11.34
11203,Oman,Stinger,portable SAM,Missiles,2013,266,2016,0.08,0.08,21.28
11204,Oman,AIM-120C AMRAAM,long-range air-to-air missile,Missiles,2013,27,2014,0.6,0.6,16.2
11205,Oman,MPQ-64 Sentinel,air-search radar,Sensors,2013,1,2016,5.0,5.0,5.0
11216,Oman,M-60A3,tank,Armoured vehicles,1990,43,1990,2.1,0.84,36.12
11218,Oman,TOW,anti-tank missile,Missiles,1996,100,1997,0.01,0.01,1.0
11219,Oman,AIM-9L,short-range air-to-air missile,Missiles,1997,110,1998,0.11,0.11,12.1
11221,Oman,F-16C Block-50,FGA aircraft,Aircraft,2002,4,2005,31.0,31.0,124.0
11222,Oman,F-16C Block-50,FGA aircraft,Aircraft,2002,6,2006,31.0,31.0,186.0
11223,Oman,F-16C Block-50,FGA aircraft,Aircraft,2002,2,2008,31.0,31.0,62.0
11224,Oman,M-728,armoured engineer vehicle,Armoured vehicles,1997,3,1997,2.5,1.0,3.0
11225,Oman,APG-66,combat aircraft radar,Sensors,1990,8,1994,1.5,1.5,12.0
11226,Oman,APG-66,combat aircraft radar,Sensors,1990,4,1995,1.5,1.5,6.0
11227,Oman,TOW,anti-tank missile,Missiles,2001,281,2002,0.01,0.01,2.81
11228,Oman,TOW,anti-tank missile,Missiles,2001,281,2003,0.01,0.01,2.81
11229,Oman,Harpoon Block-1,anti-ship missile,Missiles,2003,20,2006,0.9,0.9,18.0
11230,Oman,AGM-65 Maverick,air-to-surface missile,Missiles,2002,80,2006,0.15,0.15,12.0
11231,Oman,AAQ-13 LANTIRN,combat aircraft radar,Sensors,2002,4,2006,1.0,1.0,4.0
11232,Oman,AAQ-13 LANTIRN,combat aircraft radar,Sensors,2002,3,2008,1.0,1.0,3.0
11233,Oman,AAQ-13 LANTIRN,combat aircraft radar,Sensors,2002,3,2005,1.0,1.0,3.0
11234,Oman,AAQ-13 LANTIRN,combat aircraft radar,Sensors,2002,4,2007,1.0,1.0,4.0
11235,Oman,AAQ-33 Sniper ATP,aircraft electro-optical system,Sensors,2003,7,2006,1.0,1.0,7.0
11236,Oman,Bell-206,light helicopter,Aircraft,1993,3,1993,0.7,0.7,2.1
11237,Oman,AAQ-14 LANTIRN,aircraft electro-optical system,Sensors,2002,3,2008,1.0,1.0,3.0
11238,Oman,AAQ-14 LANTIRN,aircraft electro-optical system,Sensors,2002,4,2007,1.0,1.0,4.0
11239,Oman,AAQ-14 LANTIRN,aircraft electro-optical system,Sensors,2002,4,2006,1.0,1.0,4.0
11240,Oman,AAQ-14 LANTIRN,aircraft electro-optical system,Sensors,2002,3,2005,1.0,1.0,3.0
11241,Oman,vehicle engine 201-300,vehicle engine,Engines,1994,15,1997,0.03,0.03,0.45
11242,Oman,vehicle engine 201-300,vehicle engine,Engines,1994,50,1996,0.03,0.03,1.5
11243,Oman,vehicle engine 201-300,vehicle engine,Engines,1994,15,1995,0.03,0.03,0.45
11244,Oman,vehicle engine 201-300,vehicle engine,Engines,2000,10,2003,0.03,0.03,0.3
11245,Oman,vehicle engine 201-300,vehicle engine,Engines,2000,74,2002,0.03,0.03,2.22
11246,Oman,vehicle engine 201-300,vehicle engine,Engines,2000,4,2001,0.03,0.03,0.12
11247,Oman,vehicle engine 201-300,vehicle engine,Engines,2000,20,2003,0.03,0.03,0.6
11248,Oman,vehicle engine 201-300,vehicle engine,Engines,2000,20,2002,0.03,0.03,0.6
11249,Oman,vehicle engine 201-300,vehicle engine,Engines,2000,20,2001,0.03,0.03,0.6
11250,Oman,aircraft engine 1001-2000,aircraft engine,Engines,2000,16,2004,0.5,0.5,8.0
11251,Oman,aircraft engine 1001-2000,aircraft engine,Engines,2000,16,2005,0.5,0.5,8.0
11252,Oman,RQ-21 Blackjack,UAV,Aircraft,2019,3,2022,0.07,0.07,0.21
11253,Oman,C-130J Hercules,transport aircraft,Aircraft,2009,1,2012,40.0,40.0,40.0
11254,Oman,AIM-120C AMRAAM,long-range air-to-air missile,Missiles,2013,145,2016,0.6,0.6,87.0
11255,Oman,AIM-120C AMRAAM,long-range air-to-air missile,Missiles,2013,145,2017,0.6,0.6,87.0
11258,Pakistan,Harpoon Block-1,anti-ship missile,Missiles,1990,28,1996,0.9,0.9,25.2
11259,Pakistan,Harpoon Block-2,anti-ship/land-attack missile,Missiles,2007,10,2009,1.0,1.0,10.0
11260,Pakistan,M-113,armoured personnel carrier,Armoured vehicles,2010,69,2011,0.25,0.1,6.9
11261,Pakistan,M-113,armoured personnel carrier,Armoured vehicles,2010,374,2014,0.25,0.1,37.4
11262,Pakistan,M-113,armoured personnel carrier,Armoured vehicles,2010,107,2015,0.25,0.1,10.7
11268,Pakistan,M-113A3,armoured personnel carrier,Armoured vehicles,1998,80,2010,0.3,0.3,24.0
11269,Pakistan,M-113A3,armoured personnel carrier,Armoured vehicles,1998,80,2004,0.3,0.3,24.0
11270,Pakistan,M-113A3,armoured personnel carrier,Armoured vehicles,1998,80,2003,0.3,0.3,24.0
11271,Pakistan,M-113A3,armoured personnel carrier,Armoured vehicles,1998,50,2013,0.3,0.3,15.0
11272,Pakistan,M-113A3,armoured personnel carrier,Armoured vehicles,1998,80,2005,0.3,0.3,24.0
11273,Pakistan,M-113A3,armoured personnel carrier,Armoured vehicles,1998,80,2006,0.3,0.3,24.0
11274,Pakistan,M-113A3,armoured personnel carrier,Armoured vehicles,1998,80,2009,0.3,0.3,24.0
11275,Pakistan,M-113A3,armoured personnel carrier,Armoured vehicles,1998,80,2011,0.3,0.3,24.0
11276,Pakistan,M-113A3,armoured personnel carrier,Armoured vehicles,1998,80,2012,0.3,0.3,24.0
11277,Pakistan,M-113A3,armoured personnel carrier,Armoured vehicles,1998,30,2014,0.3,0.3,9.0
11278,Pakistan,M-113A3,armoured personnel carrier,Armoured vehicles,1998,80,2007,0.3,0.3,24.0
11279,Pakistan,M-113A3,armoured personnel carrier,Armoured vehicles,1998,80,2008,0.3,0.3,24.0
11280,Pakistan,M-113A3,armoured personnel carrier,Armoured vehicles,1998,80,2002,0.3,0.3,24.0
11281,Pakistan,M-113A3,armoured personnel carrier,Armoured vehicles,1998,50,2001,0.3,0.3,15.0
11282,Pakistan,M-113A3,armoured personnel carrier,Armoured vehicles,1998,37,2000,0.3,0.3,11.1
11283,Pakistan,M-113A3,armoured personnel carrier,Armoured vehicles,1998,7,2017,0.3,0.3,2.1
11284,Pakistan,M-113,armoured personnel carrier,Armoured vehicles,2014,500,2015,0.25,0.1,50.0
11285,Pakistan,aircraft engine 1001-2000,aircraft engine,Engines,2002,6,2004,0.5,0.5,3.0
11287,Pakistan,Cessna-208 Caravan,light transport aircraft,Aircraft,2023,3,2024,1.0,1.0,3.0
11291,Pakistan,Cessna-208 Caravan,light transport aircraft,Aircraft,2019,2,2020,1.0,1.0,2.0
11292,Pakistan,MaxxPro,armoured personnel carrier,Armoured vehicles,2013,2,2015,0.32,0.13,0.26
11293,Pakistan,MaxxPro,armoured personnel carrier,Armoured vehicles,2013,20,2014,0.32,0.13,2.56
11306,Pakistan,APG-68,combat aircraft radar,Sensors,2011,10,2014,2.0,2.0,20.0
11307,Pakistan,APG-68,combat aircraft radar,Sensors,2007,10,2012,2.0,2.0,20.0
11308,Pakistan,APG-68,combat aircraft radar,Sensors,2007,15,2013,2.0,2.0,30.0
11309,Pakistan,APG-68,combat aircraft radar,Sensors,2007,10,2014,2.0,2.0,20.0
11312,Pakistan,Cessna-208 Caravan,light transport aircraft,Aircraft,2015,2,2016,1.0,1.0,2.0
11313,Pakistan,Perry,frigate,Ships,2010,1,2011,300.0,198.0,198.0
11314,Pakistan,MaxxPro,armoured personnel carrier,Armoured vehicles,2016,30,2016,0.32,0.13,3.84
11315,Pakistan,TFE-731 (1600),turbofan,Engines,2005,8,2007,0.6,0.6,4.8
11316,Pakistan,TFE-731 (1600),turbofan,Engines,2005,8,2009,0.6,0.6,4.8
11317,Pakistan,TFE-731 (1600),turbofan,Engines,2005,11,2010,0.6,0.6,6.6
11318,Pakistan,TFE-731 (1600),turbofan,Engines,2001,6,2003,0.6,0.6,3.6
11319,Pakistan,Cessna-U206,light aircraft,Aircraft,2016,4,2017,0.25,0.25,1.0
11320,Pakistan,ScanEagle,UAV,Aircraft,2013,15,2015,0.04,0.04,0.6
11321,Pakistan,AIM-9M,short-range air-to-air missile,Missiles,2007,200,2010,0.12,0.12,24.0
11322,Pakistan,AIM-9M,short-range air-to-air missile,Missiles,2005,300,2007,0.12,0.12,36.0
11323,Pakistan,AIM-120C AMRAAM,long-range air-to-air missile,Missiles,2007,214,2010,0.6,0.6,128.4
11324,Pakistan,AIM-120C AMRAAM,long-range air-to-air missile,Missiles,2007,100,2013,0.6,0.6,60.0
11325,Pakistan,AIM-120C AMRAAM,long-range air-to-air missile,Missiles,2007,186,2014,0.6,0.6,111.6
11326,Pakistan,TOW,anti-tank missile,Missiles,2004,500,2006,0.01,0.01,5.0
11327,Pakistan,TOW,anti-tank missile,Missiles,2004,1000,2007,0.01,0.01,10.0
11328,Pakistan,TOW,anti-tank missile,Missiles,2004,507,2008,0.01,0.01,5.07
11329,Pakistan,TOW,anti-tank missile,Missiles,2007,1000,2008,0.01,0.01,10.0
11330,Pakistan,TOW,anti-tank missile,Missiles,2007,1000,2009,0.01,0.01,10.0
11331,Pakistan,TOW,anti-tank missile,Missiles,2007,1000,2010,0.01,0.01,10.0
11332,Pakistan,TOW,anti-tank missile,Missiles,2007,198,2011,0.01,0.01,1.98
11333,Pakistan,M-109A5 155mm,self-propelled gun,Artillery,2006,20,2009,1.25,0.5,10.0
11334,Pakistan,M-109A5 155mm,self-propelled gun,Artillery,2006,48,2010,1.25,0.5,24.0
11335,Pakistan,M-109A5 155mm,self-propelled gun,Artillery,2006,27,2007,1.25,0.5,13.5
11336,Pakistan,M-109A5 155mm,self-propelled gun,Artillery,2006,20,2008,1.25,0.5,10.0
11343,Pakistan,UH-1H Huey-2,helicopter,Aircraft,2007,4,2008,3.1,3.1,12.4
11344,Pakistan,Cessna-208 Caravan,light transport aircraft,Aircraft,2001,3,2002,1.0,1.0,3.0
11345,Pakistan,TFE-731 (1600),turbofan,Engines,1987,6,1994,0.6,0.6,3.6
11346,Pakistan,TOW,anti-tank missile,Missiles,2010,843,2015,0.01,0.01,8.43
11348,Pakistan,AAQ-33 Sniper ATP,aircraft electro-optical system,Sensors,2008,4,2011,1.0,1.0,4.0
11349,Pakistan,Mi-17,transport helicopter,Aircraft,2009,10,2009,7.25,2.9,29.0
11350,Pakistan,King Air ISR,ground surveillance aircraft,Aircraft,2011,1,2013,11.0,11.0,11.0
11351,Pakistan,King Air ISR,ground surveillance aircraft,Aircraft,2011,1,2018,11.0,11.0,11.0
11352,Pakistan,MaxxPro,armoured personnel carrier,Armoured vehicles,2017,40,2017,0.32,0.32,12.8
11355,Pakistan,MaxxPro,armoured personnel carrier,Armoured vehicles,2014,125,2018,0.32,0.13,16.0
11356,Pakistan,MaxxPro,armoured personnel carrier,Armoured vehicles,2014,183,2016,0.32,0.13,23.42
11357,Pakistan,MaxxPro,armoured personnel carrier,Armoured vehicles,2014,42,2015,0.32,0.13,5.38
11358,Pakistan,ship engine 2501-4000,ship engine,Engines,2017,8,2020,1.2,1.2,9.6
11362,Pakistan,M-113,armoured personnel carrier,Armoured vehicles,1989,18,1990,0.25,0.25,4.5
11363,Pakistan,M-113,armoured personnel carrier,Armoured vehicles,1989,25,1991,0.25,0.25,6.25
11364,Pakistan,M-113,armoured personnel carrier,Armoured vehicles,1989,100,1992,0.25,0.25,25.0
11365,Pakistan,M-113,armoured personnel carrier,Armoured vehicles,1989,100,1993,0.25,0.25,25.0
11366,Pakistan,M-113,armoured personnel carrier,Armoured vehicles,1989,100,1994,0.25,0.25,25.0
11367,Pakistan,M-113,armoured personnel carrier,Armoured vehicles,1989,100,1995,0.25,0.25,25.0
11368,Pakistan,M-113,armoured personnel carrier,Armoured vehicles,1989,100,1996,0.25,0.25,25.0
11369,Pakistan,M-113,armoured personnel carrier,Armoured vehicles,1989,100,1997,0.25,0.25,25.0
11370,Pakistan,M-113,armoured personnel carrier,Armoured vehicles,1989,100,1998,0.25,0.25,25.0
11371,Pakistan,M-113,armoured personnel carrier,Armoured vehicles,1989,30,1999,0.25,0.25,7.5
11401,Pakistan,UH-1H Huey-2,helicopter,Aircraft,2001,5,2002,3.1,3.1,15.5
11402,Pakistan,AH-1F Cobra,combat helicopter,Aircraft,2004,12,2007,7.5,4.95,59.4
11403,Pakistan,C-130E Hercules,transport aircraft,Aircraft,2004,1,2005,24.0,15.84,15.84
11404,Pakistan,C-130E Hercules,transport aircraft,Aircraft,2004,3,2006,24.0,15.84,47.52
11405,Pakistan,C-130E Hercules,transport aircraft,Aircraft,2004,2,2007,24.0,15.84,31.68
11406,Pakistan,P-3CUP,anti-submarine aircraft,Aircraft,2005,2,2007,75.0,75.0,150.0
11407,Pakistan,P-3CUP,anti-submarine aircraft,Aircraft,2005,2,2010,75.0,75.0,150.0
11408,Pakistan,P-3CUP,anti-submarine aircraft,Aircraft,2005,3,2012,75.0,75.0,225.0
11409,Pakistan,TPS-77,air-search radar,Sensors,2005,3,2008,11.0,11.0,33.0
11410,Pakistan,TPS-77,air-search radar,Sensors,2005,3,2009,11.0,11.0,33.0
11411,Pakistan,Bell-412,helicopter,Aircraft,2004,9,2004,5.0,5.0,45.0
11412,Pakistan,Bell-412,helicopter,Aircraft,2004,17,2005,5.0,5.0,85.0
11413,Pakistan,F-16A,FGA aircraft,Aircraft,2005,2,2007,20.65,20.65,41.3
11414,Pakistan,F-16A,FGA aircraft,Aircraft,2005,2,2005,20.65,20.65,41.3
11415,Pakistan,F-16A,FGA aircraft,Aircraft,2005,10,2008,20.65,20.65,206.5
11416,Pakistan,AAQ-33 Sniper ATP,aircraft electro-optical system,Sensors,2007,18,2010,1.0,1.0,18.0
11417,Pakistan,JDAM,guided bomb,Missiles,2006,250,2010,0.02,0.02,5.0
11418,Pakistan,JDAM,guided bomb,Missiles,2006,250,2011,0.02,0.02,5.0
11419,Pakistan,T-37B,(armed) trainer aircraft,Aircraft,2003,10,2012,1.8,0.72,7.2
11420,Pakistan,T-37B,(armed) trainer aircraft,Aircraft,2003,10,2009,1.8,0.72,7.2
11421,Pakistan,T-37B,(armed) trainer aircraft,Aircraft,2003,10,2011,1.8,0.72,7.2
11422,Pakistan,T-37B,(armed) trainer aircraft,Aircraft,2003,10,2010,1.8,0.72,7.2
11423,Pakistan,ship engine 6001-8000,ship engine,Engines,2006,1,2007,2.5,2.5,2.5
11424,Pakistan,ship engine 6001-8000,ship engine,Engines,2006,1,2008,2.5,2.5,2.5
11425,Pakistan,UH-1H Huey-2,helicopter,Aircraft,2008,5,2009,3.1,3.1,15.5
11426,Pakistan,DB-110,aircraft reconnaissance system,Sensors,2009,2,2009,4.0,4.0,8.0
11429,Pakistan,RH-800RA,reconnaissance aircraft,Aircraft,2009,1,2010,30.0,30.0,30.0
11430,Pakistan,DB-110,aircraft reconnaissance system,Sensors,2011,5,2013,4.0,4.0,20.0
11432,Pakistan,Island PC,patrol boat,Ships,2016,2,2017,9.2,3.68,7.36
11437,Pakistan,TPQ-37 Firefinder,artillery locating radar,Sensors,1985,1,1996,8.0,8.0,8.0
11442,Pakistan,F-16C Block-50,FGA aircraft,Aircraft,2007,18,2010,31.0,31.0,558.0
11443,Pakistan,King Air,light transport aircraft,Aircraft,2013,1,2013,2.85,1.14,1.14
11444,Pakistan,T-37B,(armed) trainer aircraft,Aircraft,2008,20,2015,1.8,0.72,14.4
11445,Pakistan,Cessna-208 Caravan,light transport aircraft,Aircraft,2014,1,2015,1.0,1.0,1.0
11446,Pakistan,Cessna-208 Caravan,light transport aircraft,Aircraft,2016,2,2016,1.0,1.0,2.0
11447,Pakistan,Cessna-208 Caravan,light transport aircraft,Aircraft,2015,2,2016,1.0,1.0,2.0
11448,Pakistan,Bell-412,helicopter,Aircraft,2009,2,2010,5.0,5.0,10.0
11449,Pakistan,Cougar MRAP,armoured personnel carrier,Armoured vehicles,2010,20,2010,0.35,0.35,7.0
11450,Pakistan,King Air ISR,ground surveillance aircraft,Aircraft,2008,2,2011,11.0,11.0,22.0
11502,Pakistan,TOW,anti-tank missile,Missiles,1986,830,1990,0.01,0.01,8.3
11537,Pakistan,P-3C-2.5,anti-submarine aircraft,Aircraft,1988,1,1996,55.0,55.0,55.0
11538,Pakistan,P-3C-2.5,anti-submarine aircraft,Aircraft,1988,2,1997,55.0,55.0,110.0
11539,Pakistan,AIM-9L,short-range air-to-air missile,Missiles,1988,360,1996,0.11,0.11,39.6
11542,Pakistan,TPQ-36,artillery locating radar,Sensors,1990,4,1996,3.0,3.0,12.0
11544,Pakistan,Harpoon Block-1,anti-ship missile,Missiles,1988,22,1990,0.9,0.9,19.8
11545,Pakistan,Harpoon Block-1,anti-ship missile,Missiles,1988,22,1991,0.9,0.9,19.8
11550,Pakistan,M-198 155mm,towed gun,Artillery,1988,24,1996,0.85,0.85,20.4
11551,Pakistan,Model-300,light helicopter,Aircraft,1992,5,1993,0.2,0.2,1.0
11559,Pakistan,Harpoon Block-2,anti-ship/land-attack missile,Missiles,2005,25,2006,1.0,1.0,25.0
11560,Pakistan,Harpoon Block-2,anti-ship/land-attack missile,Missiles,2005,25,2007,1.0,1.0,25.0
11561,Pakistan,vehicle engine 201-300,vehicle engine,Engines,2000,125,2006,0.03,0.03,3.75
11562,Pakistan,vehicle engine 201-300,vehicle engine,Engines,2000,125,2005,0.03,0.03,3.75
11565,Pakistan,Paveway,guided bomb,Missiles,2001,100,2002,0.02,0.02,2.0
11566,Pakistan,Paveway,guided bomb,Missiles,2006,1600,2010,0.02,0.02,32.0
11567,Pakistan,AAQ-33 Sniper ATP,aircraft electro-optical system,Sensors,2015,5,2015,1.0,1.0,5.0
11568,Pakistan,AAQ-33 Sniper ATP,aircraft electro-optical system,Sensors,2015,10,2016,1.0,1.0,10.0
11569,Pakistan,LM-2500 (30001-35000),gas turbine,Engines,2020,1,2023,7.0,7.0,7.0
11594,Papua New Guinea,aircraft engine 1001-2000,aircraft engine,Engines,1991,2,1991,0.5,0.5,1.0
11595,Papua New Guinea,aircraft engine 1001-2000,aircraft engine,Engines,1991,2,1992,0.5,0.5,1.0
11598,Paraguay,Cessna-208 Caravan,light transport aircraft,Aircraft,2020,2,2021,1.0,1.0,2.0
11602,Paraguay,Cessna-208 Caravan,light transport aircraft,Aircraft,2010,1,2011,1.0,1.0,1.0
11603,Paraguay,Cessna-208 Caravan,light transport aircraft,Aircraft,2010,1,2012,1.0,1.0,1.0
11604,Paraguay,Cessna-U206,light aircraft,Aircraft,2012,1,2012,0.25,0.1,0.1
11605,Paraguay,Cessna-U206,light aircraft,Aircraft,2012,1,2013,0.25,0.1,0.1
11630,Peru,S-61 Sea King,transport helicopter,Aircraft,2009,2,2010,6.0,2.4,4.8
11631,Peru,S-61 Sea King,transport helicopter,Aircraft,2009,2,2011,6.0,2.4,4.8
11632,Peru,F-28 HELI,light helicopter,Aircraft,2023,2,2024,0.25,0.25,0.5
11633,Peru,CH-2000,light aircraft,Aircraft,2019,3,2020,0.11,0.11,0.33
11634,Peru,CH-2000,light aircraft,Aircraft,2019,5,2024,0.11,0.11,0.55
11635,Peru,CH-2000,light aircraft,Aircraft,2019,2,2022,0.11,0.11,0.22
11636,Peru,CH-2000,light aircraft,Aircraft,2019,2,2021,0.11,0.11,0.22
11637,Peru,CH-2000,light aircraft,Aircraft,2019,3,2019,0.11,0.11,0.33
11645,Peru,F-28 HELI,light helicopter,Aircraft,2020,2,2021,0.25,0.25,0.5
11654,Peru,Cessna-172,light /trainer aircraft,Aircraft,2015,7,2015,0.1,0.1,0.7
11655,Peru,Seminole,light aircraft,Aircraft,2015,1,2015,0.25,0.25,0.25
11656,Peru,F-28 HELI,light helicopter,Aircraft,2015,2,2015,0.25,0.25,0.5
11661,Peru,UH-1H Huey-2,helicopter,Aircraft,2002,7,2003,3.1,3.1,21.7
11662,Peru,UH-1H Huey-2,helicopter,Aircraft,2002,7,2004,3.1,3.1,21.7
11663,Peru,Learjet-45,light transport aircraft,Aircraft,2013,1,2013,7.0,2.8,2.8
11666,Peru,F-28 HELI,light helicopter,Aircraft,2008,6,2009,0.25,0.25,1.5
11673,Peru,vehicle engine 201-300,vehicle engine,Engines,2014,24,2016,0.03,0.03,0.72
11674,Peru,vehicle engine 201-300,vehicle engine,Engines,2014,8,2015,0.03,0.03,0.24
11675,Peru,BD-4,light aircraft,Aircraft,2009,1,2009,0.1,0.1,0.1
11691,Peru,A-37B Dragonfly,ground-attack aircraft,Aircraft,1995,11,1996,5.0,2.0,22.0
11692,Peru,Metro-3,transport aircraft,Aircraft,1996,4,1997,2.8,1.12,4.48
11693,Peru,A-37B Dragonfly,ground-attack aircraft,Aircraft,2002,2,2002,5.0,2.0,4.0
11694,Peru,Citation-2 SIGINT,signals intelligence aircraft,Aircraft,2002,2,2002,12.5,5.0,10.0
11695,Peru,UH-1H Huey-2,helicopter,Aircraft,2004,7,2006,3.1,3.1,21.7
11696,Peru,UH-1H Huey-2,helicopter,Aircraft,2004,8,2004,3.1,3.1,24.8
11697,Peru,UH-1H Huey-2,helicopter,Aircraft,2004,8,2005,3.1,3.1,24.8
11698,Peru,Beech-1900,light transport aircraft,Aircraft,2010,1,2011,3.8,1.52,1.52
11699,Peru,Cessna-172,light /trainer aircraft,Aircraft,2010,2,2011,0.1,0.1,0.2
11700,Peru,R-44,light helicopter,Aircraft,2010,2,2011,0.25,0.25,0.5
11705,Peru,aircraft engine 4501-6000,aircraft engine,Engines,2013,2,2017,1.5,1.5,3.0
11706,Peru,aircraft engine 4501-6000,aircraft engine,Engines,2013,6,2015,1.5,1.5,9.0
11763,Peru,King Air MP,maritime patrol aircraft,Aircraft,1990,2,1991,7.5,7.5,15.0
11764,Peru,F-28 HELI,light helicopter,Aircraft,1991,10,1993,0.25,0.25,2.5
11777,Peru,Taxiarchos,tanker,Ships,1995,1,1996,5.0,2.0,2.0
11778,Peru,A-37B Dragonfly,ground-attack aircraft,Aircraft,1992,6,1992,5.0,2.0,12.0
11782,Peru,King Air,light transport aircraft,Aircraft,2023,1,2024,2.85,2.85,2.85
11783,Peru,Model-300,light helicopter,Aircraft,1998,6,1999,0.2,0.2,1.2
11784,Peru,Cessna-208 Caravan,light transport aircraft,Aircraft,2001,1,2001,1.0,1.0,1.0
11791,Peru,Sealift Pacific,tanker,Ships,1998,1,1998,30.0,12.0,12.0
11792,Peru,F-28 HELI,light helicopter,Aircraft,2020,2,2020,0.25,0.25,0.5
11793,Peru,F-28 HELI,light helicopter,Aircraft,2023,2,2024,0.25,0.25,0.5
11797,Peru,B-737C,transport aircraft,Aircraft,2021,1,2022,33.0,13.2,13.2
11801,Peru,T-34C,(armed) trainer aircraft,Aircraft,2022,1,2022,1.35,0.54,0.54
11803,Peru,Cessna-208 Caravan,light transport aircraft,Aircraft,2009,1,2009,1.0,0.4,0.4
11808,Philippines,ScanEagle,UAV,Aircraft,2019,8,2021,0.04,0.04,0.32
11809,Philippines,M-113,armoured personnel carrier,Armoured vehicles,2012,114,2015,0.25,0.1,11.4
11810,Philippines,C-130B Hercules,transport aircraft,Aircraft,1995,2,1998,23.0,15.18,30.36
11811,Philippines,vehicle engine 201-300,vehicle engine,Engines,2006,12,2007,0.03,0.03,0.36
11812,Philippines,APKWS,air-to-surface missile,Missiles,2019,100,2020,0.01,0.01,1.0
11813,Philippines,Cessna-208 Caravan,light transport aircraft,Aircraft,2021,1,2023,1.0,1.0,1.0
11814,Philippines,Bell-205A-1,helicopter,Aircraft,2013,7,2014,2.62,1.73,12.1
11818,Philippines,Bell-412,helicopter,Aircraft,2014,6,2015,5.0,5.0,30.0
11824,Philippines,aircraft engine 3001-4500,aircraft engine,Engines,2014,2,2016,1.1,0.44,0.88
11825,Philippines,aircraft engine 3001-4500,aircraft engine,Engines,2014,5,2018,1.1,0.44,2.2
11828,Philippines,TPS-79 MMSR,air-search radar,Sensors,2011,1,2012,6.0,6.0,6.0
11834,Philippines,TOW,anti-tank missile,Missiles,2020,100,2020,0.01,0.01,1.0
11835,Philippines,EDO-997,anti-submarine sonar,Sensors,2017,1,2020,7.5,7.5,7.5
11836,Philippines,EDO-997,anti-submarine sonar,Sensors,2017,1,2021,7.5,7.5,7.5
11842,Philippines,Bell-205A-1,helicopter,Aircraft,2003,10,2007,2.62,1.05,10.48
11843,Philippines,Bell-205A-1,helicopter,Aircraft,2003,10,2008,2.62,1.05,10.48
11844,Philippines,Nomad,light transport aircraft,Aircraft,2004,1,2004,1.5,0.6,0.6
11845,Philippines,Bell-205A-1,helicopter,Aircraft,2003,10,2004,2.62,1.05,10.48
11846,Philippines,Bell-205A-1,helicopter,Aircraft,2003,6,2005,2.62,1.05,6.29
11847,Philippines,Bell-205A-1,helicopter,Aircraft,2003,1,2007,2.62,1.73,1.73
11848,Philippines,Bell-205A-1,helicopter,Aircraft,2003,5,2006,2.62,1.73,8.65
11849,Philippines,UH-1H Huey-2,helicopter,Aircraft,1997,2,2005,3.1,3.1,6.2
11852,Philippines,aircraft engine 1001-2000,aircraft engine,Engines,2016,4,2019,0.5,0.5,2.0
11854,Philippines,Hamilton,patrol ship,Ships,2011,1,2011,135.0,54.0,54.0
11855,Philippines,Hamilton,patrol ship,Ships,2015,1,2016,135.0,54.0,54.0
11856,Philippines,Hamilton,patrol ship,Ships,2012,1,2013,135.0,54.0,54.0
11860,Philippines,S-70L Black Hawk,transport helicopter,Aircraft,2019,6,2020,7.25,7.25,43.5
11861,Philippines,S-70L Black Hawk,transport helicopter,Aircraft,2019,10,2021,7.25,7.25,72.5
11862,Philippines,AGM-65 Maverick,air-to-surface missile,Missiles,2013,25,2017,0.15,0.15,3.75
11863,Philippines,AGM-65 Maverick,air-to-surface missile,Missiles,2013,50,2019,0.15,0.15,7.5
11864,Philippines,AGM-65 Maverick,air-to-surface missile,Missiles,2013,50,2020,0.15,0.15,7.5
11865,Philippines,vehicle engine 301-400,vehicle engine,Engines,2016,8,2019,0.05,0.05,0.4
11889,Philippines,MD-500E,light helicopter,Aircraft,1988,6,1991,0.7,0.7,4.2
11890,Philippines,MD-500E,light helicopter,Aircraft,1988,16,1990,0.7,0.7,11.2
11891,Philippines,Bell-205A-1,helicopter,Aircraft,2001,5,2002,2.62,1.05,5.24
11892,Philippines,Bell-205A-1,helicopter,Aircraft,2001,3,2003,2.62,1.05,3.14
11893,Philippines,Cyclone,patrol boat,Ships,2001,1,2004,21.5,8.6,8.6
11894,Philippines,M-113,armoured personnel carrier,Armoured vehicles,2003,48,2006,0.25,0.1,4.8
11895,Philippines,vehicle engine 201-300,vehicle engine,Engines,2007,6,2009,0.03,0.03,0.18
11896,Philippines,JDAM,guided bomb,Missiles,2011,22,2011,0.02,0.02,0.44
11897,Philippines,JT-15D (1250),turbofan,Engines,1990,6,1994,0.4,0.4,2.4
11898,Philippines,F-404 (8000),turbofan,Engines,2014,2,2015,2.2,2.2,4.4
11899,Philippines,F-404 (8000),turbofan,Engines,2014,2,2016,2.2,2.2,4.4
11900,Philippines,F-404 (8000),turbofan,Engines,2014,8,2017,2.2,2.2,17.6
11902,Philippines,Hunter UAV,UAV,Aircraft,2009,2,2009,0.3,0.12,0.24
11903,Philippines,Bell-205A-1,helicopter,Aircraft,2009,5,2011,2.62,1.05,5.24
11904,Philippines,HMMWV-UA,armoured personnel carrier,Armoured vehicles,2013,25,2013,0.13,0.05,1.3
11977,Philippines,OV-10,ground-attack aircraft,Aircraft,1991,19,1992,4.5,1.8,34.2
11978,Philippines,OV-10,ground-attack aircraft,Aircraft,1991,5,1991,4.5,1.8,9.0
11979,Philippines,MD-500E,light helicopter,Aircraft,1992,2,1993,0.7,0.7,1.4
11980,Philippines,MD-500E,light helicopter,Aircraft,1992,4,1992,0.7,0.7,2.8
11981,Philippines,Besson,landing ship,Ships,1992,1,1993,38.0,38.0,38.0
11982,Philippines,Besson,landing ship,Ships,1992,1,1994,38.0,38.0,38.0
11987,Philippines,V-300,armoured personnel carrier,Armoured vehicles,1993,5,1997,0.35,0.35,1.75
11988,Philippines,V-300,armoured personnel carrier,Armoured vehicles,1993,6,1995,0.35,0.35,2.1
11989,Philippines,V-300,armoured personnel carrier,Armoured vehicles,1993,1,1998,0.35,0.35,0.35
11990,Philippines,Bell-205A-1,helicopter,Aircraft,1990,5,1992,2.62,1.05,5.24
11991,Philippines,Bell-205A-1,helicopter,Aircraft,1990,5,1993,2.62,1.05,5.24
11992,Philippines,V-300-90 -,infantry fighting vehicle,Armoured vehicles,1993,6,1997,0.3,0.3,1.8
11993,Philippines,V-300-90 -,infantry fighting vehicle,Armoured vehicles,1993,1,1998,0.3,0.3,0.3
11994,Philippines,V-300-90 -,infantry fighting vehicle,Armoured vehicles,1993,5,1996,0.3,0.3,1.5
12002,Philippines,MD-500E,light helicopter,Aircraft,1993,2,1995,0.7,0.7,1.4
12003,Philippines,MD-500E,light helicopter,Aircraft,1993,3,1994,0.7,0.7,2.1
12007,Philippines,Cessna-172,light /trainer aircraft,Aircraft,1997,5,1998,0.1,0.04,0.2
12012,Philippines,Bell-412,helicopter,Aircraft,1996,2,1997,5.0,5.0,10.0
12013,Philippines,C-130H Hercules,transport aircraft,Aircraft,2020,1,2021,28.0,11.2,11.2
12014,Philippines,C-130H Hercules,transport aircraft,Aircraft,2020,1,2024,28.0,11.2,11.2
12015,Philippines,C-130B Hercules,transport aircraft,Aircraft,2001,1,2001,23.0,9.2,9.2
12016,Philippines,C-130H Hercules,transport aircraft,Aircraft,2014,2,2016,28.0,11.2,22.4
12017,Philippines,aircraft engine 1001-2000,aircraft engine,Engines,2021,4,2024,0.5,0.5,2.0
12018,Philippines,aircraft engine 1001-2000,aircraft engine,Engines,2021,8,2022,0.5,0.5,4.0
12019,Philippines,vehicle engine 201-300,vehicle engine,Engines,2002,1,2004,0.03,0.03,0.03
12022,Philippines,S-70L Black Hawk,transport helicopter,Aircraft,2022,10,2024,7.25,7.25,72.5
12023,Philippines,Cessna-172,light /trainer aircraft,Aircraft,2021,4,2022,0.1,0.1,0.4
12024,Philippines,Cessna-208 Caravan,light transport aircraft,Aircraft,2016,2,2017,1.0,1.0,2.0
12025,Philippines,Cyclone,patrol boat,Ships,2022,2,2023,21.5,8.6,17.2
12030,Philippines,ScanEagle,UAV,Aircraft,2017,6,2018,0.04,0.04,0.24
12031,Poland,AGM-158B JASSM-ER,air-to-surface missile,Missiles,2016,30,2023,1.0,1.0,30.0
12032,Poland,AGM-158B JASSM-ER,air-to-surface missile,Missiles,2016,10,2022,1.0,1.0,10.0
12033,Poland,ATACMS-1A,surface-to-surface missile,Missiles,2019,15,2023,2.0,2.0,30.0
12034,Poland,ATACMS-1A,surface-to-surface missile,Missiles,2019,15,2024,2.0,2.0,30.0
12035,Poland,Paveway,guided bomb,Missiles,2018,50,2020,0.02,0.02,1.0
12036,Poland,Paveway,guided bomb,Missiles,2018,100,2021,0.02,0.02,2.0
12037,Poland,Paveway,guided bomb,Missiles,2018,200,2022,0.02,0.02,4.0
12038,Poland,Paveway,guided bomb,Missiles,2018,90,2023,0.02,0.02,1.8
12039,Poland,MIM-104 PAC-3 MSE,ABM missile,Missiles,2018,104,2023,1.5,1.5,156.0
12040,Poland,MIM-104 PAC-3 MSE,ABM missile,Missiles,2018,104,2024,1.5,1.5,156.0
12041,Poland,MQ-9 UAV,UAV,Aircraft,2022,2,2022,6.5,2.6,5.2
12042,Poland,M-1A2 Abrams,tank,Armoured vehicles,2022,28,2022,4.5,1.8,50.4
12043,Poland,F-16C Block-50,FGA aircraft,Aircraft,2003,25,2007,31.0,31.0,775.0
12044,Poland,F-16C Block-50,FGA aircraft,Aircraft,2003,14,2008,31.0,31.0,434.0
12045,Poland,F-16C Block-50,FGA aircraft,Aircraft,2003,9,2006,31.0,31.0,279.0
12046,Poland,GMLRS,guided rocket,Missiles,2019,200,2024,0.08,0.08,16.0
12047,Poland,GMLRS,guided rocket,Missiles,2019,1467,2023,0.08,0.08,117.36
12048,Poland,AGM-158A JASSM,air-to-surface missile,Missiles,2015,36,2019,0.64,0.64,23.04
12049,Poland,AGM-158A JASSM,air-to-surface missile,Missiles,2015,2,2017,0.64,0.64,1.28
12050,Poland,AGM-158A JASSM,air-to-surface missile,Missiles,2015,30,2020,0.64,0.64,19.2
12051,Poland,M-ATV,armoured personnel carrier,Armoured vehicles,2014,10,2014,0.25,0.1,1.0
12052,Poland,M-ATV,armoured personnel carrier,Armoured vehicles,2014,35,2015,0.25,0.1,3.5
12053,Poland,AIM-120C AMRAAM,long-range air-to-air missile,Missiles,2004,25,2007,0.6,0.6,15.0
12054,Poland,AIM-120C AMRAAM,long-range air-to-air missile,Missiles,2004,26,2008,0.6,0.6,15.6
12055,Poland,AIM-120C AMRAAM,long-range air-to-air missile,Missiles,2004,75,2009,0.6,0.6,45.0
12056,Poland,ScanEagle,UAV,Aircraft,2010,2,2010,0.04,0.04,0.08
12057,Poland,Cougar MRAP,armoured personnel carrier,Armoured vehicles,2008,30,2008,0.35,0.35,10.5
12058,Poland,Cougar MRAP,armoured personnel carrier,Armoured vehicles,2008,10,2009,0.35,0.35,3.5
12059,Poland,MaxxPro,armoured personnel carrier,Armoured vehicles,2010,30,2010,0.32,0.32,9.6
12060,Poland,AIM-120C AMRAAM,long-range air-to-air missile,Missiles,2017,8,2023,0.6,0.6,4.8
12061,Poland,AIM-120C AMRAAM,long-range air-to-air missile,Missiles,2017,40,2021,0.6,0.6,24.0
12062,Poland,AIM-120C AMRAAM,long-range air-to-air missile,Missiles,2017,47,2022,0.6,0.6,28.2
12063,Poland,AIM-120C AMRAAM,long-range air-to-air missile,Missiles,2017,10,2024,0.6,0.6,6.0
12064,Poland,AIM-9X,long-range air-to-air missile,Missiles,2016,30,2018,0.18,0.18,5.4
12065,Poland,AIM-9X,long-range air-to-air missile,Missiles,2016,50,2019,0.18,0.18,9.0
12066,Poland,AIM-9X,long-range air-to-air missile,Missiles,2016,13,2020,0.18,0.18,2.34
12067,Poland,AGM-114 Hellfire-2,anti-tank/air-to-surface missile,Missiles,2023,20,2023,0.05,0.05,1.0
12068,Poland,AGM-114 Hellfire-2,anti-tank/air-to-surface missile,Missiles,2023,200,2024,0.05,0.05,10.0
12069,Poland,M-113A3,armoured personnel carrier,Armoured vehicles,2022,3,2023,0.3,0.12,0.36
12070,Poland,M-113A3,armoured personnel carrier,Armoured vehicles,2022,3,2024,0.3,0.12,0.36
12071,Poland,M-1074 JABS,armoured bridgelayer,Armoured vehicles,2022,4,2023,1.25,0.5,2.0
12072,Poland,M-1074 JABS,armoured bridgelayer,Armoured vehicles,2022,4,2024,1.25,0.5,2.0
12073,Poland,RQ-21 Blackjack,UAV,Aircraft,2018,5,2018,0.07,0.07,0.35
12074,Poland,PA-34 Seneca,light transport aircraft,Aircraft,1994,2,1995,0.44,0.44,0.88
12075,Poland,Perry,frigate,Ships,1999,1,2000,300.0,120.0,120.0
12076,Poland,Perry,frigate,Ships,1999,1,2002,300.0,120.0,120.0
12077,Poland,SH-2G,anti-submarine helicopter,Aircraft,2001,2,2002,15.0,6.0,12.0
12078,Poland,SH-2G,anti-submarine helicopter,Aircraft,2001,2,2003,15.0,6.0,12.0
12079,Poland,C-130E Hercules,transport aircraft,Aircraft,2004,1,2009,24.0,15.84,15.84
12080,Poland,C-130E Hercules,transport aircraft,Aircraft,2004,2,2010,24.0,15.84,31.68
12081,Poland,C-130E Hercules,transport aircraft,Aircraft,2004,1,2011,24.0,15.84,15.84
12082,Poland,C-130E Hercules,transport aircraft,Aircraft,2004,1,2012,24.0,15.84,15.84
12083,Poland,DB-110,aircraft reconnaissance system,Sensors,2004,2,2006,4.0,4.0,8.0
12084,Poland,DB-110,aircraft reconnaissance system,Sensors,2004,5,2007,4.0,4.0,20.0
12085,Poland,C-130E Hercules,transport aircraft,Aircraft,2009,2,2009,24.0,9.6,19.2
12086,Poland,Paveway,guided bomb,Missiles,2004,100,2007,0.02,0.02,2.0
12087,Poland,LM-2500 (30001-35000),gas turbine,Engines,2001,1,2019,7.0,7.0,7.0
12088,Poland,F-124 (2850),turbofan,Engines,2014,16,2017,1.0,1.0,16.0
12089,Poland,ScanEagle,UAV,Aircraft,2010,10,2011,0.04,0.04,0.4
12090,Poland,F-35A Lightning-2,FGA aircraft,Aircraft,2020,3,2024,55.0,55.0,165.0
12091,Poland,Bell-206,light helicopter,Aircraft,1991,2,1991,0.7,0.7,1.4
12092,Poland,MSTAR,ground surveillance radar,Sensors,2000,9,2001,0.5,0.5,4.5
12093,Poland,SM-1MR,SAM,Missiles,1999,50,2002,0.25,0.1,5.0
12094,Poland,SM-1MR,SAM,Missiles,1999,33,2001,0.25,0.1,3.3
12095,Poland,SM-1MR,SAM,Missiles,1999,17,2000,0.25,0.1,1.7
12096,Poland,MSTAR,ground surveillance radar,Sensors,2002,1,2002,0.5,0.5,0.5
12097,Poland,AGM-65 Maverick,air-to-surface missile,Missiles,2004,180,2007,0.15,0.15,27.0
12098,Poland,AGM-65 Maverick,air-to-surface missile,Missiles,2004,180,2006,0.15,0.15,27.0
12099,Poland,AIM-9X,long-range air-to-air missile,Missiles,2004,178,2006,0.18,0.18,32.04
12100,Poland,AGM-154 JSOW,guided glide bomb,Missiles,2007,20,2009,0.4,0.4,8.0
12101,Poland,AGM-154 JSOW,guided glide bomb,Missiles,2007,58,2008,0.4,0.4,23.2
12102,Poland,MSTAR,ground surveillance radar,Sensors,2003,4,2003,0.5,0.5,2.0
12103,Poland,MSTAR,ground surveillance radar,Sensors,2003,9,2004,0.5,0.5,4.5
12104,Poland,AAQ-33 Sniper ATP,aircraft electro-optical system,Sensors,2003,11,2007,1.0,1.0,11.0
12105,Poland,AAQ-33 Sniper ATP,aircraft electro-optical system,Sensors,2003,11,2008,1.0,1.0,11.0
12106,Poland,MSTAR,ground surveillance radar,Sensors,2004,11,2005,0.5,0.5,5.5
12107,Poland,Cougar MRAP,armoured personnel carrier,Armoured vehicles,2021,275,2022,0.35,0.14,38.5
12108,Poland,Cougar MRAP,armoured personnel carrier,Armoured vehicles,2021,25,2023,0.35,0.14,3.5
12109,Poland,M-88A2,armoured recovery vehicle,Armoured vehicles,2022,12,2023,2.0,0.8,9.6
12110,Poland,M-ATV,armoured personnel carrier,Armoured vehicles,2023,79,2024,0.25,0.1,7.9
12111,Poland,S-70L Black Hawk,transport helicopter,Aircraft,2019,4,2019,7.25,7.25,29.0
12112,Poland,HIMARS,multiple rocket launcher,Artillery,2019,18,2023,1.1,1.1,19.8
12113,Poland,HIMARS,multiple rocket launcher,Artillery,2019,2,2024,1.1,1.1,2.2
12114,Poland,F-124 (2850),turbofan,Engines,2018,8,2020,1.0,1.0,8.0
12115,Poland,F-124 (2850),turbofan,Engines,2021,8,2022,1.0,1.0,8.0
12116,Poland,AIM-120C AMRAAM,long-range air-to-air missile,Missiles,2016,65,2020,0.6,0.6,39.0
12117,Poland,C-130H Hercules,transport aircraft,Aircraft,2021,1,2023,28.0,11.2,11.2
12118,Poland,C-130H Hercules,transport aircraft,Aircraft,2021,2,2022,28.0,11.2,22.4
12119,Poland,M-1A1 Abrams,tank,Armoured vehicles,2022,76,2024,4.0,1.6,121.6
12120,Poland,M-1A1 Abrams,tank,Armoured vehicles,2022,40,2023,4.0,1.6,64.0
12121,Poland,S-70L Black Hawk,transport helicopter,Aircraft,2021,2,2024,7.25,7.25,14.5
12122,Poland,S-70L Black Hawk,transport helicopter,Aircraft,2021,2,2023,7.25,7.25,14.5
12123,Poland,Patriot-3 SAMS,SAM system,Air-defence systems,2018,2,2023,55.0,55.0,110.0
12124,Poland,Patriot-3 SAMS,SAM system,Air-defence systems,2018,2,2024,55.0,55.0,110.0
12125,Poland,F-404 (8000),turbofan,Engines,2022,12,2023,2.2,2.2,26.4
12126,Poland,FGM-148 Javelin,anti-tank missile,Missiles,2020,150,2021,0.03,0.03,4.5
12127,Poland,FGM-148 Javelin,anti-tank missile,Missiles,2020,30,2022,0.03,0.03,0.9
12128,Poland,aircraft engine 2001-3000,aircraft engine,Engines,2019,3,2024,0.75,0.75,2.25
12129,Poland,aircraft engine 2001-3000,aircraft engine,Engines,2019,9,2023,0.75,0.75,6.75
12130,Poland,JDAM,guided bomb,Missiles,2003,272,2005,0.02,0.02,5.44
12133,Portugal,Stinger,portable SAM,Missiles,1993,40,1996,0.08,0.08,3.2
12139,Portugal,Mk-46,anti-submarine torpedo,Missiles,1989,20,1995,0.25,0.25,5.0
12140,Portugal,Mk-46,anti-submarine torpedo,Missiles,1989,20,1991,0.25,0.25,5.0
12141,Portugal,Mk-46,anti-submarine torpedo,Missiles,1989,20,1993,0.25,0.25,5.0
12142,Portugal,Mk-46,anti-submarine torpedo,Missiles,1989,20,1994,0.25,0.25,5.0
12143,Portugal,Mk-46,anti-submarine torpedo,Missiles,1989,20,1992,0.25,0.25,5.0
12144,Portugal,AQS-13F,anti-submarine sonar,Sensors,1990,5,1993,1.5,1.5,7.5
12145,Portugal,V-2500 (12500),turbofan,Engines,2019,2,2024,3.0,3.0,6.0
12146,Portugal,V-2500 (12500),turbofan,Engines,2019,2,2023,3.0,3.0,6.0
12153,Portugal,TPS-44,air-search radar,Sensors,1988,1,1990,4.76,4.76,4.76
12155,Portugal,M-113,armoured personnel carrier,Armoured vehicles,1995,10,1996,0.25,0.1,1.0
12156,Portugal,M-113,armoured personnel carrier,Armoured vehicles,1995,18,1998,0.25,0.1,1.8
12157,Portugal,M-113,armoured personnel carrier,Armoured vehicles,1995,6,2000,0.25,0.1,0.6
12158,Portugal,M-901,tank destroyer,Armoured vehicles,1993,25,1994,0.9,0.36,9.0
12159,Portugal,TOW,anti-tank missile,Missiles,1993,900,1994,0.01,0.0,3.6
12163,Portugal,F-16C,FGA aircraft,Aircraft,1998,3,2009,28.5,28.5,85.5
12164,Portugal,F-16C,FGA aircraft,Aircraft,1998,1,2003,28.5,28.5,28.5
12165,Portugal,F-16C,FGA aircraft,Aircraft,1998,3,2008,28.5,28.5,85.5
12166,Portugal,F-16C,FGA aircraft,Aircraft,1998,2,2004,28.5,28.5,57.0
12167,Portugal,F-16C,FGA aircraft,Aircraft,1998,1,2005,28.5,28.5,28.5
12168,Portugal,F-16C,FGA aircraft,Aircraft,1998,1,2006,28.5,28.5,28.5
12169,Portugal,F-16C,FGA aircraft,Aircraft,1998,2,2007,28.5,28.5,57.0
12170,Portugal,F-16C,FGA aircraft,Aircraft,1998,1,2012,28.5,28.5,28.5
12171,Portugal,F-16C,FGA aircraft,Aircraft,1998,3,2010,28.5,28.5,85.5
12172,Portugal,F-16C,FGA aircraft,Aircraft,1998,3,2011,28.5,28.5,85.5
12173,Portugal,F-16C,FGA aircraft,Aircraft,1998,1,2020,28.5,28.5,28.5
12174,Portugal,F-16C,FGA aircraft,Aircraft,1998,1,2019,28.5,28.5,28.5
12175,Portugal,Mk-29 SAMS,naval SAM system,Naval weapons,1986,3,1991,5.0,5.0,15.0
12176,Portugal,JDAM,guided bomb,Missiles,2016,100,2021,0.02,0.02,2.0
12195,Portugal,M-60A3,tank,Armoured vehicles,1991,80,1993,2.1,0.84,67.2
12197,Portugal,M-60A3,tank,Armoured vehicles,1994,12,1995,2.1,0.84,10.08
12198,Portugal,M-60A3,tank,Armoured vehicles,1994,1,1996,2.1,0.84,0.84
12209,Portugal,M-30 107mm,mortar,Artillery,1996,10,1996,0.25,0.1,1.0
12210,Portugal,M-30 107mm,mortar,Artillery,1996,20,1997,0.25,0.1,2.0
12213,Portugal,M-578,armoured recovery vehicle,Armoured vehicles,1995,21,1996,0.36,0.14,3.02
12214,Portugal,M-578,armoured recovery vehicle,Armoured vehicles,1997,8,1998,0.36,0.14,1.15
12215,Portugal,M-728,armoured engineer vehicle,Armoured vehicles,1997,3,1998,2.5,1.0,3.0
12216,Portugal,MIM-72C,SAM,Missiles,2004,96,2006,0.11,0.11,10.56
12217,Portugal,Paveway,guided bomb,Missiles,2007,50,2009,0.02,0.02,1.0
12224,Portugal,JDAM,guided bomb,Missiles,2004,50,2005,0.02,0.02,1.0
12232,Portugal,HR-3000 HADR,air-search radar,Sensors,1985,1,1990,11.0,11.0,11.0
12233,Portugal,AIM-7M,long-range air-to-air missile,Missiles,1986,48,1991,0.18,0.18,8.64
12234,Portugal,Harpoon Block-1,anti-ship missile,Missiles,1986,50,1991,0.9,0.9,45.0
12240,Portugal,F-16A,FGA aircraft,Aircraft,1990,20,1994,20.65,20.65,413.0
12241,Portugal,MPQ-54 FAAR,air-search radar,Sensors,1989,1,1990,5.0,5.0,5.0
12242,Portugal,MPQ-54 FAAR,air-search radar,Sensors,1989,1,1991,5.0,5.0,5.0
12246,Portugal,APS-128,maritime patrol aircraft radar,Sensors,1993,2,1994,2.5,2.5,5.0
12252,Portugal,AGM-65 Maverick,air-to-surface missile,Missiles,1991,25,1991,0.15,0.15,3.75
12260,Portugal,M-109A5 155mm,self-propelled gun,Artillery,1997,14,2001,1.25,1.25,17.5
12279,Portugal,AIM-120C AMRAAM,long-range air-to-air missile,Missiles,2002,6,2005,0.6,0.6,3.6
12280,Portugal,AIM-120C AMRAAM,long-range air-to-air missile,Missiles,2002,6,2006,0.6,0.6,3.6
12283,Portugal,LM-2500 (30001-35000),gas turbine,Engines,1988,6,1991,7.0,7.0,42.0
12284,Portugal,vehicle engine 301-400,vehicle engine,Engines,2005,14,2016,0.05,0.05,0.7
12285,Portugal,vehicle engine 301-400,vehicle engine,Engines,2005,43,2011,0.05,0.05,2.15
12286,Portugal,vehicle engine 301-400,vehicle engine,Engines,2005,8,2014,0.05,0.05,0.4
12287,Portugal,vehicle engine 301-400,vehicle engine,Engines,2005,41,2009,0.05,0.05,2.05
12288,Portugal,vehicle engine 301-400,vehicle engine,Engines,2005,43,2010,0.05,0.05,2.15
12289,Portugal,vehicle engine 301-400,vehicle engine,Engines,2005,31,2008,0.05,0.05,1.55
12290,Portugal,vehicle engine 301-400,vehicle engine,Engines,2005,8,2007,0.05,0.05,0.4
12291,Portugal,aircraft engine 1001-2000,aircraft engine,Engines,2016,2,2024,0.5,0.5,1.0
12292,Portugal,aircraft engine 1001-2000,aircraft engine,Engines,2016,4,2023,0.5,0.5,2.0
12293,Portugal,aircraft engine 1001-2000,aircraft engine,Engines,2016,4,2021,0.5,0.5,2.0
12294,Portugal,RDR-1500,maritime patrol aircraft radar,Sensors,1990,5,1993,2.25,2.25,11.25
12304,Portugal,M-106,self-propelled mortar,Artillery,1998,8,2000,0.5,0.2,1.6
12306,Portugal,C-130H Hercules,transport aircraft,Aircraft,1991,1,1991,28.0,28.0,28.0
12308,Portugal,Phalanx,naval gun,Naval weapons,1986,3,1991,7.0,7.0,21.0
12309,Qatar,vehicle engine 301-400,vehicle engine,Engines,2018,50,2019,0.05,0.05,2.5
12310,Qatar,F-15 Advanced Eagle,FGA aircraft,Aircraft,2020,6,2024,75.0,75.0,450.0
12311,Qatar,JDAM,guided bomb,Missiles,2019,246,2021,0.02,0.02,4.92
12312,Qatar,JDAM,guided bomb,Missiles,2019,250,2022,0.02,0.02,5.0
12313,Qatar,JDAM,guided bomb,Missiles,2019,250,2023,0.02,0.02,5.0
12314,Qatar,JDAM,guided bomb,Missiles,2019,250,2024,0.02,0.02,5.0
12315,Qatar,AAQ-33 Sniper ATP,aircraft electro-optical system,Sensors,2020,6,2024,1.0,1.0,6.0
12316,Qatar,FPS-132 UEWR,air-search radar,Sensors,2017,1,2022,200.0,200.0,200.0
12317,Qatar,MIM-104 PAC-3,ABM missile,Missiles,2014,75,2017,0.8,0.8,60.0
12318,Qatar,MIM-104 PAC-3,ABM missile,Missiles,2014,228,2018,0.8,0.8,182.4
12319,Qatar,MIM-104 PAC-3,ABM missile,Missiles,2014,250,2019,0.8,0.8,200.0
12320,Qatar,MIM-104 PAC-3,ABM missile,Missiles,2014,225,2020,0.8,0.8,180.0
12321,Qatar,Patriot-3 SAMS,SAM system,Air-defence systems,2014,2,2020,55.0,55.0,110.0
12322,Qatar,Patriot-3 SAMS,SAM system,Air-defence systems,2014,3,2019,55.0,55.0,165.0
12323,Qatar,Patriot-3 SAMS,SAM system,Air-defence systems,2014,1,2015,55.0,55.0,55.0
12324,Qatar,Patriot-3 SAMS,SAM system,Air-defence systems,2014,3,2018,55.0,55.0,165.0
12325,Qatar,Patriot-3 SAMS,SAM system,Air-defence systems,2014,1,2017,55.0,55.0,55.0
12326,Qatar,vehicle engine 301-400,vehicle engine,Engines,2016,40,2022,0.05,0.05,2.0
12327,Qatar,vehicle engine 301-400,vehicle engine,Engines,2016,50,2021,0.05,0.05,2.5
12328,Qatar,vehicle engine 301-400,vehicle engine,Engines,2016,90,2020,0.05,0.05,4.5
12329,Qatar,vehicle engine 301-400,vehicle engine,Engines,2016,50,2019,0.05,0.05,2.5
12330,Qatar,vehicle engine 301-400,vehicle engine,Engines,2016,90,2018,0.05,0.05,4.5
12331,Qatar,vehicle engine 301-400,vehicle engine,Engines,2016,22,2017,0.05,0.05,1.1
12332,Qatar,Harpoon Block-2,anti-ship/land-attack missile,Missiles,2019,7,2020,1.0,1.0,7.0
12333,Qatar,Harpoon Block-2,anti-ship/land-attack missile,Missiles,2019,12,2022,1.0,1.0,12.0
12334,Qatar,Harpoon Block-2,anti-ship/land-attack missile,Missiles,2019,12,2023,1.0,1.0,12.0
12335,Qatar,Harpoon Block-2,anti-ship/land-attack missile,Missiles,2019,12,2024,1.0,1.0,12.0
12336,Qatar,AAQ-13 LANTIRN,combat aircraft radar,Sensors,2019,14,2021,1.0,1.0,14.0
12337,Qatar,AAQ-13 LANTIRN,combat aircraft radar,Sensors,2019,12,2022,1.0,1.0,12.0
12338,Qatar,AAQ-13 LANTIRN,combat aircraft radar,Sensors,2019,10,2023,1.0,1.0,10.0
12339,Qatar,AAQ-13 LANTIRN,combat aircraft radar,Sensors,2019,4,2024,1.0,1.0,4.0
12340,Qatar,APKWS,air-to-surface missile,Missiles,2018,2500,2019,0.01,0.01,25.0
12341,Qatar,APKWS,air-to-surface missile,Missiles,2018,2500,2020,0.01,0.01,25.0
12342,Qatar,Tiger Eyes,aircraft electro-optical system,Sensors,2020,6,2024,3.0,3.0,18.0
12343,Qatar,AAQ-13 LANTIRN,combat aircraft radar,Sensors,2020,6,2024,1.0,1.0,6.0
12344,Qatar,AAQ-33 Sniper ATP,aircraft electro-optical system,Sensors,2017,14,2021,1.0,1.0,14.0
12345,Qatar,AAQ-33 Sniper ATP,aircraft electro-optical system,Sensors,2017,12,2022,1.0,1.0,12.0
12346,Qatar,AAQ-33 Sniper ATP,aircraft electro-optical system,Sensors,2017,14,2023,1.0,1.0,14.0
12347,Qatar,AGM-65 Maverick,air-to-surface missile,Missiles,2017,50,2021,0.15,0.15,7.5
12348,Qatar,AGM-65 Maverick,air-to-surface missile,Missiles,2017,100,2022,0.15,0.15,15.0
12349,Qatar,AGM-65 Maverick,air-to-surface missile,Missiles,2017,50,2023,0.15,0.15,7.5
12350,Qatar,MIM-104 PAC-2,SAM,Missiles,2014,74,2018,1.0,1.0,74.0
12351,Qatar,MIM-104 PAC-2,SAM,Missiles,2014,20,2017,1.0,1.0,20.0
12352,Qatar,MIM-104 PAC-2,SAM,Missiles,2014,20,2015,1.0,1.0,20.0
12353,Qatar,MIM-104 PAC-2,SAM,Missiles,2014,74,2019,1.0,1.0,74.0
12354,Qatar,MIM-104 PAC-2,SAM,Missiles,2014,60,2020,1.0,1.0,60.0
12355,Qatar,MPQ-64 Sentinel,air-search radar,Sensors,2019,2,2024,5.0,5.0,10.0
12356,Qatar,FGM-148 Javelin,anti-tank missile,Missiles,2017,50,2018,0.03,0.03,1.5
12357,Qatar,MIM-104 PAC-3 MSE,ABM missile,Missiles,2017,24,2020,1.5,1.5,36.0
12358,Qatar,C-17,heavy transport aircraft,Aircraft,2015,2,2015,140.0,140.0,280.0
12359,Qatar,C-17,heavy transport aircraft,Aircraft,2015,2,2016,140.0,140.0,280.0
12360,Qatar,AH-64E Apache,combat helicopter,Aircraft,2014,16,2019,15.0,15.0,240.0
12361,Qatar,AH-64E Apache,combat helicopter,Aircraft,2014,8,2020,15.0,15.0,120.0
12362,Qatar,Stinger,portable SAM,Missiles,2015,150,2019,0.08,0.08,12.0
12363,Qatar,Stinger,portable SAM,Missiles,2015,145,2020,0.08,0.08,11.6
12364,Qatar,APG-78 Longbow,combat helicopter radar,Sensors,2014,8,2020,3.0,3.0,24.0
12365,Qatar,APG-78 Longbow,combat helicopter radar,Sensors,2014,16,2019,3.0,3.0,48.0
12366,Qatar,AIM-9X,long-range air-to-air missile,Missiles,2017,50,2024,0.18,0.18,9.0
12367,Qatar,AIM-9X,long-range air-to-air missile,Missiles,2017,50,2021,0.18,0.18,9.0
12368,Qatar,AIM-9X,long-range air-to-air missile,Missiles,2017,50,2022,0.18,0.18,9.0
12369,Qatar,AIM-9X,long-range air-to-air missile,Missiles,2017,50,2023,0.18,0.18,9.0
12370,Qatar,JDAM,guided bomb,Missiles,2018,202,2021,0.02,0.02,4.04
12371,Qatar,JDAM,guided bomb,Missiles,2018,202,2022,0.02,0.02,4.04
12372,Qatar,JDAM,guided bomb,Missiles,2018,100,2023,0.02,0.02,2.0
12373,Qatar,AIM-120C AMRAAM,long-range air-to-air missile,Missiles,2017,82,2023,0.6,0.6,49.2
12374,Qatar,AIM-120C AMRAAM,long-range air-to-air missile,Missiles,2017,88,2021,0.6,0.6,52.8
12375,Qatar,AIM-120C AMRAAM,long-range air-to-air missile,Missiles,2017,106,2022,0.6,0.6,63.6
12376,Qatar,AIM-120C AMRAAM,long-range air-to-air missile,Missiles,2017,30,2024,0.6,0.6,18.0
12377,Qatar,AAQ-33 Sniper ATP,aircraft electro-optical system,Sensors,2018,20,2019,1.0,1.0,20.0
12378,Qatar,AAQ-33 Sniper ATP,aircraft electro-optical system,Sensors,2018,4,2020,1.0,1.0,4.0
12379,Qatar,AAQ-33 Sniper ATP,aircraft electro-optical system,Sensors,2018,12,2021,1.0,1.0,12.0
12380,Qatar,C-17,heavy transport aircraft,Aircraft,2008,2,2009,140.0,140.0,280.0
12381,Qatar,C-17,heavy transport aircraft,Aircraft,2010,2,2012,140.0,140.0,280.0
12382,Qatar,RIM-116C RAM-2B,SAM,Missiles,2018,60,2022,0.25,0.25,15.0
12383,Qatar,RIM-116C RAM-2B,SAM,Missiles,2018,35,2023,0.25,0.25,8.75
12384,Qatar,RIM-116C RAM-2B,SAM,Missiles,2018,30,2021,0.25,0.25,7.5
12385,Qatar,vehicle engine 201-300,vehicle engine,Engines,1996,12,1999,0.03,0.03,0.36
12386,Qatar,vehicle engine 201-300,vehicle engine,Engines,1996,26,1998,0.03,0.03,0.78
12387,Qatar,vehicle engine 201-300,vehicle engine,Engines,1996,2,1997,0.03,0.03,0.06
12388,Qatar,Tiger Eyes,aircraft electro-optical system,Sensors,2017,12,2022,3.0,3.0,36.0
12389,Qatar,Tiger Eyes,aircraft electro-optical system,Sensors,2017,14,2023,3.0,3.0,42.0
12390,Qatar,Tiger Eyes,aircraft electro-optical system,Sensors,2017,14,2021,3.0,3.0,42.0
12391,Qatar,F-15 Advanced Eagle,FGA aircraft,Aircraft,2017,10,2023,75.0,75.0,750.0
12392,Qatar,F-15 Advanced Eagle,FGA aircraft,Aircraft,2017,12,2022,75.0,75.0,900.0
12393,Qatar,F-15 Advanced Eagle,FGA aircraft,Aircraft,2017,14,2021,75.0,75.0,1050.0
12394,Qatar,F-124 (2850),turbofan,Engines,2021,6,2022,1.0,1.0,6.0
12395,Qatar,vehicle engine 301-400,vehicle engine,Engines,2020,18,2022,0.05,0.05,0.9
12396,Qatar,vehicle engine 301-400,vehicle engine,Engines,2020,32,2021,0.05,0.05,1.6
12397,Qatar,DB-110,aircraft reconnaissance system,Sensors,2018,1,2022,4.0,4.0,4.0
12398,Qatar,DB-110,aircraft reconnaissance system,Sensors,2018,1,2021,4.0,4.0,4.0
12399,Qatar,DB-110,aircraft reconnaissance system,Sensors,2018,1,2023,4.0,4.0,4.0
12400,Qatar,DB-110,aircraft reconnaissance system,Sensors,2018,1,2024,4.0,4.0,4.0
12401,Qatar,AGM-154 JSOW,guided glide bomb,Missiles,2017,20,2021,0.4,0.4,8.0
12402,Qatar,AGM-154 JSOW,guided glide bomb,Missiles,2017,180,2022,0.4,0.4,72.0
12403,Qatar,AGM-114 Hellfire-2,anti-tank/air-to-surface missile,Missiles,2014,288,2019,0.05,0.05,14.4
12404,Qatar,AGM-114 Hellfire-2,anti-tank/air-to-surface missile,Missiles,2014,288,2020,0.05,0.05,14.4
12405,Qatar,C-130J Hercules,transport aircraft,Aircraft,2008,4,2011,40.0,40.0,160.0
12406,Qatar,AMRAAM-ER,SAM,Missiles,2019,50,2024,0.6,0.6,30.0
12407,Qatar,AGM-88 HARM,anti-radar missile,Missiles,2020,100,2023,0.25,0.17,16.5
12408,Qatar,vehicle engine 301-400,vehicle engine,Engines,2018,35,2019,0.05,0.05,1.75
12409,Qatar,FGM-148 Javelin,anti-tank missile,Missiles,2014,250,2016,0.03,0.03,7.5
12410,Qatar,FGM-148 Javelin,anti-tank missile,Missiles,2014,250,2017,0.03,0.03,7.5
12412,Romania,TPS-77,air-search radar,Sensors,2016,1,2017,11.0,11.0,11.0
12413,Romania,TPS-77,air-search radar,Sensors,2016,1,2018,11.0,11.0,11.0
12414,Romania,Patriot-3 SAMS,SAM system,Air-defence systems,2017,2,2023,55.0,55.0,110.0
12415,Romania,Patriot-3 SAMS,SAM system,Air-defence systems,2017,1,2022,55.0,55.0,55.0
12416,Romania,Patriot-3 SAMS,SAM system,Air-defence systems,2017,1,2020,55.0,55.0,55.0
12417,Romania,aircraft engine 4501-6000,aircraft engine,Engines,2006,4,2011,1.5,1.5,6.0
12418,Romania,aircraft engine 4501-6000,aircraft engine,Engines,2006,2,2012,1.5,1.5,3.0
12419,Romania,aircraft engine 4501-6000,aircraft engine,Engines,2006,4,2010,1.5,1.5,6.0
12420,Romania,aircraft engine 4501-6000,aircraft engine,Engines,2006,2,2013,1.5,1.5,3.0
12421,Romania,aircraft engine 4501-6000,aircraft engine,Engines,2006,2,2015,1.5,1.5,3.0
12422,Romania,L-ATV,armoured personnel carrier,Armoured vehicles,2022,34,2023,0.18,0.18,6.12
12423,Romania,Shadow-600,UAV,Aircraft,1997,30,2000,0.1,0.1,3.0
12424,Romania,Shadow-600,UAV,Aircraft,1997,30,1999,0.1,0.1,3.0
12425,Romania,JDAM,guided bomb,Missiles,2017,180,2019,0.02,0.02,3.6
12426,Romania,AAQ-33 Sniper ATP,aircraft electro-optical system,Sensors,2014,5,2016,1.0,1.0,5.0
12427,Romania,vehicle engine 201-300,vehicle engine,Engines,2016,12,2018,0.03,0.03,0.36
12428,Romania,aircraft engine 3001-4500,aircraft engine,Engines,2017,16,2018,1.1,0.44,7.04
12429,Romania,HMMWV-UA,armoured personnel carrier,Armoured vehicles,2006,8,2006,0.13,0.13,1.04
12430,Romania,HMMWV-UA,armoured personnel carrier,Armoured vehicles,2006,14,2007,0.13,0.13,1.82
12431,Romania,AIM-120C AMRAAM,long-range air-to-air missile,Missiles,2013,14,2021,0.6,0.6,8.4
12432,Romania,AIM-120C AMRAAM,long-range air-to-air missile,Missiles,2013,16,2019,0.6,0.6,9.6
12433,Romania,ATACMS-1A,surface-to-surface missile,Missiles,2018,25,2022,2.0,2.0,50.0
12434,Romania,ATACMS-1A,surface-to-surface missile,Missiles,2018,29,2021,2.0,2.0,58.0
12435,Romania,MaxxPro,armoured personnel carrier,Armoured vehicles,2010,60,2010,0.32,0.32,19.2
12436,Romania,GMLRS,guided rocket,Missiles,2018,384,2024,0.08,0.08,30.72
12437,Romania,GMLRS,guided rocket,Missiles,2018,54,2023,0.08,0.08,4.32
12438,Romania,GMLRS,guided rocket,Missiles,2018,96,2022,0.08,0.08,7.68
12439,Romania,TPS-79 MMSR,air-search radar,Sensors,2008,6,2011,6.0,6.0,36.0
12440,Romania,TPS-79 MMSR,air-search radar,Sensors,2008,6,2010,6.0,6.0,36.0
12441,Romania,TPS-79 MMSR,air-search radar,Sensors,2008,5,2009,6.0,6.0,30.0
12442,Romania,vehicle engine 201-300,vehicle engine,Engines,2006,10,2008,0.03,0.03,0.3
12443,Romania,vehicle engine 201-300,vehicle engine,Engines,2006,7,2010,0.03,0.03,0.21
12444,Romania,vehicle engine 201-300,vehicle engine,Engines,2006,7,2012,0.03,0.03,0.21
12445,Romania,vehicle engine 201-300,vehicle engine,Engines,2006,7,2015,0.03,0.03,0.21
12446,Romania,MIM-104 PAC-3 MSE,ABM missile,Missiles,2017,20,2020,1.5,1.5,30.0
12447,Romania,MIM-104 PAC-3 MSE,ABM missile,Missiles,2017,30,2022,1.5,1.5,45.0
12448,Romania,MIM-104 PAC-3 MSE,ABM missile,Missiles,2017,60,2023,1.5,1.5,90.0
12449,Romania,AIM-9X,long-range air-to-air missile,Missiles,2015,12,2017,0.18,0.18,2.16
12450,Romania,AIM-9X,long-range air-to-air missile,Missiles,2015,10,2018,0.18,0.18,1.8
12451,Romania,C-130B Hercules,transport aircraft,Aircraft,1995,2,1996,23.0,9.2,18.4
12452,Romania,C-130B Hercules,transport aircraft,Aircraft,1995,2,1997,23.0,9.2,18.4
12453,Romania,TPS-77,air-search radar,Sensors,1995,4,1998,11.0,11.0,44.0
12454,Romania,TPS-77,air-search radar,Sensors,1995,1,1999,11.0,11.0,11.0
12455,Romania,C-130H Hercules,transport aircraft,Aircraft,2004,1,2007,28.0,18.48,18.48
12456,Romania,Shadow-600,UAV,Aircraft,2000,5,2001,0.1,0.1,0.5
12457,Romania,TPS-79 MMSR,air-search radar,Sensors,2002,2,2005,6.0,6.0,12.0
12458,Romania,HIMARS,multiple rocket launcher,Artillery,2018,18,2024,1.1,1.1,19.8
12459,Romania,HIMARS,multiple rocket launcher,Artillery,2018,18,2021,1.1,1.1,19.8
12460,Romania,HIMARS,multiple rocket launcher,Artillery,2018,18,2023,1.1,1.1,19.8
12461,Romania,C-130H Hercules,transport aircraft,Aircraft,2019,1,2021,28.0,11.2,11.2
12462,Romania,vehicle engine 301-400,vehicle engine,Engines,1997,20,2008,0.05,0.05,1.0
12463,Romania,vehicle engine 301-400,vehicle engine,Engines,1997,20,2006,0.05,0.05,1.0
12464,Romania,vehicle engine 301-400,vehicle engine,Engines,1997,20,2007,0.05,0.05,1.0
12465,Romania,vehicle engine 301-400,vehicle engine,Engines,1997,19,2009,0.05,0.05,0.95
12466,Romania,vehicle engine 301-400,vehicle engine,Engines,1997,20,2005,0.05,0.05,1.0
12467,Romania,MIM-104 PAC-2,SAM,Missiles,2017,10,2020,1.0,1.0,10.0
12468,Romania,MIM-104 PAC-2,SAM,Missiles,2017,10,2022,1.0,1.0,10.0
12469,Romania,MIM-104 PAC-2,SAM,Missiles,2017,20,2023,1.0,1.0,20.0
12470,Romania,C-130H Hercules,transport aircraft,Aircraft,2022,2,2023,28.0,11.2,22.4
12471,Romania,MPQ-64 Sentinel,air-search radar,Sensors,2005,2,2007,5.0,5.0,10.0
12472,Romania,MPQ-64 Sentinel,air-search radar,Sensors,2005,2,2008,5.0,5.0,10.0
12473,Romania,Cougar MRAP,armoured personnel carrier,Armoured vehicles,2014,2,2014,0.35,0.14,0.28
12474,Russia,vehicle engine 301-400,vehicle engine,Engines,2018,25,2022,0.05,0.05,1.25
12475,Russia,vehicle engine 301-400,vehicle engine,Engines,2018,25,2021,0.05,0.05,1.25
12476,Russia,vehicle engine 301-400,vehicle engine,Engines,2018,10,2020,0.05,0.05,0.5
12477,Rwanda,Cessna-208 Caravan,light transport aircraft,Aircraft,2020,2,2021,1.0,1.0,2.0
12481,Saudi Arabia,vehicle engine 601-800,vehicle engine,Engines,2014,223,2019,0.11,0.11,24.53
12482,Saudi Arabia,vehicle engine 601-800,vehicle engine,Engines,2014,20,2023,0.11,0.11,2.2
12483,Saudi Arabia,vehicle engine 601-800,vehicle engine,Engines,2014,20,2022,0.11,0.11,2.2
12484,Saudi Arabia,vehicle engine 601-800,vehicle engine,Engines,2014,130,2021,0.11,0.11,14.3
12485,Saudi Arabia,vehicle engine 601-800,vehicle engine,Engines,2014,98,2018,0.11,0.11,10.78
12486,Saudi Arabia,vehicle engine 601-800,vehicle engine,Engines,2014,214,2020,0.11,0.11,23.54
12487,Saudi Arabia,AGM-88 HARM,anti-radar missile,Missiles,2011,100,2018,0.25,0.25,25.0
12488,Saudi Arabia,AGM-88 HARM,anti-radar missile,Missiles,2011,100,2019,0.25,0.25,25.0
12489,Saudi Arabia,AGM-88 HARM,anti-radar missile,Missiles,2011,100,2020,0.25,0.25,25.0
12490,Saudi Arabia,AGM-88 HARM,anti-radar missile,Missiles,2011,100,2021,0.25,0.25,25.0
12491,Saudi Arabia,AGM-88 HARM,anti-radar missile,Missiles,2011,100,2022,0.25,0.25,25.0
12492,Saudi Arabia,AGM-88 HARM,anti-radar missile,Missiles,2011,100,2023,0.25,0.25,25.0
12493,Saudi Arabia,RE-3,signals intelligence aircraft,Aircraft,2004,1,2007,110.0,110.0,110.0
12494,Saudi Arabia,MH-60R -,anti-submarine helicopter,Aircraft,2015,5,2020,16.5,16.5,82.5
12495,Saudi Arabia,MH-60R -,anti-submarine helicopter,Aircraft,2015,2,2018,16.5,16.5,33.0
12496,Saudi Arabia,MH-60R -,anti-submarine helicopter,Aircraft,2015,3,2019,16.5,16.5,49.5
12501,Saudi Arabia,S-70A Black Hawk,transport helicopter,Aircraft,1990,4,1991,6.5,6.5,26.0
12502,Saudi Arabia,S-70A Black Hawk,transport helicopter,Aircraft,1990,4,1992,6.5,6.5,26.0
12504,Saudi Arabia,M-113,armoured personnel carrier,Armoured vehicles,1990,72,1993,0.25,0.25,18.0
12505,Saudi Arabia,M-113,armoured personnel carrier,Armoured vehicles,1990,97,1991,0.25,0.25,24.25
12506,Saudi Arabia,M-113,armoured personnel carrier,Armoured vehicles,1990,47,1992,0.25,0.25,11.75
12507,Saudi Arabia,vehicle engine 401-600,vehicle engine,Engines,2022,20,2024,0.08,0.08,1.6
12508,Saudi Arabia,M-1A2S Abrams,tank,Armoured vehicles,2016,110,2022,5.0,5.0,550.0
12509,Saudi Arabia,M-1A2S Abrams,tank,Armoured vehicles,2016,20,2020,5.0,5.0,100.0
12510,Saudi Arabia,M-1A2S Abrams,tank,Armoured vehicles,2016,23,2021,5.0,5.0,115.0
12511,Saudi Arabia,M-1A2S Abrams,tank,Armoured vehicles,2008,15,2012,5.0,5.0,75.0
12512,Saudi Arabia,M-1A2S Abrams,tank,Armoured vehicles,2008,44,2014,5.0,5.0,220.0
12514,Saudi Arabia,M-88 AV,armoured recovery vehicle,Armoured vehicles,1989,17,1990,1.5,1.5,25.5
12515,Saudi Arabia,M-88 AV,armoured recovery vehicle,Armoured vehicles,1990,12,1992,1.5,1.5,18.0
12518,Saudi Arabia,M-88 AV,armoured recovery vehicle,Armoured vehicles,1992,8,1993,1.5,1.5,12.0
12519,Saudi Arabia,M-88 AV,armoured recovery vehicle,Armoured vehicles,1992,7,1994,1.5,1.5,10.5
12524,Saudi Arabia,TOW,anti-tank missile,Missiles,1984,738,1990,0.01,0.01,7.38
12538,Saudi Arabia,M-1A2S Abrams,tank,Armoured vehicles,2009,30,2012,5.0,5.0,150.0
12539,Saudi Arabia,M-1A2S Abrams,tank,Armoured vehicles,2009,60,2013,5.0,5.0,300.0
12540,Saudi Arabia,M-1A2S Abrams,tank,Armoured vehicles,2009,70,2015,5.0,5.0,350.0
12541,Saudi Arabia,M-1A2S Abrams,tank,Armoured vehicles,2009,70,2014,5.0,5.0,350.0
12542,Saudi Arabia,M-1A2S Abrams,tank,Armoured vehicles,2009,70,2016,5.0,5.0,350.0
12543,Saudi Arabia,M-1A2S Abrams,tank,Armoured vehicles,2009,14,2017,5.0,5.0,70.0
12544,Saudi Arabia,F-15E Strike Eagle,FGA aircraft,Aircraft,1992,4,1995,70.0,70.0,280.0
12545,Saudi Arabia,F-15E Strike Eagle,FGA aircraft,Aircraft,1992,11,1996,70.0,70.0,770.0
12546,Saudi Arabia,F-15E Strike Eagle,FGA aircraft,Aircraft,1992,16,1997,70.0,70.0,1120.0
12547,Saudi Arabia,F-15E Strike Eagle,FGA aircraft,Aircraft,1992,25,1998,70.0,70.0,1750.0
12548,Saudi Arabia,F-15E Strike Eagle,FGA aircraft,Aircraft,1992,16,1999,70.0,70.0,1120.0
12549,Saudi Arabia,aircraft engine 1001-2000,aircraft engine,Engines,1990,6,1993,0.5,0.5,3.0
12550,Saudi Arabia,AGM-114 Hellfire,anti-tank missile,Missiles,1990,155,1993,0.04,0.04,6.2
12551,Saudi Arabia,TOW,anti-tank missile,Missiles,1990,750,1993,0.01,0.01,7.5
12552,Saudi Arabia,TOW,anti-tank missile,Missiles,1990,1000,1994,0.01,0.01,10.0
12557,Saudi Arabia,GBU-39 SDB,guided glide bomb,Missiles,2013,200,2017,0.02,0.02,4.0
12558,Saudi Arabia,GBU-39 SDB,guided glide bomb,Missiles,2013,200,2018,0.02,0.02,4.0
12559,Saudi Arabia,GBU-39 SDB,guided glide bomb,Missiles,2013,200,2019,0.02,0.02,4.0
12560,Saudi Arabia,GBU-39 SDB,guided glide bomb,Missiles,2013,200,2020,0.02,0.02,4.0
12561,Saudi Arabia,GBU-39 SDB,guided glide bomb,Missiles,2013,200,2021,0.02,0.02,4.0
12562,Saudi Arabia,Stinger,portable SAM,Missiles,1990,200,1990,0.08,0.08,16.0
12567,Saudi Arabia,AGM-114 Hellfire,anti-tank missile,Missiles,1993,362,1993,0.04,0.04,14.48
12568,Saudi Arabia,vehicle engine 201-300,vehicle engine,Engines,2008,125,2009,0.03,0.03,3.75
12569,Saudi Arabia,vehicle engine 201-300,vehicle engine,Engines,2008,100,2008,0.03,0.03,3.0
12570,Saudi Arabia,vehicle engine 201-300,vehicle engine,Engines,2008,125,2010,0.03,0.03,3.75
12571,Saudi Arabia,AGM-114 Hellfire-2,anti-tank/air-to-surface missile,Missiles,2011,1000,2013,0.05,0.05,50.0
12572,Saudi Arabia,AGM-114 Hellfire-2,anti-tank/air-to-surface missile,Missiles,2011,1592,2014,0.05,0.05,79.6
12573,Saudi Arabia,AGM-114 Hellfire-2,anti-tank/air-to-surface missile,Missiles,2014,1088,2015,0.05,0.05,54.4
12574,Saudi Arabia,AGM-114 Hellfire-2,anti-tank/air-to-surface missile,Missiles,2014,1088,2016,0.05,0.05,54.4
12576,Saudi Arabia,Patriot-3 SAMS,SAM system,Air-defence systems,2015,1,2017,55.0,55.0,55.0
12577,Saudi Arabia,Patriot-3 SAMS,SAM system,Air-defence systems,2015,1,2018,55.0,55.0,55.0
12578,Saudi Arabia,Patriot-3 SAMS,SAM system,Air-defence systems,2015,1,2019,55.0,55.0,55.0
12579,Saudi Arabia,AH-64E Apache,combat helicopter,Aircraft,2012,12,2015,15.0,15.0,180.0
12580,Saudi Arabia,AH-64E Apache,combat helicopter,Aircraft,2009,8,2014,15.0,15.0,120.0
12581,Saudi Arabia,AH-64E Apache,combat helicopter,Aircraft,2009,4,2015,15.0,15.0,60.0
12582,Saudi Arabia,M-113A3,armoured personnel carrier,Armoured vehicles,1997,130,2003,0.3,0.3,39.0
12583,Saudi Arabia,M-113A3,armoured personnel carrier,Armoured vehicles,1997,131,2004,0.3,0.3,39.3
12584,Saudi Arabia,M-113A3,armoured personnel carrier,Armoured vehicles,1997,131,2005,0.3,0.3,39.3
12585,Saudi Arabia,M-113A3,armoured personnel carrier,Armoured vehicles,1997,131,2006,0.3,0.3,39.3
12586,Saudi Arabia,Paveway,guided bomb,Missiles,2011,500,2013,0.02,0.02,10.0
12587,Saudi Arabia,Paveway,guided bomb,Missiles,2011,1000,2014,0.02,0.02,20.0
12588,Saudi Arabia,Paveway,guided bomb,Missiles,2011,1000,2015,0.02,0.02,20.0
12589,Saudi Arabia,Paveway,guided bomb,Missiles,2011,600,2016,0.02,0.02,12.0
12590,Saudi Arabia,vehicle engine 201-300,vehicle engine,Engines,1990,22,2001,0.03,0.03,0.66
12591,Saudi Arabia,vehicle engine 201-300,vehicle engine,Engines,1990,89,1999,0.03,0.03,2.67
12592,Saudi Arabia,vehicle engine 201-300,vehicle engine,Engines,1990,96,1998,0.03,0.03,2.88
12593,Saudi Arabia,vehicle engine 201-300,vehicle engine,Engines,1990,100,1997,0.03,0.03,3.0
12594,Saudi Arabia,vehicle engine 201-300,vehicle engine,Engines,1990,194,1996,0.03,0.03,5.82
12595,Saudi Arabia,vehicle engine 201-300,vehicle engine,Engines,1990,214,1995,0.03,0.03,6.42
12596,Saudi Arabia,vehicle engine 201-300,vehicle engine,Engines,1990,219,1994,0.03,0.03,6.57
12597,Saudi Arabia,vehicle engine 201-300,vehicle engine,Engines,1990,334,1993,0.03,0.03,10.02
12598,Saudi Arabia,vehicle engine 201-300,vehicle engine,Engines,1990,291,1992,0.03,0.03,8.73
12599,Saudi Arabia,vehicle engine 201-300,vehicle engine,Engines,1990,6,1991,0.03,0.03,0.18
12600,Saudi Arabia,vehicle engine 201-300,vehicle engine,Engines,1990,75,2000,0.03,0.03,2.25
12601,Saudi Arabia,vehicle engine 201-300,vehicle engine,Engines,1990,20,2002,0.03,0.03,0.6
12602,Saudi Arabia,vehicle engine 201-300,vehicle engine,Engines,1990,21,2003,0.03,0.03,0.63
12603,Saudi Arabia,vehicle engine 201-300,vehicle engine,Engines,1990,67,2004,0.03,0.03,2.01
12604,Saudi Arabia,MIM-104 PAC-3,ABM missile,Missiles,2015,80,2019,0.8,0.8,64.0
12605,Saudi Arabia,MIM-104 PAC-3,ABM missile,Missiles,2015,80,2018,0.8,0.8,64.0
12606,Saudi Arabia,MIM-104 PAC-3,ABM missile,Missiles,2015,80,2017,0.8,0.8,64.0
12607,Saudi Arabia,MIM-104 PAC-3,ABM missile,Missiles,2015,80,2020,0.8,0.8,64.0
12608,Saudi Arabia,Schweizer-330,light helicopter,Aircraft,2009,9,2009,0.45,0.45,4.05
12612,Saudi Arabia,M-113,armoured personnel carrier,Armoured vehicles,1994,56,1997,0.25,0.1,5.6
12613,Saudi Arabia,M-113,armoured personnel carrier,Armoured vehicles,1994,103,1996,0.25,0.1,10.3
12614,Saudi Arabia,vehicle engine 201-300,vehicle engine,Engines,2010,125,2012,0.03,0.03,3.75
12615,Saudi Arabia,vehicle engine 201-300,vehicle engine,Engines,2010,125,2011,0.03,0.03,3.75
12616,Saudi Arabia,vehicle engine 201-300,vehicle engine,Engines,2010,12,2010,0.03,0.03,0.36
12617,Saudi Arabia,vehicle engine 201-300,vehicle engine,Engines,2010,50,2013,0.03,0.03,1.5
12618,Saudi Arabia,vehicle engine 201-300,vehicle engine,Engines,2004,32,2006,0.03,0.03,0.96
12619,Saudi Arabia,vehicle engine 201-300,vehicle engine,Engines,2004,32,2005,0.03,0.03,0.96
12620,Saudi Arabia,vehicle engine 201-300,vehicle engine,Engines,2005,64,2007,0.03,0.03,1.92
12621,Saudi Arabia,DB-110,aircraft reconnaissance system,Sensors,2012,4,2014,4.0,4.0,16.0
12622,Saudi Arabia,DB-110,aircraft reconnaissance system,Sensors,2012,4,2015,4.0,4.0,16.0
12623,Saudi Arabia,DB-110,aircraft reconnaissance system,Sensors,2012,2,2016,4.0,4.0,8.0
12625,Saudi Arabia,AH-64D Apache Longbow,combat helicopter,Aircraft,2008,12,2011,15.5,15.5,186.0
12626,Saudi Arabia,APG-78 Longbow,combat helicopter radar,Sensors,2010,5,2014,3.0,3.0,15.0
12627,Saudi Arabia,APG-78 Longbow,combat helicopter radar,Sensors,2010,20,2015,3.0,3.0,60.0
12628,Saudi Arabia,APG-78 Longbow,combat helicopter radar,Sensors,2010,12,2016,3.0,3.0,36.0
12632,Saudi Arabia,S-70L Black Hawk,transport helicopter,Aircraft,2010,6,2012,7.25,7.25,43.5
12633,Saudi Arabia,S-70L Black Hawk,transport helicopter,Aircraft,2010,7,2013,7.25,7.25,50.75
12634,Saudi Arabia,AIM-9M,short-range air-to-air missile,Missiles,2005,75,2007,0.12,0.12,9.0
12635,Saudi Arabia,TPS-70,air-search radar,Sensors,1989,3,1990,11.0,11.0,33.0
12636,Saudi Arabia,TPS-70,air-search radar,Sensors,1989,3,1991,11.0,11.0,33.0
12637,Saudi Arabia,AIM-120C AMRAAM,long-range air-to-air missile,Missiles,2006,14,2008,0.6,0.6,8.4
12638,Saudi Arabia,F-110 (13500),turbofan,Engines,2007,13,2009,3.25,3.25,42.25
12639,Saudi Arabia,F-110 (13500),turbofan,Engines,2007,52,2008,3.25,3.25,169.0
12640,Saudi Arabia,Harpoon Block-2,anti-ship/land-attack missile,Missiles,2012,100,2017,1.0,1.0,100.0
12641,Saudi Arabia,Harpoon Block-2,anti-ship/land-attack missile,Missiles,2012,100,2018,1.0,1.0,100.0
12642,Saudi Arabia,Harpoon Block-2,anti-ship/land-attack missile,Missiles,2012,80,2020,1.0,1.0,80.0
12643,Saudi Arabia,Harpoon Block-2,anti-ship/land-attack missile,Missiles,2012,100,2019,1.0,1.0,100.0
12644,Saudi Arabia,Harpoon Block-2,anti-ship/land-attack missile,Missiles,2012,20,2016,1.0,1.0,20.0
12645,Saudi Arabia,S-92,transport helicopter,Aircraft,2007,5,2008,10.0,10.0,50.0
12646,Saudi Arabia,S-92,transport helicopter,Aircraft,2007,6,2009,10.0,10.0,60.0
12647,Saudi Arabia,S-92,transport helicopter,Aircraft,2007,5,2010,10.0,10.0,50.0
12648,Saudi Arabia,S-70L Black Hawk,transport helicopter,Aircraft,2010,3,2011,7.25,7.25,21.75
12653,Saudi Arabia,Schweizer-330,light helicopter,Aircraft,2009,19,2010,0.45,0.45,8.55
12654,Saudi Arabia,Citation-2,light transport aircraft,Aircraft,2005,2,2005,3.0,3.0,6.0
12655,Saudi Arabia,Citation-2,light transport aircraft,Aircraft,2005,2,2006,3.0,3.0,6.0
12656,Saudi Arabia,JDAM,guided bomb,Missiles,2012,600,2016,0.02,0.02,12.0
12657,Saudi Arabia,JDAM,guided bomb,Missiles,2016,2645,2018,0.02,0.02,52.9
12658,Saudi Arabia,AIM-9X,long-range air-to-air missile,Missiles,2011,10,2012,0.18,0.18,1.8
12659,Saudi Arabia,AIM-9X,long-range air-to-air missile,Missiles,2011,50,2014,0.18,0.18,9.0
12660,Saudi Arabia,AIM-9X,long-range air-to-air missile,Missiles,2011,10,2013,0.18,0.18,1.8
12661,Saudi Arabia,AIM-9X,long-range air-to-air missile,Missiles,2011,50,2015,0.18,0.18,9.0
12662,Saudi Arabia,AIM-9X,long-range air-to-air missile,Missiles,2011,50,2016,0.18,0.18,9.0
12663,Saudi Arabia,AIM-9X,long-range air-to-air missile,Missiles,2011,50,2017,0.18,0.18,9.0
12664,Saudi Arabia,AIM-9X,long-range air-to-air missile,Missiles,2011,50,2018,0.18,0.18,9.0
12665,Saudi Arabia,AIM-9X,long-range air-to-air missile,Missiles,2011,30,2019,0.18,0.18,5.4
12666,Saudi Arabia,Paveway,guided bomb,Missiles,2019,500,2020,0.02,0.02,10.0
12667,Saudi Arabia,CBU-97,guided bomb,Missiles,2013,650,2015,0.15,0.15,97.5
12668,Saudi Arabia,CBU-97,guided bomb,Missiles,2013,650,2014,0.15,0.15,97.5
12669,Saudi Arabia,TOW-2B,anti-tank missile,Missiles,2014,1200,2015,0.02,0.02,24.0
12670,Saudi Arabia,TOW-2B,anti-tank missile,Missiles,2014,1200,2016,0.02,0.02,24.0
12671,Saudi Arabia,TOW-2B,anti-tank missile,Missiles,2014,1300,2017,0.02,0.02,26.0
12672,Saudi Arabia,TOW-2B,anti-tank missile,Missiles,2014,1241,2018,0.02,0.02,24.82
12673,Saudi Arabia,TOW,anti-tank missile,Missiles,2014,1000,2015,0.01,0.01,10.0
12674,Saudi Arabia,TOW,anti-tank missile,Missiles,2014,2650,2016,0.01,0.01,26.5
12675,Saudi Arabia,TOW,anti-tank missile,Missiles,2014,3597,2017,0.01,0.01,35.97
12676,Saudi Arabia,TOW,anti-tank missile,Missiles,2014,3500,2018,0.01,0.01,35.0
12677,Saudi Arabia,M-88A2,armoured recovery vehicle,Armoured vehicles,2016,10,2019,2.0,2.0,20.0
12678,Saudi Arabia,M-88A2,armoured recovery vehicle,Armoured vehicles,2016,10,2020,2.0,2.0,20.0
12679,Saudi Arabia,MIM-104 PAC-3,ABM missile,Missiles,2018,20,2023,0.8,0.8,16.0
12680,Saudi Arabia,MIM-104 PAC-3,ABM missile,Missiles,2017,130,2020,0.8,0.8,104.0
12681,Saudi Arabia,MIM-104 PAC-3,ABM missile,Missiles,2018,100,2022,0.8,0.8,80.0
12682,Saudi Arabia,MIM-104 PAC-3,ABM missile,Missiles,2018,30,2023,0.8,0.8,24.0
12702,Saudi Arabia,Paveway,guided bomb,Missiles,2015,2700,2016,0.02,0.02,54.0
12703,Saudi Arabia,Paveway,guided bomb,Missiles,2015,5420,2017,0.02,0.02,108.4
12704,Saudi Arabia,AGM-84H SLAM-ER,air-to-surface missile,Missiles,2018,85,2024,1.25,1.25,106.25
12705,Saudi Arabia,AGM-84H SLAM-ER,air-to-surface missile,Missiles,2018,85,2023,1.25,1.25,106.25
12706,Saudi Arabia,AGM-84H SLAM-ER,air-to-surface missile,Missiles,2018,85,2022,1.25,1.25,106.25
12707,Saudi Arabia,AGM-84H SLAM-ER,air-to-surface missile,Missiles,2018,50,2021,1.25,1.25,62.5
12708,Saudi Arabia,F-15 Advanced Eagle -,FGA aircraft,Aircraft,2011,2,2016,69.0,69.0,138.0
12709,Saudi Arabia,F-15 Advanced Eagle -,FGA aircraft,Aircraft,2011,5,2020,69.0,69.0,345.0
12710,Saudi Arabia,F-15 Advanced Eagle -,FGA aircraft,Aircraft,2011,9,2021,69.0,69.0,621.0
12711,Saudi Arabia,F-15 Advanced Eagle -,FGA aircraft,Aircraft,2011,9,2022,69.0,69.0,621.0
12712,Saudi Arabia,F-15 Advanced Eagle -,FGA aircraft,Aircraft,2011,9,2023,69.0,69.0,621.0
12713,Saudi Arabia,F-15 Advanced Eagle -,FGA aircraft,Aircraft,2011,9,2024,69.0,69.0,621.0
12714,Saudi Arabia,S-70L Black Hawk,transport helicopter,Aircraft,2017,11,2022,7.25,7.25,79.75
12715,Saudi Arabia,S-70L Black Hawk,transport helicopter,Aircraft,2017,12,2020,7.25,7.25,87.0
12716,Saudi Arabia,S-70L Black Hawk,transport helicopter,Aircraft,2017,12,2021,7.25,7.25,87.0
12717,Saudi Arabia,S-70L Black Hawk,transport helicopter,Aircraft,2017,10,2023,7.25,7.25,72.5
12718,Saudi Arabia,S-70L Black Hawk,transport helicopter,Aircraft,2017,12,2019,7.25,7.25,87.0
12725,Saudi Arabia,vehicle engine 301-400,vehicle engine,Engines,2014,27,2017,0.05,0.05,1.35
12726,Saudi Arabia,vehicle engine 301-400,vehicle engine,Engines,2014,9,2016,0.05,0.05,0.45
12727,Saudi Arabia,vehicle engine 301-400,vehicle engine,Engines,2014,24,2015,0.05,0.05,1.2
12728,Saudi Arabia,M-ATV,armoured personnel carrier,Armoured vehicles,2013,195,2014,0.25,0.25,48.75
12729,Saudi Arabia,M-ATV,armoured personnel carrier,Armoured vehicles,2013,200,2015,0.25,0.25,50.0
12730,Saudi Arabia,M-ATV,armoured personnel carrier,Armoured vehicles,2013,139,2016,0.25,0.25,34.75
12732,Saudi Arabia,F-15C Eagle,FGA aircraft,Aircraft,1990,24,1990,47.5,19.0,456.0
12733,Saudi Arabia,AH-6S,combat helicopter,Aircraft,2014,9,2017,4.0,4.0,36.0
12734,Saudi Arabia,AH-6S,combat helicopter,Aircraft,2014,12,2018,4.0,4.0,48.0
12735,Saudi Arabia,AH-6S,combat helicopter,Aircraft,2014,3,2016,4.0,4.0,12.0
12736,Saudi Arabia,Patriot-3 SAMS,SAM system,Air-defence systems,2011,4,2014,55.0,55.0,220.0
12737,Saudi Arabia,Patriot-3 SAMS,SAM system,Air-defence systems,2011,6,2015,55.0,55.0,330.0
12738,Saudi Arabia,Patriot-3 SAMS,SAM system,Air-defence systems,2011,6,2016,55.0,55.0,330.0
12739,Saudi Arabia,Patriot-3 SAMS,SAM system,Air-defence systems,2011,5,2017,55.0,55.0,275.0
12740,Saudi Arabia,M-60A3,tank,Armoured vehicles,2000,27,2001,2.1,0.84,22.68
12741,Saudi Arabia,M-ATV,armoured personnel carrier,Armoured vehicles,2015,800,2016,0.25,0.25,200.0
12742,Saudi Arabia,M-ATV,armoured personnel carrier,Armoured vehicles,2015,525,2017,0.25,0.25,131.25
12747,Saudi Arabia,AAQ-33 Sniper ATP,aircraft electro-optical system,Sensors,2009,14,2010,1.0,1.0,14.0
12748,Saudi Arabia,JDAM,guided bomb,Missiles,2008,300,2010,0.02,0.02,6.0
12749,Saudi Arabia,JDAM,guided bomb,Missiles,2008,600,2011,0.02,0.02,12.0
12750,Saudi Arabia,F-110 (13500),turbofan,Engines,2008,39,2009,3.25,3.25,126.75
12751,Saudi Arabia,F-110 (13500),turbofan,Engines,2008,52,2010,3.25,3.25,169.0
12752,Saudi Arabia,AIM-9X,long-range air-to-air missile,Missiles,2009,150,2010,0.18,0.18,27.0
12753,Saudi Arabia,LAV-25 turret,infantry fighting vehicle turret,Other,2009,60,2013,0.6,0.6,36.0
12754,Saudi Arabia,LAV-25 turret,infantry fighting vehicle turret,Other,2009,40,2011,0.6,0.6,24.0
12755,Saudi Arabia,LAV-25 turret,infantry fighting vehicle turret,Other,2009,60,2012,0.6,0.6,36.0
12756,Saudi Arabia,LAV-25 turret,infantry fighting vehicle turret,Other,2009,60,2014,0.6,0.6,36.0
12757,Saudi Arabia,LAV-25 turret,infantry fighting vehicle turret,Other,2009,44,2015,0.6,0.6,26.4
12758,Saudi Arabia,AAQ-33 Sniper ATP,aircraft electro-optical system,Sensors,2010,11,2012,1.0,1.0,11.0
12759,Saudi Arabia,AAQ-33 Sniper ATP,aircraft electro-optical system,Sensors,2010,10,2011,1.0,1.0,10.0
12760,Saudi Arabia,F-110 (13500),turbofan,Engines,2012,10,2017,3.25,3.25,32.5
12761,Saudi Arabia,F-110 (13500),turbofan,Engines,2012,10,2018,3.25,3.25,32.5
12762,Saudi Arabia,F-110 (13500),turbofan,Engines,2012,5,2019,3.25,3.25,16.25
12763,Saudi Arabia,MD-500E,light helicopter,Aircraft,2012,12,2013,0.7,0.7,8.4
12765,Saudi Arabia,S-70L Black Hawk,transport helicopter,Aircraft,2011,2,2012,7.25,7.25,14.5
12766,Saudi Arabia,vehicle engine 201-300,vehicle engine,Engines,2006,10,2007,0.03,0.03,0.3
12767,Saudi Arabia,vehicle engine 201-300,vehicle engine,Engines,2011,150,2016,0.03,0.03,4.5
12768,Saudi Arabia,vehicle engine 201-300,vehicle engine,Engines,2011,200,2015,0.03,0.03,6.0
12769,Saudi Arabia,vehicle engine 201-300,vehicle engine,Engines,2011,150,2014,0.03,0.03,4.5
12770,Saudi Arabia,vehicle engine 201-300,vehicle engine,Engines,2011,120,2013,0.03,0.03,3.6
12771,Saudi Arabia,vehicle engine 201-300,vehicle engine,Engines,2011,50,2017,0.03,0.03,1.5
12772,Saudi Arabia,CF-6 (26000),turbofan,Engines,2008,2,2012,6.0,6.0,12.0
12773,Saudi Arabia,CF-6 (26000),turbofan,Engines,2008,2,2011,6.0,6.0,12.0
12774,Saudi Arabia,CF-6 (26000),turbofan,Engines,2008,2,2013,6.0,6.0,12.0
12775,Saudi Arabia,M-198 155mm,towed gun,Artillery,2009,18,2010,0.85,0.34,6.12
12776,Saudi Arabia,M-198 155mm,towed gun,Artillery,2009,72,2013,0.85,0.34,24.48
12777,Saudi Arabia,vehicle engine 201-300,vehicle engine,Engines,2011,155,2015,0.03,0.03,4.65
12782,Saudi Arabia,Paveway,guided bomb,Missiles,2009,50,2011,0.02,0.02,1.0
12783,Saudi Arabia,Paveway,guided bomb,Missiles,2009,50,2010,0.02,0.02,1.0
12784,Saudi Arabia,MIM-104 PAC-2,SAM,Missiles,1993,315,1998,1.0,1.0,315.0
12785,Saudi Arabia,MIM-104 PAC-2,SAM,Missiles,1993,314,1999,1.0,1.0,314.0
12786,Saudi Arabia,AH-64E Apache,combat helicopter,Aircraft,2015,12,2021,15.0,15.0,180.0
12787,Saudi Arabia,AH-64E Apache,combat helicopter,Aircraft,2015,12,2022,15.0,15.0,180.0
12788,Saudi Arabia,S-70L Black Hawk,transport helicopter,Aircraft,2012,12,2014,7.25,7.25,87.0
12789,Saudi Arabia,S-70L Black Hawk,transport helicopter,Aircraft,2012,12,2015,7.25,7.25,87.0
12790,Saudi Arabia,F-15 Advanced Eagle,FGA aircraft,Aircraft,2011,2,2016,75.0,75.0,150.0
12791,Saudi Arabia,F-15 Advanced Eagle,FGA aircraft,Aircraft,2011,26,2017,75.0,75.0,1950.0
12792,Saudi Arabia,F-15 Advanced Eagle,FGA aircraft,Aircraft,2011,24,2018,75.0,75.0,1800.0
12793,Saudi Arabia,F-15 Advanced Eagle,FGA aircraft,Aircraft,2011,22,2019,75.0,75.0,1650.0
12794,Saudi Arabia,F-15 Advanced Eagle,FGA aircraft,Aircraft,2011,10,2020,75.0,75.0,750.0
12795,Saudi Arabia,TOW,anti-tank missile,Missiles,2010,900,2011,0.01,0.01,9.0
12796,Saudi Arabia,TOW,anti-tank missile,Missiles,2010,942,2013,0.01,0.01,9.42
12797,Saudi Arabia,TOW,anti-tank missile,Missiles,2010,900,2012,0.01,0.01,9.0
12798,Saudi Arabia,AIM-120C AMRAAM,long-range air-to-air missile,Missiles,2013,95,2019,0.6,0.6,57.0
12799,Saudi Arabia,AIM-120C AMRAAM,long-range air-to-air missile,Missiles,2013,66,2017,0.6,0.6,39.6
12800,Saudi Arabia,AIM-120C AMRAAM,long-range air-to-air missile,Missiles,2013,88,2018,0.6,0.6,52.8
12801,Saudi Arabia,AIM-120C AMRAAM,long-range air-to-air missile,Missiles,2013,96,2020,0.6,0.6,57.6
12802,Saudi Arabia,AIM-120C AMRAAM,long-range air-to-air missile,Missiles,2013,115,2016,0.6,0.6,69.0
12803,Saudi Arabia,AIM-120C AMRAAM,long-range air-to-air missile,Missiles,2013,40,2015,0.6,0.6,24.0
12804,Saudi Arabia,King Air ISR,ground surveillance aircraft,Aircraft,2016,1,2019,11.0,11.0,11.0
12805,Saudi Arabia,King Air ISR,ground surveillance aircraft,Aircraft,2016,1,2020,11.0,11.0,11.0
12806,Saudi Arabia,King Air ISR,ground surveillance aircraft,Aircraft,2009,2,2011,11.0,11.0,22.0
12807,Saudi Arabia,AH-64E Apache,combat helicopter,Aircraft,2011,19,2015,15.0,15.0,285.0
12808,Saudi Arabia,AH-64E Apache,combat helicopter,Aircraft,2011,5,2016,15.0,15.0,75.0
12809,Saudi Arabia,SR-22,light aircraft,Aircraft,2013,25,2013,0.2,0.2,5.0
12810,Saudi Arabia,King Air ISR,ground surveillance aircraft,Aircraft,2012,2,2015,11.0,11.0,22.0
12811,Saudi Arabia,King Air ISR,ground surveillance aircraft,Aircraft,2012,2,2016,11.0,11.0,22.0
12812,Saudi Arabia,King Air,light transport aircraft,Aircraft,2012,6,2013,2.85,2.85,17.1
12813,Saudi Arabia,King Air,light transport aircraft,Aircraft,2012,3,2014,2.85,2.85,8.55
12814,Saudi Arabia,S-70L Black Hawk,transport helicopter,Aircraft,2011,6,2013,7.25,7.25,43.5
12815,Saudi Arabia,S-70L Black Hawk,transport helicopter,Aircraft,2011,6,2014,7.25,7.25,43.5
12816,Saudi Arabia,KC-130J Hercules,tanker/transport aircraft,Aircraft,2013,2,2016,45.0,45.0,90.0
12817,Saudi Arabia,King Air,light transport aircraft,Aircraft,2012,1,2013,2.85,1.88,1.88
12939,Saudi Arabia,TPS-43,air-search radar,Sensors,1985,1,1990,9.0,9.0,9.0
12941,Saudi Arabia,TPS-43,air-search radar,Sensors,1985,1,1991,9.0,9.0,9.0
12942,Saudi Arabia,TPS-43,air-search radar,Sensors,1985,1,1992,9.0,9.0,9.0
12943,Saudi Arabia,AIM-9J,short-range air-to-air missile,Missiles,1986,200,1990,0.09,0.09,18.0
12945,Saudi Arabia,AIM-9J,short-range air-to-air missile,Missiles,1986,271,1991,0.09,0.09,24.39
12946,Saudi Arabia,Bell-406CS,combat helicopter,Aircraft,1988,15,1990,4.0,4.0,60.0
12947,Saudi Arabia,S-70A Black Hawk,transport helicopter,Aircraft,1988,13,1990,6.5,6.5,84.5
12948,Saudi Arabia,F-15C Eagle,FGA aircraft,Aircraft,1987,2,1991,47.5,47.5,95.0
12949,Saudi Arabia,F-15C Eagle,FGA aircraft,Aircraft,1987,10,1992,47.5,47.5,475.0
12950,Saudi Arabia,TOW,anti-tank missile,Missiles,1988,1480,1992,0.01,0.01,14.8
12951,Saudi Arabia,TOW,anti-tank missile,Missiles,1988,1490,1990,0.01,0.01,14.9
12952,Saudi Arabia,TOW,anti-tank missile,Missiles,1988,1490,1991,0.01,0.01,14.9
12954,Saudi Arabia,TPS-77,air-search radar,Sensors,1985,3,1990,11.0,11.0,33.0
12955,Saudi Arabia,TPS-77,air-search radar,Sensors,1985,2,1991,11.0,11.0,22.0
12956,Saudi Arabia,TPS-77,air-search radar,Sensors,1985,2,1992,11.0,11.0,22.0
12961,Saudi Arabia,M-2 Bradley,infantry fighting vehicle,Armoured vehicles,1989,114,1990,1.6,1.6,182.4
12962,Saudi Arabia,M-2 Bradley,infantry fighting vehicle,Armoured vehicles,1989,75,1991,1.6,1.6,120.0
12963,Saudi Arabia,M-2 Bradley,infantry fighting vehicle,Armoured vehicles,1989,11,1992,1.6,1.6,17.6
12964,Saudi Arabia,LAV-25 turret,infantry fighting vehicle turret,Other,1990,64,1998,0.6,0.6,38.4
12965,Saudi Arabia,LAV-25 turret,infantry fighting vehicle turret,Other,1990,64,1997,0.6,0.6,38.4
12966,Saudi Arabia,LAV-25 turret,infantry fighting vehicle turret,Other,1990,64,1996,0.6,0.6,38.4
12967,Saudi Arabia,LAV-25 turret,infantry fighting vehicle turret,Other,1990,64,1995,0.6,0.6,38.4
12968,Saudi Arabia,LAV-25 turret,infantry fighting vehicle turret,Other,1990,64,1994,0.6,0.6,38.4
12969,Saudi Arabia,LAV-25 turret,infantry fighting vehicle turret,Other,1990,64,1999,0.6,0.6,38.4
12970,Saudi Arabia,M-2 Bradley,infantry fighting vehicle,Armoured vehicles,1990,112,1992,1.6,1.6,179.2
12971,Saudi Arabia,M-2 Bradley,infantry fighting vehicle,Armoured vehicles,1990,88,1993,1.6,1.6,140.8
12972,Saudi Arabia,AIM-9L,short-range air-to-air missile,Missiles,1990,120,1990,0.11,0.04,5.28
12973,Saudi Arabia,M-198 155mm,towed gun,Artillery,1990,13,1991,0.85,0.85,11.05
12974,Saudi Arabia,M-198 155mm,towed gun,Artillery,1990,14,1992,0.85,0.85,11.9
12975,Saudi Arabia,M-60A3,tank,Armoured vehicles,1990,84,1994,2.1,0.84,70.56
12976,Saudi Arabia,M-60A3,tank,Armoured vehicles,1990,66,1995,2.1,0.84,55.44
12977,Saudi Arabia,AIM-7F Sparrow,long-range air-to-air missile,Missiles,1990,120,1990,0.16,0.16,19.2
12978,Saudi Arabia,MIM-104 PAC-2,SAM,Missiles,1990,192,1993,1.0,1.0,192.0
12979,Saudi Arabia,MIM-104 PAC-2,SAM,Missiles,1990,192,1994,1.0,1.0,192.0
12980,Saudi Arabia,AH-64A Apache,combat helicopter,Aircraft,1990,12,1993,14.0,14.0,168.0
12981,Saudi Arabia,Patriot SAMS,SAM system,Air-defence systems,1990,4,1993,47.0,47.0,188.0
12982,Saudi Arabia,Patriot SAMS,SAM system,Air-defence systems,1990,4,1994,47.0,47.0,188.0
12983,Saudi Arabia,AIM-7M,long-range air-to-air missile,Missiles,1991,270,1994,0.18,0.18,48.6
12984,Saudi Arabia,AIM-7M,long-range air-to-air missile,Missiles,1991,250,1992,0.18,0.18,45.0
12985,Saudi Arabia,AIM-7M,long-range air-to-air missile,Missiles,1991,250,1993,0.18,0.18,45.0
12986,Saudi Arabia,MIM-104 PAC-2,SAM,Missiles,1992,261,1996,1.0,1.0,261.0
12987,Saudi Arabia,MIM-104 PAC-2,SAM,Missiles,1992,250,1997,1.0,1.0,250.0
12988,Saudi Arabia,MIM-104 PAC-2,SAM,Missiles,1992,250,1995,1.0,1.0,250.0
12989,Saudi Arabia,Patriot SAMS,SAM system,Air-defence systems,1992,5,1996,47.0,47.0,235.0
12990,Saudi Arabia,Patriot SAMS,SAM system,Air-defence systems,1992,4,1995,47.0,47.0,188.0
12991,Saudi Arabia,Patriot SAMS,SAM system,Air-defence systems,1992,4,1997,47.0,47.0,188.0
12992,Saudi Arabia,AGM-65 Maverick,air-to-surface missile,Missiles,1992,100,1995,0.15,0.15,15.0
12993,Saudi Arabia,AGM-65 Maverick,air-to-surface missile,Missiles,1992,200,1996,0.15,0.15,30.0
12994,Saudi Arabia,AGM-65 Maverick,air-to-surface missile,Missiles,1992,200,1998,0.15,0.15,30.0
12995,Saudi Arabia,AGM-65 Maverick,air-to-surface missile,Missiles,1992,200,1999,0.15,0.15,30.0
12996,Saudi Arabia,AGM-65 Maverick,air-to-surface missile,Missiles,1992,200,1997,0.15,0.15,30.0
12997,Saudi Arabia,AIM-7M,long-range air-to-air missile,Missiles,1992,50,1995,0.18,0.18,9.0
12998,Saudi Arabia,AIM-7M,long-range air-to-air missile,Missiles,1992,50,1996,0.18,0.18,9.0
12999,Saudi Arabia,AIM-7M,long-range air-to-air missile,Missiles,1992,100,1998,0.18,0.18,18.0
13000,Saudi Arabia,AIM-7M,long-range air-to-air missile,Missiles,1992,100,1997,0.18,0.18,18.0
13001,Saudi Arabia,AIM-9M,short-range air-to-air missile,Missiles,1992,125,1995,0.12,0.12,15.0
13002,Saudi Arabia,AIM-9M,short-range air-to-air missile,Missiles,1992,130,1996,0.12,0.12,15.6
13003,Saudi Arabia,AIM-9M,short-range air-to-air missile,Missiles,1992,45,1997,0.12,0.12,5.4
13010,Saudi Arabia,TPS-70,air-search radar,Sensors,1993,1,1994,11.0,11.0,11.0
13011,Saudi Arabia,TPS-70,air-search radar,Sensors,1993,1,1995,11.0,11.0,11.0
13012,Saudi Arabia,M-992 FAASV,armoured supply vehicle,Armoured vehicles,1991,30,1992,0.45,0.45,13.5
13013,Saudi Arabia,M-992 FAASV,armoured supply vehicle,Armoured vehicles,1991,30,1993,0.45,0.45,13.5
13018,Saudi Arabia,TPS-63,air-search radar,Sensors,1986,7,1990,5.0,5.0,35.0
13021,Saudi Arabia,Bell-412,helicopter,Aircraft,2001,8,2002,5.0,5.0,40.0
13022,Saudi Arabia,Bell-412,helicopter,Aircraft,2001,8,2003,5.0,5.0,40.0
13023,Saudi Arabia,AIM-120C AMRAAM,long-range air-to-air missile,Missiles,2000,56,2003,0.6,0.6,33.6
13024,Saudi Arabia,AIM-120C AMRAAM,long-range air-to-air missile,Missiles,2000,100,2004,0.6,0.6,60.0
13025,Saudi Arabia,AIM-120C AMRAAM,long-range air-to-air missile,Missiles,2000,175,2005,0.6,0.6,105.0
13026,Saudi Arabia,AIM-120C AMRAAM,long-range air-to-air missile,Missiles,2000,169,2006,0.6,0.6,101.4
13027,Saudi Arabia,ALT,tank destroyer turret,Other,1990,10,1998,0.6,0.6,6.0
13028,Saudi Arabia,ALT,tank destroyer turret,Other,1990,10,1999,0.6,0.6,6.0
13029,Saudi Arabia,ALT,tank destroyer turret,Other,1990,1,1997,0.6,0.6,0.6
13030,Saudi Arabia,ALT,tank destroyer turret,Other,1990,30,1995,0.6,0.6,18.0
13031,Saudi Arabia,ALT,tank destroyer turret,Other,1990,30,1996,0.6,0.6,18.0
13032,Saudi Arabia,ALT,tank destroyer turret,Other,1990,30,1994,0.6,0.6,18.0
13033,Saudi Arabia,TOW,anti-tank missile,Missiles,2000,914,2001,0.01,0.01,9.14
13034,Saudi Arabia,TOW,anti-tank missile,Missiles,2000,913,2002,0.01,0.01,9.13
13035,Saudi Arabia,AGM-65 Maverick,air-to-surface missile,Missiles,2001,98,2002,0.15,0.15,14.7
13036,Saudi Arabia,AGM-65 Maverick,air-to-surface missile,Missiles,2001,7,2003,0.15,0.15,1.05
13037,Saudi Arabia,TOW,anti-tank missile,Missiles,2001,281,2002,0.01,0.01,2.81
13038,Saudi Arabia,TOW,anti-tank missile,Missiles,2001,281,2003,0.01,0.01,2.81
13043,Saudi Arabia,M-109A5 155mm,self-propelled gun,Artillery,2001,44,2002,1.25,0.5,22.0
13044,Saudi Arabia,M-109A5 155mm,self-propelled gun,Artillery,2001,4,2004,1.25,0.5,2.0
13045,Saudi Arabia,AAQ-13 LANTIRN,combat aircraft radar,Sensors,1995,5,1997,1.0,1.0,5.0
13046,Saudi Arabia,AAQ-13 LANTIRN,combat aircraft radar,Sensors,1995,5,1998,1.0,1.0,5.0
13047,Saudi Arabia,AAQ-14 LANTIRN,aircraft electro-optical system,Sensors,1995,5,1997,1.0,1.0,5.0
13048,Saudi Arabia,AAQ-14 LANTIRN,aircraft electro-optical system,Sensors,1995,5,1998,1.0,1.0,5.0
13050,Saudi Arabia,EE-30 30mm,naval gun,Naval weapons,1988,1,1997,1.0,1.0,1.0
13051,Saudi Arabia,EE-30 30mm,naval gun,Naval weapons,1988,1,1993,1.0,1.0,1.0
13052,Saudi Arabia,EE-30 30mm,naval gun,Naval weapons,1988,1,1991,1.0,1.0,1.0
13053,Saudi Arabia,ETS,tank destroyer turret,Other,2009,27,2013,0.6,0.6,16.2
13054,Saudi Arabia,ETS,tank destroyer turret,Other,2009,30,2012,0.6,0.6,18.0
13055,Saudi Arabia,ETS,tank destroyer turret,Other,2009,15,2011,0.6,0.6,9.0
13056,Saudi Arabia,vehicle engine 201-300,vehicle engine,Engines,2006,32,2006,0.03,0.03,0.96
13057,Saudi Arabia,vehicle engine 201-300,vehicle engine,Engines,2006,13,2009,0.03,0.03,0.39
13058,Saudi Arabia,vehicle engine 201-300,vehicle engine,Engines,2006,47,2007,0.03,0.03,1.41
13059,Saudi Arabia,vehicle engine 201-300,vehicle engine,Engines,2006,40,2008,0.03,0.03,1.2
13060,Saudi Arabia,LAV-25 turret,infantry fighting vehicle turret,Other,2006,9,2009,0.6,0.6,5.4
13061,Saudi Arabia,LAV-25 turret,infantry fighting vehicle turret,Other,2006,44,2007,0.6,0.6,26.4
13062,Saudi Arabia,LAV-25 turret,infantry fighting vehicle turret,Other,2006,25,2008,0.6,0.6,15.0
13063,Saudi Arabia,LAV-25 turret,infantry fighting vehicle turret,Other,2006,22,2006,0.6,0.6,13.2
13064,Saudi Arabia,S-70L Black Hawk,transport helicopter,Aircraft,2008,11,2010,7.25,7.25,79.75
13065,Saudi Arabia,S-70L Black Hawk,transport helicopter,Aircraft,2008,11,2011,7.25,7.25,79.75
13066,Saudi Arabia,AGM-154 JSOW,guided glide bomb,Missiles,2014,20,2016,0.4,0.4,8.0
13067,Saudi Arabia,AGM-154 JSOW,guided glide bomb,Missiles,2014,200,2017,0.4,0.4,80.0
13068,Saudi Arabia,AGM-154 JSOW,guided glide bomb,Missiles,2014,135,2018,0.4,0.4,54.0
13069,Saudi Arabia,CH-47F,transport helicopter,Aircraft,2017,8,2022,20.0,20.0,160.0
13070,Saudi Arabia,Harpoon Block-2,anti-ship/land-attack missile,Missiles,2016,60,2024,1.0,1.0,60.0
13071,Saudi Arabia,Harpoon Block-2,anti-ship/land-attack missile,Missiles,2016,60,2023,1.0,1.0,60.0
13072,Saudi Arabia,Harpoon Block-2,anti-ship/land-attack missile,Missiles,2016,60,2022,1.0,1.0,60.0
13073,Saudi Arabia,Harpoon Block-2,anti-ship/land-attack missile,Missiles,2016,60,2021,1.0,1.0,60.0
13074,Saudi Arabia,Harpoon Block-2,anti-ship/land-attack missile,Missiles,2016,50,2020,1.0,1.0,50.0
13075,Saudi Arabia,Paveway,guided bomb,Missiles,2019,10000,2019,0.02,0.02,200.0
13076,Saudi Arabia,Paveway,guided bomb,Missiles,2019,10000,2020,0.02,0.02,200.0
13077,Saudi Arabia,AAQ-33 Sniper ATP,aircraft electro-optical system,Sensors,2012,4,2016,1.0,1.0,4.0
13078,Saudi Arabia,AAQ-33 Sniper ATP,aircraft electro-optical system,Sensors,2012,26,2017,1.0,1.0,26.0
13079,Saudi Arabia,AAQ-33 Sniper ATP,aircraft electro-optical system,Sensors,2012,26,2018,1.0,1.0,26.0
13080,Saudi Arabia,AAQ-33 Sniper ATP,aircraft electro-optical system,Sensors,2012,20,2019,1.0,1.0,20.0
13081,Saudi Arabia,AAQ-33 Sniper ATP,aircraft electro-optical system,Sensors,2012,6,2020,1.0,1.0,6.0
13082,Saudi Arabia,AAQ-33 Sniper ATP,aircraft electro-optical system,Sensors,2012,10,2021,1.0,1.0,10.0
13083,Saudi Arabia,AAQ-33 Sniper ATP,aircraft electro-optical system,Sensors,2012,10,2022,1.0,1.0,10.0
13084,Saudi Arabia,AAQ-33 Sniper ATP,aircraft electro-optical system,Sensors,2012,10,2023,1.0,1.0,10.0
13085,Saudi Arabia,AAQ-33 Sniper ATP,aircraft electro-optical system,Sensors,2012,10,2024,1.0,1.0,10.0
13086,Saudi Arabia,CF-6 (26000),turbofan,Engines,2009,2,2014,6.0,6.0,12.0
13087,Saudi Arabia,CF-6 (26000),turbofan,Engines,2009,4,2015,6.0,6.0,24.0
13088,Saudi Arabia,S-70L Black Hawk,transport helicopter,Aircraft,2016,9,2017,7.25,7.25,65.25
13089,Saudi Arabia,AGM-154 JSOW,guided glide bomb,Missiles,2017,220,2020,0.4,0.4,88.0
13090,Saudi Arabia,AGM-154 JSOW,guided glide bomb,Missiles,2017,245,2021,0.4,0.4,98.0
13091,Saudi Arabia,AGM-154 JSOW,guided glide bomb,Missiles,2017,153,2022,0.4,0.4,61.2
13092,Saudi Arabia,AAQ-13 LANTIRN,combat aircraft radar,Sensors,2011,4,2016,1.0,1.0,4.0
13093,Saudi Arabia,AAQ-13 LANTIRN,combat aircraft radar,Sensors,2011,30,2017,1.0,1.0,30.0
13094,Saudi Arabia,AAQ-13 LANTIRN,combat aircraft radar,Sensors,2011,30,2018,1.0,1.0,30.0
13095,Saudi Arabia,AAQ-13 LANTIRN,combat aircraft radar,Sensors,2011,30,2019,1.0,1.0,30.0
13096,Saudi Arabia,AAQ-13 LANTIRN,combat aircraft radar,Sensors,2011,30,2020,1.0,1.0,30.0
13097,Saudi Arabia,AAQ-13 LANTIRN,combat aircraft radar,Sensors,2011,30,2021,1.0,1.0,30.0
13098,Saudi Arabia,AAQ-13 LANTIRN,combat aircraft radar,Sensors,2011,30,2022,1.0,1.0,30.0
13099,Saudi Arabia,AAQ-13 LANTIRN,combat aircraft radar,Sensors,2011,9,2023,1.0,1.0,9.0
13100,Saudi Arabia,C-130H Hercules,transport aircraft,Aircraft,1990,2,1993,28.0,28.0,56.0
13101,Saudi Arabia,C-130H Hercules,transport aircraft,Aircraft,1990,1,1992,28.0,28.0,28.0
13102,Saudi Arabia,M-1A2 Abrams,tank,Armoured vehicles,1990,251,1993,4.5,4.5,1129.5
13103,Saudi Arabia,M-1A2 Abrams,tank,Armoured vehicles,1990,64,1994,4.5,4.5,288.0
13106,Saudi Arabia,RE-3,signals intelligence aircraft,Aircraft,1998,2,2004,110.0,110.0,220.0
13107,Saudi Arabia,vehicle engine 201-300,vehicle engine,Engines,2009,130,2014,0.03,0.03,3.9
13108,Saudi Arabia,vehicle engine 201-300,vehicle engine,Engines,2009,155,2012,0.03,0.03,4.65
13109,Saudi Arabia,vehicle engine 201-300,vehicle engine,Engines,2009,130,2013,0.03,0.03,3.9
13110,Saudi Arabia,vehicle engine 201-300,vehicle engine,Engines,2009,181,2015,0.03,0.03,5.43
13111,Saudi Arabia,vehicle engine 201-300,vehicle engine,Engines,2009,128,2011,0.03,0.03,3.84
13112,Saudi Arabia,Tornado IDS GR,combat aircraft radar,Sensors,1986,10,1990,2.0,2.0,20.0
13116,Saudi Arabia,Tornado IDS GR,combat aircraft radar,Sensors,1986,8,1991,2.0,2.0,16.0
13117,Saudi Arabia,AIM-9M,short-range air-to-air missile,Missiles,2005,75,2006,0.12,0.12,9.0
13118,Saudi Arabia,Tornado IDS GR,combat aircraft radar,Sensors,1993,18,1998,2.0,2.0,36.0
13119,Saudi Arabia,Tornado IDS GR,combat aircraft radar,Sensors,1993,24,1997,2.0,2.0,48.0
13120,Saudi Arabia,Tornado IDS GR,combat aircraft radar,Sensors,1993,6,1996,2.0,2.0,12.0
13121,Saudi Arabia,K-6 120mm,mortar,Artillery,2012,63,2013,0.25,0.1,6.3
13122,Senegal,aircraft engine 1001-2000,aircraft engine,Engines,2018,2,2021,0.5,0.5,1.0
13123,Senegal,aircraft engine 1001-2000,aircraft engine,Engines,2014,2,2017,0.5,0.5,1.0
13125,Senegal,King Air,light transport aircraft,Aircraft,2011,2,2011,2.85,1.14,2.28
13126,Senegal,vehicle engine 301-400,vehicle engine,Engines,2017,25,2018,0.05,0.05,1.25
13127,Serbia,vehicle engine 201-300,vehicle engine,Engines,2023,10,2024,0.03,0.03,0.3
13128,Serbia,vehicle engine 401-600,vehicle engine,Engines,2016,12,2022,0.08,0.08,0.96
13129,Serbia,vehicle engine 401-600,vehicle engine,Engines,2016,6,2020,0.08,0.08,0.48
13130,Serbia,vehicle engine 401-600,vehicle engine,Engines,2016,6,2018,0.08,0.08,0.48
13131,Serbia,vehicle engine 401-600,vehicle engine,Engines,2016,6,2021,0.08,0.08,0.48
13132,Serbia,PA-34 Seneca,light transport aircraft,Aircraft,2009,1,2012,0.44,0.44,0.44
13133,Serbia,vehicle engine 201-300,vehicle engine,Engines,2020,10,2021,0.03,0.03,0.3
13134,Serbia,vehicle engine 201-300,vehicle engine,Engines,2020,20,2022,0.03,0.03,0.6
13135,Serbia,BearCat AV,armoured personnel carrier,Armoured vehicles,2022,5,2022,0.15,0.15,0.75
13136,Seychelles,Cessna-150,light/trainer aircraft,Aircraft,1990,1,1990,0.08,0.08,0.08
13140,Singapore,TPQ-53,artillery locating radar,Sensors,2017,3,2021,7.0,7.0,21.0
13141,Singapore,TPQ-53,artillery locating radar,Sensors,2017,3,2022,7.0,7.0,21.0
13151,Singapore,F-16A,FGA aircraft,Aircraft,1992,9,1993,20.65,8.26,74.34
13152,Singapore,F-124 (2850),turbofan,Engines,2010,6,2012,1.0,1.0,6.0
13153,Singapore,F-124 (2850),turbofan,Engines,2010,14,2013,1.0,1.0,14.0
13154,Singapore,F-124 (2850),turbofan,Engines,2010,4,2014,1.0,1.0,4.0
13155,Singapore,JDAM,guided bomb,Missiles,2015,457,2016,0.02,0.02,9.14
13156,Singapore,JDAM,guided bomb,Missiles,2015,460,2017,0.02,0.02,9.2
13157,Singapore,KC-135,tanker/transport aircraft,Aircraft,1997,1,1999,60.0,39.6,39.6
13158,Singapore,KC-135,tanker/transport aircraft,Aircraft,1997,3,2000,60.0,39.6,118.8
13159,Singapore,Gulfstream-5,light transport aircraft,Aircraft,2008,1,2012,28.0,28.0,28.0
13160,Singapore,GBU-39 SDB,guided glide bomb,Missiles,2017,250,2020,0.02,0.02,5.0
13161,Singapore,AIM-9X,long-range air-to-air missile,Missiles,2014,10,2015,0.18,0.18,1.8
13162,Singapore,AIM-9X,long-range air-to-air missile,Missiles,2014,10,2016,0.18,0.18,1.8
13163,Singapore,SH-60B Seahawk,anti-submarine helicopter,Aircraft,2005,2,2009,17.0,17.0,34.0
13164,Singapore,SH-60B Seahawk,anti-submarine helicopter,Aircraft,2005,4,2010,17.0,17.0,68.0
13165,Singapore,F-16C Block-50,FGA aircraft,Aircraft,1996,12,1997,31.0,31.0,372.0
13168,Singapore,JDAM,guided bomb,Missiles,2010,335,2012,0.02,0.02,6.7
13169,Singapore,JDAM,guided bomb,Missiles,2010,335,2011,0.02,0.02,6.7
13170,Singapore,JDAM,guided bomb,Missiles,2009,35,2010,0.02,0.02,0.7
13171,Singapore,vehicle engine 301-400,vehicle engine,Engines,2000,25,2015,0.05,0.05,1.25
13172,Singapore,vehicle engine 301-400,vehicle engine,Engines,2000,50,2014,0.05,0.05,2.5
13173,Singapore,vehicle engine 301-400,vehicle engine,Engines,2000,100,2010,0.05,0.05,5.0
13174,Singapore,vehicle engine 301-400,vehicle engine,Engines,2000,100,2009,0.05,0.05,5.0
13175,Singapore,vehicle engine 301-400,vehicle engine,Engines,2000,125,2008,0.05,0.05,6.25
13176,Singapore,vehicle engine 301-400,vehicle engine,Engines,2000,125,2007,0.05,0.05,6.25
13177,Singapore,vehicle engine 301-400,vehicle engine,Engines,2000,125,2006,0.05,0.05,6.25
13178,Singapore,vehicle engine 301-400,vehicle engine,Engines,2000,125,2005,0.05,0.05,6.25
13179,Singapore,vehicle engine 301-400,vehicle engine,Engines,2000,125,2004,0.05,0.05,6.25
13180,Singapore,vehicle engine 301-400,vehicle engine,Engines,2000,50,2012,0.05,0.05,2.5
13181,Singapore,vehicle engine 301-400,vehicle engine,Engines,2000,50,2013,0.05,0.05,2.5
13182,Singapore,vehicle engine 301-400,vehicle engine,Engines,2000,125,2003,0.05,0.05,6.25
13183,Singapore,vehicle engine 301-400,vehicle engine,Engines,2000,100,2002,0.05,0.05,5.0
13184,Singapore,vehicle engine 301-400,vehicle engine,Engines,2000,50,2001,0.05,0.05,2.5
13185,Singapore,vehicle engine 301-400,vehicle engine,Engines,2000,75,2011,0.05,0.05,3.75
13186,Singapore,vehicle engine 301-400,vehicle engine,Engines,2000,25,2016,0.05,0.05,1.25
13187,Singapore,vehicle engine 301-400,vehicle engine,Engines,2000,25,2017,0.05,0.05,1.25
13188,Singapore,F-15E Strike Eagle,FGA aircraft,Aircraft,2010,8,2013,70.0,70.0,560.0
13189,Singapore,Gulfstream-5,light transport aircraft,Aircraft,2007,1,2009,28.0,28.0,28.0
13190,Singapore,Gulfstream-5,light transport aircraft,Aircraft,2007,1,2011,28.0,28.0,28.0
13191,Singapore,Gulfstream-5,light transport aircraft,Aircraft,2007,2,2010,28.0,28.0,56.0
13192,Singapore,M-109 chassis,self-propelled gun chassis,Armoured vehicles,2001,3,2001,0.35,0.35,1.05
13193,Singapore,M-109 chassis,self-propelled gun chassis,Armoured vehicles,2001,15,2002,0.35,0.35,5.25
13194,Singapore,M-109 chassis,self-propelled gun chassis,Armoured vehicles,2001,15,2003,0.35,0.35,5.25
13195,Singapore,M-109 chassis,self-propelled gun chassis,Armoured vehicles,2001,15,2004,0.35,0.35,5.25
13196,Singapore,M-109 chassis,self-propelled gun chassis,Armoured vehicles,2001,6,2005,0.35,0.35,2.1
13197,Singapore,vehicle engine 201-300,vehicle engine,Engines,2013,25,2021,0.03,0.03,0.75
13198,Singapore,vehicle engine 201-300,vehicle engine,Engines,2013,25,2020,0.03,0.03,0.75
13199,Singapore,vehicle engine 201-300,vehicle engine,Engines,2013,25,2019,0.03,0.03,0.75
13200,Singapore,vehicle engine 201-300,vehicle engine,Engines,2013,25,2018,0.03,0.03,0.75
13201,Singapore,vehicle engine 201-300,vehicle engine,Engines,2013,45,2017,0.03,0.03,1.35
13202,Singapore,vehicle engine 201-300,vehicle engine,Engines,2013,62,2016,0.03,0.03,1.86
13203,Singapore,vehicle engine 201-300,vehicle engine,Engines,2013,25,2022,0.03,0.03,0.75
13204,Singapore,vehicle engine 201-300,vehicle engine,Engines,2013,25,2023,0.03,0.03,0.75
13205,Singapore,AH-64D Apache Longbow,combat helicopter,Aircraft,2001,12,2005,15.5,15.5,186.0
13206,Singapore,F-15E Strike Eagle,FGA aircraft,Aircraft,2007,5,2012,70.0,70.0,350.0
13207,Singapore,F-15E Strike Eagle,FGA aircraft,Aircraft,2007,2,2010,70.0,70.0,140.0
13208,Singapore,F-15E Strike Eagle,FGA aircraft,Aircraft,2007,5,2011,70.0,70.0,350.0
13209,Singapore,AAQ-33 Sniper ATP,aircraft electro-optical system,Sensors,2006,5,2012,1.0,1.0,5.0
13210,Singapore,AAQ-33 Sniper ATP,aircraft electro-optical system,Sensors,2006,8,2009,1.0,1.0,8.0
13211,Singapore,AAQ-33 Sniper ATP,aircraft electro-optical system,Sensors,2006,6,2010,1.0,1.0,6.0
13212,Singapore,AAQ-33 Sniper ATP,aircraft electro-optical system,Sensors,2006,5,2011,1.0,1.0,5.0
13213,Singapore,JDAM,guided bomb,Missiles,2006,50,2009,0.02,0.02,1.0
13214,Singapore,Paveway,guided bomb,Missiles,2007,42,2009,0.02,0.02,0.84
13215,Singapore,Paveway,guided bomb,Missiles,2007,42,2011,0.02,0.02,0.84
13216,Singapore,HIMARS,multiple rocket launcher,Artillery,2008,12,2010,1.1,1.1,13.2
13217,Singapore,HIMARS,multiple rocket launcher,Artillery,2008,6,2011,1.1,1.1,6.6
13218,Singapore,AAQ-33 Sniper ATP,aircraft electro-optical system,Sensors,2008,10,2010,1.0,1.0,10.0
13219,Singapore,AAQ-33 Sniper ATP,aircraft electro-optical system,Sensors,2008,10,2011,1.0,1.0,10.0
13220,Singapore,EDO-980,anti-submarine sonar,Sensors,2000,2,2009,7.5,7.5,15.0
13221,Singapore,EDO-980,anti-submarine sonar,Sensors,2000,3,2008,7.5,7.5,22.5
13222,Singapore,EDO-980,anti-submarine sonar,Sensors,2000,1,2007,7.5,7.5,7.5
13223,Singapore,vehicle engine 201-300,vehicle engine,Engines,1985,100,1990,0.03,0.03,3.0
13226,Singapore,vehicle engine 201-300,vehicle engine,Engines,1985,100,1991,0.03,0.03,3.0
13227,Singapore,APG-78 Longbow,combat helicopter radar,Sensors,2000,8,2002,3.0,3.0,24.0
13228,Singapore,APG-78 Longbow,combat helicopter radar,Sensors,2001,12,2005,3.0,3.0,36.0
13229,Singapore,MaxxPro,armoured personnel carrier,Armoured vehicles,2009,15,2009,0.32,0.32,4.8
13230,Singapore,CH-47D Chinook,transport helicopter,Aircraft,1999,2,2000,18.0,18.0,36.0
13231,Singapore,Paveway,guided bomb,Missiles,2012,124,2014,0.02,0.02,2.48
13232,Singapore,ScanEagle,UAV,Aircraft,2011,6,2012,0.04,0.04,0.24
13233,Singapore,ScanEagle,UAV,Aircraft,2011,6,2013,0.04,0.04,0.24
13235,Singapore,SH-60B Seahawk,anti-submarine helicopter,Aircraft,2013,2,2018,17.0,17.0,34.0
13238,Singapore,AGM-65 Maverick,air-to-surface missile,Missiles,1991,50,1992,0.15,0.15,7.5
13239,Singapore,F-15E Strike Eagle,FGA aircraft,Aircraft,2005,8,2009,70.0,70.0,560.0
13240,Singapore,F-15E Strike Eagle,FGA aircraft,Aircraft,2005,4,2010,70.0,70.0,280.0
13241,Singapore,AGM-65 Maverick,air-to-surface missile,Missiles,2003,57,2005,0.15,0.15,8.55
13242,Singapore,Tiger Eyes,aircraft electro-optical system,Sensors,2006,8,2009,3.0,3.0,24.0
13243,Singapore,Tiger Eyes,aircraft electro-optical system,Sensors,2006,6,2010,3.0,3.0,18.0
13244,Singapore,Tiger Eyes,aircraft electro-optical system,Sensors,2006,5,2011,3.0,3.0,15.0
13245,Singapore,Tiger Eyes,aircraft electro-optical system,Sensors,2006,5,2012,3.0,3.0,15.0
13246,Singapore,AIM-120C AMRAAM,long-range air-to-air missile,Missiles,2006,28,2009,0.6,0.6,16.8
13247,Singapore,AIM-120C AMRAAM,long-range air-to-air missile,Missiles,2006,72,2010,0.6,0.6,43.2
13248,Singapore,APG-83 SABR,combat aircraft radar,Sensors,2015,15,2021,2.5,2.5,37.5
13249,Singapore,APG-83 SABR,combat aircraft radar,Sensors,2015,30,2022,2.5,2.5,75.0
13250,Singapore,APG-83 SABR,combat aircraft radar,Sensors,2015,25,2023,2.5,2.5,62.5
13251,Singapore,Paveway,guided bomb,Missiles,2017,124,2019,0.02,0.02,2.48
13289,Singapore,Harpoon Block-1,anti-ship missile,Missiles,1986,36,1990,0.9,0.9,32.4
13290,Singapore,Harpoon Block-1,anti-ship missile,Missiles,1986,36,1991,0.9,0.9,32.4
13291,Singapore,Harpoon Block-1,anti-ship missile,Missiles,1986,1,1992,0.9,0.9,0.9
13292,Singapore,Harpoon Block-1,anti-ship missile,Missiles,1986,8,1993,0.9,0.9,7.2
13293,Singapore,Harpoon Block-1,anti-ship missile,Missiles,1986,3,1994,0.9,0.9,2.7
13300,Singapore,TOW,anti-tank missile,Missiles,1990,100,1995,0.01,0.01,1.0
13301,Singapore,TOW,anti-tank missile,Missiles,1990,100,1996,0.01,0.01,1.0
13302,Singapore,TPQ-37 Firefinder,artillery locating radar,Sensors,1989,3,1990,8.0,8.0,24.0
13303,Singapore,A-4B,FGA aircraft,Aircraft,1989,24,1990,7.25,4.79,114.84
13305,Singapore,Harpoon Block-1,anti-ship missile,Missiles,1991,9,1994,0.9,0.9,8.1
13306,Singapore,Harpoon Block-1,anti-ship missile,Missiles,1991,11,1995,0.9,0.9,9.9
13307,Singapore,AIM-7M,long-range air-to-air missile,Missiles,1994,6,1999,0.18,0.18,1.08
13308,Singapore,AIM-7M,long-range air-to-air missile,Missiles,1994,4,1997,0.18,0.18,0.72
13309,Singapore,AIM-7M,long-range air-to-air missile,Missiles,1994,40,1998,0.18,0.18,7.2
13310,Singapore,F-16C Block-50,FGA aircraft,Aircraft,1994,18,1998,31.0,31.0,558.0
13311,Singapore,AIM-9M,short-range air-to-air missile,Missiles,1994,36,1998,0.12,0.12,4.32
13312,Singapore,CH-47D Chinook,transport helicopter,Aircraft,1994,3,1996,18.0,18.0,54.0
13313,Singapore,CH-47D Chinook,transport helicopter,Aircraft,1994,3,1997,18.0,18.0,54.0
13317,Singapore,TPS-77,air-search radar,Sensors,1993,1,1997,11.0,11.0,11.0
13318,Singapore,AH-64D Apache Longbow,combat helicopter,Aircraft,1999,8,2002,15.5,15.5,124.0
13319,Singapore,AGM-114 Hellfire-2,anti-tank/air-to-surface missile,Missiles,2001,192,2005,0.05,0.05,9.6
13320,Singapore,CH-47D Chinook,transport helicopter,Aircraft,1998,6,2000,18.0,18.0,108.0
13321,Singapore,F-16C Block-50,FGA aircraft,Aircraft,1997,4,1999,31.0,31.0,124.0
13322,Singapore,F-16C Block-50,FGA aircraft,Aircraft,1997,8,2000,31.0,31.0,248.0
13323,Singapore,S-211 -,trainer/combat aircraft,Aircraft,1994,2,1995,2.0,2.0,4.0
13324,Singapore,AIM-120C AMRAAM,long-range air-to-air missile,Missiles,2001,50,2003,0.6,0.6,30.0
13325,Singapore,AIM-120C AMRAAM,long-range air-to-air missile,Missiles,2001,50,2002,0.6,0.6,30.0
13326,Singapore,S-70L Black Hawk,transport helicopter,Aircraft,2000,2,2002,7.25,7.25,14.5
13327,Singapore,F-16C Block-50,FGA aircraft,Aircraft,2000,11,2004,31.0,31.0,341.0
13328,Singapore,F-16C Block-50,FGA aircraft,Aircraft,2000,9,2005,31.0,31.0,279.0
13329,Singapore,CH-47D Chinook,transport helicopter,Aircraft,1999,2,2001,18.0,18.0,36.0
13330,Singapore,AIM-7M,long-range air-to-air missile,Missiles,2000,20,2001,0.18,0.18,3.6
13331,Singapore,AIM-9M,short-range air-to-air missile,Missiles,2000,60,2001,0.12,0.12,7.2
13334,Singapore,AIM-120C AMRAAM,long-range air-to-air missile,Missiles,2004,50,2006,0.6,0.6,30.0
13335,Singapore,AAQ-13 LANTIRN,combat aircraft radar,Sensors,1996,5,1999,1.0,1.0,5.0
13336,Singapore,AAQ-14 LANTIRN,aircraft electro-optical system,Sensors,1996,5,1999,1.0,1.0,5.0
13337,Singapore,AAQ-13 LANTIRN,combat aircraft radar,Sensors,2001,9,2004,1.0,1.0,9.0
13338,Singapore,AAQ-13 LANTIRN,combat aircraft radar,Sensors,2001,9,2005,1.0,1.0,9.0
13339,Singapore,GMLRS,guided rocket,Missiles,2014,174,2016,0.08,0.08,13.92
13340,Singapore,GMLRS,guided rocket,Missiles,2014,174,2015,0.08,0.08,13.92
13341,Singapore,CH-47F,transport helicopter,Aircraft,2016,12,2022,20.0,20.0,240.0
13342,Singapore,CH-47F,transport helicopter,Aircraft,2016,4,2021,20.0,20.0,80.0
13343,Singapore,vehicle engine 201-300,vehicle engine,Engines,1995,200,1998,0.03,0.03,6.0
13344,Singapore,vehicle engine 201-300,vehicle engine,Engines,1995,200,2000,0.03,0.03,6.0
13345,Singapore,vehicle engine 201-300,vehicle engine,Engines,1995,200,1997,0.03,0.03,6.0
13346,Singapore,vehicle engine 201-300,vehicle engine,Engines,1995,200,1999,0.03,0.03,6.0
13347,Singapore,vehicle engine 201-300,vehicle engine,Engines,1995,200,1996,0.03,0.03,6.0
13348,Singapore,Harpoon Block-1,anti-ship missile,Missiles,1996,2,1997,0.9,0.9,1.8
13349,Singapore,Harpoon Block-1,anti-ship missile,Missiles,1996,22,1998,0.9,0.9,19.8
13350,Singapore,AIM-120C AMRAAM,long-range air-to-air missile,Missiles,2014,50,2016,0.6,0.6,30.0
13351,Singapore,AIM-120C AMRAAM,long-range air-to-air missile,Missiles,2014,50,2017,0.6,0.6,30.0
13352,Singapore,AIM-120C AMRAAM,long-range air-to-air missile,Missiles,2008,75,2013,0.6,0.6,45.0
13353,Singapore,AIM-120C AMRAAM,long-range air-to-air missile,Missiles,2008,20,2014,0.6,0.6,12.0
13354,Singapore,AIM-120C AMRAAM,long-range air-to-air missile,Missiles,2008,92,2015,0.6,0.6,55.2
13355,Singapore,AIM-120C AMRAAM,long-range air-to-air missile,Missiles,2008,13,2016,0.6,0.6,7.8
13356,Singapore,vehicle engine 401-600,vehicle engine,Engines,2009,25,2016,0.08,0.08,2.0
13357,Singapore,vehicle engine 401-600,vehicle engine,Engines,2009,10,2018,0.08,0.08,0.8
13358,Singapore,vehicle engine 401-600,vehicle engine,Engines,2009,25,2017,0.08,0.08,2.0
13359,Singapore,vehicle engine 401-600,vehicle engine,Engines,2009,50,2015,0.08,0.08,4.0
13360,Singapore,vehicle engine 401-600,vehicle engine,Engines,2009,70,2013,0.08,0.08,5.6
13361,Singapore,vehicle engine 401-600,vehicle engine,Engines,2009,60,2014,0.08,0.08,4.8
13362,Singapore,vehicle engine 401-600,vehicle engine,Engines,2009,70,2011,0.08,0.08,5.6
13363,Singapore,vehicle engine 401-600,vehicle engine,Engines,2009,70,2012,0.08,0.08,5.6
13364,Singapore,vehicle engine 401-600,vehicle engine,Engines,2009,70,2010,0.08,0.08,5.6
13366,Singapore,GMLRS,guided rocket,Missiles,2008,108,2010,0.08,0.08,8.64
13367,Singapore,GMLRS,guided rocket,Missiles,2008,72,2013,0.08,0.08,5.76
13368,Singapore,GMLRS,guided rocket,Missiles,2008,84,2012,0.08,0.08,6.72
13369,Singapore,vehicle engine 401-600,vehicle engine,Engines,1995,50,1999,0.08,0.08,4.0
13370,Singapore,vehicle engine 401-600,vehicle engine,Engines,1995,90,2001,0.08,0.08,7.2
13371,Singapore,vehicle engine 401-600,vehicle engine,Engines,1995,35,1998,0.08,0.08,2.8
13372,Singapore,vehicle engine 401-600,vehicle engine,Engines,1995,5,1997,0.08,0.08,0.4
13373,Singapore,vehicle engine 401-600,vehicle engine,Engines,1995,90,2000,0.08,0.08,7.2
13374,Singapore,vehicle engine 401-600,vehicle engine,Engines,1995,90,2002,0.08,0.08,7.2
13375,Singapore,vehicle engine 401-600,vehicle engine,Engines,1995,90,2003,0.08,0.08,7.2
13376,Singapore,vehicle engine 401-600,vehicle engine,Engines,1995,50,2004,0.08,0.08,4.0
13377,Singapore,F-15E Strike Eagle,FGA aircraft,Aircraft,2014,7,2016,70.0,70.0,490.0
13378,Singapore,F-15E Strike Eagle,FGA aircraft,Aircraft,2014,1,2017,70.0,70.0,70.0
13379,Singapore,AGM-154 JSOW,guided glide bomb,Missiles,2008,25,2010,0.4,0.4,10.0
13380,Singapore,AGM-154 JSOW,guided glide bomb,Missiles,2008,10,2008,0.4,0.4,4.0
13381,Singapore,AGM-154 JSOW,guided glide bomb,Missiles,2008,25,2009,0.4,0.4,10.0
13382,Singapore,AIM-9X,long-range air-to-air missile,Missiles,2007,40,2009,0.18,0.18,7.2
13383,Singapore,AIM-9X,long-range air-to-air missile,Missiles,2007,60,2010,0.18,0.18,10.8
13384,Singapore,AIM-9X,long-range air-to-air missile,Missiles,2007,40,2012,0.18,0.18,7.2
13385,Singapore,AIM-9X,long-range air-to-air missile,Missiles,2007,60,2011,0.18,0.18,10.8
13386,Slovakia,S-70L Black Hawk,transport helicopter,Aircraft,2015,2,2017,7.25,7.25,14.5
13387,Slovakia,S-70L Black Hawk,transport helicopter,Aircraft,2015,2,2018,7.25,7.25,14.5
13388,Slovakia,S-70L Black Hawk,transport helicopter,Aircraft,2015,2,2019,7.25,7.25,14.5
13389,Slovakia,S-70L Black Hawk,transport helicopter,Aircraft,2015,3,2020,7.25,7.25,21.75
13390,Slovakia,F-16V Viper,FGA aircraft,Aircraft,2018,6,2024,40.0,40.0,240.0
13391,Slovakia,aircraft engine 4501-6000,aircraft engine,Engines,2014,2,2017,1.5,1.5,3.0
13392,Slovakia,aircraft engine 4501-6000,aircraft engine,Engines,2014,2,2018,1.5,1.5,3.0
13393,Slovakia,AIM-9X,long-range air-to-air missile,Missiles,2018,30,2024,0.18,0.18,5.4
13394,Slovakia,AIM-120C AMRAAM,long-range air-to-air missile,Missiles,2018,15,2024,0.6,0.6,9.0
13395,Slovenia,TPS-70,air-search radar,Sensors,1991,2,1993,11.0,11.0,22.0
13396,Slovenia,aircraft engine 4501-6000,aircraft engine,Engines,2021,2,2023,1.5,1.5,3.0
13397,Slovenia,Bell-206,light helicopter,Aircraft,1994,2,1994,0.7,0.7,1.4
13398,Slovenia,Bell-412,helicopter,Aircraft,1994,2,1994,5.0,5.0,10.0
13399,Slovenia,Bell-412,helicopter,Aircraft,1994,3,1995,5.0,5.0,15.0
13400,Slovenia,Cougar MRAP,armoured personnel carrier,Armoured vehicles,2014,7,2014,0.35,0.14,0.98
13401,Slovenia,Bell-412,helicopter,Aircraft,1992,2,1992,5.0,5.0,10.0
13402,Slovenia,HMMWV-UA,armoured personnel carrier,Armoured vehicles,2000,1,2001,0.13,0.13,0.13
13403,Slovenia,aircraft engine 4501-6000,aircraft engine,Engines,2023,2,2024,1.5,1.5,3.0
13404,Slovenia,L-ATV,armoured personnel carrier,Armoured vehicles,2018,38,2021,0.18,0.18,6.84
13405,Slovenia,L-ATV,armoured personnel carrier,Armoured vehicles,2021,37,2023,0.18,0.18,6.66
13406,Somalia,S-2RT,light aircraft,Aircraft,2013,3,2013,0.48,0.19,0.58
13418,South Africa,C-130B Hercules,transport aircraft,Aircraft,1995,2,1999,23.0,9.2,18.4
13421,South Africa,C-130B Hercules,transport aircraft,Aircraft,1996,1,1997,23.0,9.2,9.2
13422,South Africa,Paveway,guided bomb,Missiles,2010,25,2012,0.02,0.02,0.5
13423,South Africa,Paveway,guided bomb,Missiles,2010,25,2011,0.02,0.02,0.5
13425,South Africa,F-404 (8000),turbofan,Engines,2000,4,2012,2.2,2.2,8.8
13426,South Africa,F-404 (8000),turbofan,Engines,2000,6,2010,2.2,2.2,13.2
13427,South Africa,F-404 (8000),turbofan,Engines,2000,7,2011,2.2,2.2,15.4
13441,South Africa,APS-143,maritime patrol aircraft radar,Sensors,2003,4,2007,2.5,2.5,10.0
13445,South Africa,LM-2500 (30001-35000),gas turbine,Engines,1999,2,2007,7.0,7.0,14.0
13446,South Africa,LM-2500 (30001-35000),gas turbine,Engines,1999,2,2006,7.0,7.0,14.0
13447,South Africa,F-404 (8000),turbofan,Engines,1999,5,2008,2.2,2.2,11.0
13448,South Africa,F-404 (8000),turbofan,Engines,1999,4,2009,2.2,2.2,8.8
13450,South Africa,aircraft engine 1001-2000,aircraft engine,Engines,2003,8,2007,0.5,0.5,4.0
13451,South Korea,Bell-505,light helicopter,Aircraft,2022,3,2023,0.9,0.9,2.7
13452,South Korea,Bell-505,light helicopter,Aircraft,2022,19,2024,0.9,0.9,17.1
13453,South Korea,AIM-120C AMRAAM,long-range air-to-air missile,Missiles,2019,30,2022,0.6,0.6,18.0
13454,South Korea,AIM-120C AMRAAM,long-range air-to-air missile,Missiles,2019,30,2021,0.6,0.6,18.0
13455,South Korea,aircraft engine 1001-2000,aircraft engine,Engines,1997,12,2002,0.5,0.5,6.0
13456,South Korea,aircraft engine 1001-2000,aircraft engine,Engines,1997,4,2001,0.5,0.5,2.0
13457,South Korea,F-135-100 (19500),turbofan,Engines,2014,1,2019,4.0,4.0,4.0
13458,South Korea,F-135-100 (19500),turbofan,Engines,2014,1,2020,4.0,4.0,4.0
13459,South Korea,F-135-100 (19500),turbofan,Engines,2014,1,2021,4.0,4.0,4.0
13460,South Korea,F-135-100 (19500),turbofan,Engines,2014,1,2022,4.0,4.0,4.0
13461,South Korea,F-135-100 (19500),turbofan,Engines,2014,2,2018,4.0,4.0,8.0
13462,South Korea,AGM-65 Maverick,air-to-surface missile,Missiles,2009,35,2011,0.15,0.15,5.25
13464,South Korea,MIM-104 PAC-3 MSE,ABM missile,Missiles,2019,64,2020,1.5,1.5,96.0
13465,South Korea,MIM-104 PAC-3 MSE,ABM missile,Missiles,2015,20,2017,1.5,1.5,30.0
13466,South Korea,MIM-104 PAC-3 MSE,ABM missile,Missiles,2015,64,2018,1.5,1.5,96.0
13467,South Korea,MIM-104 PAC-3 MSE,ABM missile,Missiles,2015,52,2019,1.5,1.5,78.0
13476,South Korea,GMLRS,guided rocket,Missiles,2018,500,2020,0.08,0.08,40.0
13477,South Korea,GMLRS,guided rocket,Missiles,2018,500,2022,0.08,0.08,40.0
13484,South Korea,aircraft engine 1001-2000,aircraft engine,Engines,1992,4,1993,0.5,0.5,2.0
13485,South Korea,aircraft engine 1001-2000,aircraft engine,Engines,1992,20,1994,0.5,0.5,10.0
13486,South Korea,Mk-45-4 127mm,naval gun,Naval weapons,2019,1,2024,7.5,7.5,7.5
13487,South Korea,AIM-120D AMRAAM,long-range air-to-air missile,Missiles,2019,30,2022,0.8,0.8,24.0
13488,South Korea,AIM-120D AMRAAM,long-range air-to-air missile,Missiles,2019,30,2021,0.8,0.8,24.0
13493,South Korea,AQS-13F,anti-submarine sonar,Sensors,1988,6,1990,1.5,1.5,9.0
13494,South Korea,AQS-13F,anti-submarine sonar,Sensors,1988,6,1991,1.5,1.5,9.0
13499,South Korea,MK-41 SAMS,naval SAM system,Naval weapons,2002,1,2012,20.0,20.0,20.0
13500,South Korea,MK-41 SAMS,naval SAM system,Naval weapons,2002,1,2010,20.0,20.0,20.0
13501,South Korea,MK-41 SAMS,naval SAM system,Naval weapons,2002,1,2008,20.0,20.0,20.0
13502,South Korea,MK-41 SAMS,naval SAM system,Naval weapons,1999,1,2003,20.0,20.0,20.0
13503,South Korea,MK-41 SAMS,naval SAM system,Naval weapons,1999,1,2004,20.0,20.0,20.0
13504,South Korea,MK-41 SAMS,naval SAM system,Naval weapons,1999,1,2005,20.0,20.0,20.0
13505,South Korea,MK-41 SAMS,naval SAM system,Naval weapons,1999,1,2006,20.0,20.0,20.0
13506,South Korea,MK-41 SAMS,naval SAM system,Naval weapons,1999,1,2007,20.0,20.0,20.0
13507,South Korea,MK-41 SAMS,naval SAM system,Naval weapons,1999,1,2008,20.0,20.0,20.0
13508,South Korea,LM-2500 (30001-35000),gas turbine,Engines,2009,2,2013,7.0,7.0,14.0
13509,South Korea,LM-2500 (30001-35000),gas turbine,Engines,2009,2,2014,7.0,7.0,14.0
13510,South Korea,LM-2500 (30001-35000),gas turbine,Engines,2009,4,2015,7.0,7.0,28.0
13511,South Korea,LM-2500 (30001-35000),gas turbine,Engines,2009,4,2016,7.0,7.0,28.0
13526,South Korea,M-88 AV,armoured recovery vehicle,Armoured vehicles,1996,4,1998,1.5,1.5,6.0
13527,South Korea,Stinger,portable SAM,Missiles,2015,30,2016,0.08,0.08,2.4
13528,South Korea,Stinger,portable SAM,Missiles,2015,33,2017,0.08,0.08,2.64
13529,South Korea,CH-47D Chinook,transport helicopter,Aircraft,2013,14,2014,18.0,7.2,100.8
13530,South Korea,Harpoon Block-1,anti-ship missile,Missiles,1994,12,2000,0.9,0.9,10.8
13531,South Korea,Harpoon Block-1,anti-ship missile,Missiles,1994,11,2002,0.9,0.9,9.9
13532,South Korea,Harpoon Block-1,anti-ship missile,Missiles,1994,13,2004,0.9,0.9,11.7
13533,South Korea,Harpoon Block-1,anti-ship missile,Missiles,1994,27,1998,0.9,0.9,24.3
13534,South Korea,Harpoon Block-1,anti-ship missile,Missiles,1994,7,1999,0.9,0.9,6.3
13535,South Korea,Harpoon Block-1,anti-ship missile,Missiles,1994,5,2001,0.9,0.9,4.5
13541,South Korea,F-16C,FGA aircraft,Aircraft,1981,4,1991,28.5,28.5,114.0
13546,South Korea,F-16C,FGA aircraft,Aircraft,1981,6,1990,28.5,28.5,171.0
13547,South Korea,F-16C,FGA aircraft,Aircraft,1981,5,1992,28.5,28.5,142.5
13548,South Korea,AAQ-14 LANTIRN,aircraft electro-optical system,Sensors,1989,5,1991,1.0,1.0,5.0
13549,South Korea,AAQ-14 LANTIRN,aircraft electro-optical system,Sensors,1989,5,1992,1.0,1.0,5.0
13550,South Korea,AAQ-13 LANTIRN,combat aircraft radar,Sensors,1989,5,1991,1.0,1.0,5.0
13551,South Korea,AAQ-13 LANTIRN,combat aircraft radar,Sensors,1989,5,1992,1.0,1.0,5.0
13566,South Korea,AIM-9X,long-range air-to-air missile,Missiles,2008,2,2011,0.18,0.18,0.36
13567,South Korea,AIM-9X,long-range air-to-air missile,Missiles,2008,100,2010,0.18,0.18,18.0
13568,South Korea,AAQ-33 Sniper ATP,aircraft electro-optical system,Sensors,2009,10,2013,1.0,1.0,10.0
13569,South Korea,AAQ-33 Sniper ATP,aircraft electro-optical system,Sensors,2009,10,2010,1.0,1.0,10.0
13570,South Korea,AAQ-33 Sniper ATP,aircraft electro-optical system,Sensors,2009,10,2011,1.0,1.0,10.0
13571,South Korea,AAQ-33 Sniper ATP,aircraft electro-optical system,Sensors,2009,10,2012,1.0,1.0,10.0
13572,South Korea,AAQ-33 Sniper ATP,aircraft electro-optical system,Sensors,2013,15,2015,1.0,1.0,15.0
13573,South Korea,AAQ-33 Sniper ATP,aircraft electro-optical system,Sensors,2013,20,2016,1.0,1.0,20.0
13574,South Korea,AAQ-33 Sniper ATP,aircraft electro-optical system,Sensors,2013,15,2017,1.0,1.0,15.0
13582,South Korea,S-76,helicopter,Aircraft,1988,3,1990,3.0,3.0,9.0
13583,South Korea,S-76,helicopter,Aircraft,1988,4,1991,3.0,3.0,12.0
13598,South Korea,MIM-104 PAC-2,SAM,Missiles,2014,50,2016,1.0,1.0,50.0
13599,South Korea,MIM-104 PAC-2,SAM,Missiles,2014,62,2017,1.0,1.0,62.0
13600,South Korea,Harpoon Block-2,anti-ship/land-attack missile,Missiles,2008,59,2011,1.0,1.0,59.0
13601,South Korea,F-15E Strike Eagle,FGA aircraft,Aircraft,2008,4,2012,70.0,70.0,280.0
13602,South Korea,F-15E Strike Eagle,FGA aircraft,Aircraft,2008,11,2011,70.0,70.0,770.0
13603,South Korea,F-15E Strike Eagle,FGA aircraft,Aircraft,2008,6,2010,70.0,70.0,420.0
13604,South Korea,F-16C Block-50,FGA aircraft,Aircraft,1991,4,1994,31.0,31.0,124.0
13605,South Korea,F-16C Block-50,FGA aircraft,Aircraft,1991,10,1995,31.0,31.0,310.0
13606,South Korea,F-16C Block-50,FGA aircraft,Aircraft,1991,34,1996,31.0,31.0,1054.0
13607,South Korea,F-16C Block-50,FGA aircraft,Aircraft,1991,12,1997,31.0,31.0,372.0
13608,South Korea,F-16C Block-50,FGA aircraft,Aircraft,1991,19,1998,31.0,31.0,589.0
13609,South Korea,F-16C Block-50,FGA aircraft,Aircraft,1991,19,1999,31.0,31.0,589.0
13610,South Korea,F-16C Block-50,FGA aircraft,Aircraft,1991,18,2000,31.0,31.0,558.0
13611,South Korea,F-16C Block-50,FGA aircraft,Aircraft,1991,4,2001,31.0,31.0,124.0
13612,South Korea,AAV-7A1,armoured personnel carrier,Armoured vehicles,2006,10,2010,1.0,1.0,10.0
13613,South Korea,AAV-7A1,armoured personnel carrier,Armoured vehicles,2006,20,2007,1.0,1.0,20.0
13614,South Korea,AAV-7A1,armoured personnel carrier,Armoured vehicles,2006,20,2008,1.0,1.0,20.0
13615,South Korea,AAV-7A1,armoured personnel carrier,Armoured vehicles,2006,5,2006,1.0,1.0,5.0
13616,South Korea,AAV-7A1,armoured personnel carrier,Armoured vehicles,2006,20,2009,1.0,1.0,20.0
13617,South Korea,M-109A1 155mm,self-propelled gun,Artillery,1992,105,1993,1.1,1.1,115.5
13618,South Korea,M-109A1 155mm,self-propelled gun,Artillery,1992,105,1994,1.1,1.1,115.5
13619,South Korea,M-109A1 155mm,self-propelled gun,Artillery,1992,105,1995,1.1,1.1,115.5
13620,South Korea,M-109A1 155mm,self-propelled gun,Artillery,1992,105,1996,1.1,1.1,115.5
13621,South Korea,M-109A1 155mm,self-propelled gun,Artillery,1992,108,1997,1.1,1.1,118.8
13622,South Korea,B-737 AEW,airborne early-warning aircraft,Aircraft,2006,2,2011,250.0,250.0,500.0
13623,South Korea,B-737 AEW,airborne early-warning aircraft,Aircraft,2006,2,2012,250.0,250.0,500.0
13624,South Korea,APG-83 SABR,combat aircraft radar,Sensors,2015,35,2022,2.5,2.5,87.5
13625,South Korea,APG-83 SABR,combat aircraft radar,Sensors,2015,15,2021,2.5,2.5,37.5
13626,South Korea,APG-83 SABR,combat aircraft radar,Sensors,2015,35,2023,2.5,2.5,87.5
13627,South Korea,APG-83 SABR,combat aircraft radar,Sensors,2015,35,2024,2.5,2.5,87.5
13628,South Korea,GBU-39 SDB,guided glide bomb,Missiles,2018,271,2019,0.02,0.02,5.42
13629,South Korea,GBU-39 SDB,guided glide bomb,Missiles,2018,271,2020,0.02,0.02,5.42
13630,South Korea,AH-64E Apache,combat helicopter,Aircraft,2013,18,2016,15.0,15.0,270.0
13631,South Korea,AH-64E Apache,combat helicopter,Aircraft,2013,18,2017,15.0,15.0,270.0
13633,South Korea,P-8A,anti-submarine aircraft,Aircraft,2018,6,2024,125.0,125.0,750.0
13638,South Korea,T-38,trainer aircraft,Aircraft,1996,30,1999,3.3,1.32,39.6
13662,South Korea,MIM-104 PAC-2,SAM,Missiles,2008,32,2010,1.0,1.0,32.0
13663,South Korea,MIM-104 PAC-2,SAM,Missiles,2008,32,2011,1.0,1.0,32.0
13664,South Korea,SM-2MR,SAM,Missiles,2006,48,2008,0.3,0.3,14.4
13665,South Korea,AIM-9X,long-range air-to-air missile,Missiles,2013,40,2016,0.18,0.18,7.2
13666,South Korea,AIM-9X,long-range air-to-air missile,Missiles,2013,36,2017,0.18,0.18,6.48
13668,South Korea,S-70L Black Hawk,transport helicopter,Aircraft,1990,7,1991,7.25,7.25,50.75
13669,South Korea,S-70L Black Hawk,transport helicopter,Aircraft,1990,18,1992,7.25,7.25,130.5
13670,South Korea,S-70L Black Hawk,transport helicopter,Aircraft,1990,20,1993,7.25,7.25,145.0
13671,South Korea,S-70L Black Hawk,transport helicopter,Aircraft,1990,20,1994,7.25,7.25,145.0
13672,South Korea,S-70L Black Hawk,transport helicopter,Aircraft,1990,16,1995,7.25,7.25,116.0
13673,South Korea,JDAM,guided bomb,Missiles,2012,246,2013,0.02,0.02,4.92
13687,South Korea,JDAM,guided bomb,Missiles,2003,14,2006,0.02,0.02,0.28
13688,South Korea,S-70L Black Hawk,transport helicopter,Aircraft,1991,3,1991,7.25,7.25,21.75
13714,South Korea,M-109A1 155mm,self-propelled gun,Artillery,1983,30,1990,1.1,1.1,33.0
13715,South Korea,MaxxPro,armoured personnel carrier,Armoured vehicles,2010,10,2011,0.32,0.32,3.2
13716,South Korea,JDAM,guided bomb,Missiles,2013,210,2014,0.02,0.02,4.2
13717,South Korea,JDAM,guided bomb,Missiles,2017,290,2018,0.02,0.02,5.8
13718,South Korea,SM-2MR,SAM,Missiles,2018,30,2024,0.3,0.3,9.0
13721,South Korea,CBU-97,guided bomb,Missiles,2014,361,2016,0.15,0.15,54.15
13727,South Korea,ATACMS-1,surface-to-surface missile,Missiles,1997,111,1999,1.4,1.4,155.4
13728,South Korea,F-404 (8000),turbofan,Engines,2006,12,2010,2.2,2.2,26.4
13729,South Korea,F-404 (8000),turbofan,Engines,2006,12,2009,2.2,2.2,26.4
13730,South Korea,F-404 (8000),turbofan,Engines,2006,10,2008,2.2,2.2,22.0
13731,South Korea,F-404 (8000),turbofan,Engines,2006,12,2011,2.2,2.2,26.4
13732,South Korea,F-404 (8000),turbofan,Engines,2006,11,2012,2.2,2.2,24.2
13733,South Korea,ATACMS-1A,surface-to-surface missile,Missiles,2001,111,2004,2.0,2.0,222.0
13737,South Korea,TOW,anti-tank missile,Missiles,1986,32,1990,0.01,0.01,0.32
13740,South Korea,K-1 ROKIT -,tank,Armoured vehicles,1981,75,1996,3.0,3.0,225.0
13741,South Korea,K-1 ROKIT -,tank,Armoured vehicles,1981,50,1998,3.0,3.0,150.0
13742,South Korea,K-1 ROKIT -,tank,Armoured vehicles,1981,60,1997,3.0,3.0,180.0
13743,South Korea,K-1 ROKIT -,tank,Armoured vehicles,1981,75,1991,3.0,3.0,225.0
13744,South Korea,K-1 ROKIT -,tank,Armoured vehicles,1981,75,1990,3.0,3.0,225.0
13748,South Korea,K-1 ROKIT -,tank,Armoured vehicles,1981,75,1995,3.0,3.0,225.0
13749,South Korea,K-1 ROKIT -,tank,Armoured vehicles,1981,75,1994,3.0,3.0,225.0
13750,South Korea,K-1 ROKIT -,tank,Armoured vehicles,1981,75,1993,3.0,3.0,225.0
13751,South Korea,K-1 ROKIT -,tank,Armoured vehicles,1981,75,1992,3.0,3.0,225.0
13755,South Korea,K-1 ROKIT -,tank,Armoured vehicles,1981,50,1999,3.0,3.0,150.0
13763,South Korea,K-1 chassis,tank chassis,Armoured vehicles,1989,27,1998,1.25,1.25,33.75
13764,South Korea,K-1 chassis,tank chassis,Armoured vehicles,1989,35,1996,1.25,1.25,43.75
13765,South Korea,K-1 chassis,tank chassis,Armoured vehicles,1989,35,1995,1.25,1.25,43.75
13766,South Korea,K-1 chassis,tank chassis,Armoured vehicles,1989,18,2004,1.25,1.25,22.5
13767,South Korea,K-1 chassis,tank chassis,Armoured vehicles,1989,19,1999,1.25,1.25,23.75
13768,South Korea,K-1 chassis,tank chassis,Armoured vehicles,1989,25,1993,1.25,1.25,31.25
13769,South Korea,K-1 chassis,tank chassis,Armoured vehicles,1989,35,1994,1.25,1.25,43.75
13770,South Korea,K-1 chassis,tank chassis,Armoured vehicles,1989,35,1997,1.25,1.25,43.75
13771,South Korea,K-1 chassis,tank chassis,Armoured vehicles,1989,17,2005,1.25,1.25,21.25
13772,South Korea,K-1 chassis,tank chassis,Armoured vehicles,1989,10,2006,1.25,1.25,12.5
13773,South Korea,ship engine 1001-2500,ship engine,Engines,2015,8,2021,0.25,0.25,2.0
13774,South Korea,ship engine 1001-2500,ship engine,Engines,2015,8,2020,0.25,0.25,2.0
13775,South Korea,ship engine 1001-2500,ship engine,Engines,2015,6,2019,0.25,0.25,1.5
13776,South Korea,ship engine 1001-2500,ship engine,Engines,2015,2,2017,0.25,0.25,0.5
13777,South Korea,ship engine 1001-2500,ship engine,Engines,2015,8,2022,0.25,0.25,2.0
13778,South Korea,AIM-9X,long-range air-to-air missile,Missiles,2015,72,2018,0.18,0.18,12.96
13796,South Korea,Phalanx,naval gun,Naval weapons,2015,2,2021,7.0,7.0,14.0
13797,South Korea,Mk-54 LWT,anti-submarine torpedo,Missiles,2020,16,2022,0.5,0.5,8.0
13798,South Korea,Mk-54 LWT,anti-submarine torpedo,Missiles,2020,15,2023,0.5,0.5,7.5
13799,South Korea,Mk-45-4 127mm,naval gun,Naval weapons,2012,1,2018,7.5,7.5,7.5
13800,South Korea,Mk-45-4 127mm,naval gun,Naval weapons,2017,3,2021,7.5,7.5,22.5
13801,South Korea,Mk-45-4 127mm,naval gun,Naval weapons,2017,4,2023,7.5,7.5,30.0
13803,South Korea,Patriot-3 SAMS,SAM system,Air-defence systems,2015,1,2017,55.0,55.0,55.0
13804,South Korea,Patriot-3 SAMS,SAM system,Air-defence systems,2015,2,2018,55.0,55.0,110.0
13805,South Korea,Patriot-3 SAMS,SAM system,Air-defence systems,2015,3,2019,55.0,55.0,165.0
13806,South Korea,Patriot-3 SAMS,SAM system,Air-defence systems,2015,2,2020,55.0,55.0,110.0
13807,South Korea,LM-2500 (30001-35000),gas turbine,Engines,2019,4,2024,7.0,7.0,28.0
13808,South Korea,F-404 (8000),turbofan,Engines,2020,1,2023,2.2,2.2,2.2
13809,South Korea,M-109A1 155mm,self-propelled gun,Artillery,1989,42,1990,1.1,1.1,46.2
13810,South Korea,M-109A1 155mm,self-propelled gun,Artillery,1989,100,1991,1.1,1.1,110.0
13811,South Korea,M-109A1 155mm,self-propelled gun,Artillery,1989,100,1992,1.1,1.1,110.0
13812,South Korea,F-100 EN (12000),turbofan,Engines,1991,3,1998,3.25,3.25,9.75
13813,South Korea,F-100 EN (12000),turbofan,Engines,1991,3,1999,3.25,3.25,9.75
13814,South Korea,F-100 EN (12000),turbofan,Engines,1991,3,2000,3.25,3.25,9.75
13815,South Korea,F-100 EN (12000),turbofan,Engines,1991,3,2001,3.25,3.25,9.75
13820,South Korea,AAV-7A1,armoured personnel carrier,Armoured vehicles,1995,3,1997,1.0,1.0,3.0
13821,South Korea,AAV-7A1,armoured personnel carrier,Armoured vehicles,1995,18,1998,1.0,1.0,18.0
13822,South Korea,AAV-7A1,armoured personnel carrier,Armoured vehicles,1995,18,1999,1.0,1.0,18.0
13823,South Korea,AAV-7A1,armoured personnel carrier,Armoured vehicles,1995,17,2000,1.0,1.0,17.0
13824,South Korea,AAV-7A1,armoured personnel carrier,Armoured vehicles,1995,1,2001,1.0,1.0,1.0
13825,South Korea,S-70L Black Hawk,transport helicopter,Aircraft,1994,7,1995,7.25,7.25,50.75
13826,South Korea,S-70L Black Hawk,transport helicopter,Aircraft,1994,20,1996,7.25,7.25,145.0
13827,South Korea,S-70L Black Hawk,transport helicopter,Aircraft,1994,10,1997,7.25,7.25,72.5
13828,South Korea,S-70L Black Hawk,transport helicopter,Aircraft,1994,10,1998,7.25,7.25,72.5
13829,South Korea,S-70L Black Hawk,transport helicopter,Aircraft,1994,10,1999,7.25,7.25,72.5
13830,South Korea,Mk-45 127mm,naval gun,Naval weapons,1999,1,2005,5.25,5.25,5.25
13831,South Korea,Mk-45 127mm,naval gun,Naval weapons,1999,1,2003,5.25,5.25,5.25
13832,South Korea,Mk-45 127mm,naval gun,Naval weapons,1999,1,2004,5.25,5.25,5.25
13833,South Korea,FDCV,armoured personnel carrier,Armoured vehicles,1995,41,1998,0.45,0.45,18.45
13834,South Korea,FDCV,armoured personnel carrier,Armoured vehicles,1995,77,1999,0.45,0.45,34.65
13835,South Korea,F-15E Strike Eagle,FGA aircraft,Aircraft,2002,4,2005,70.0,70.0,280.0
13836,South Korea,F-15E Strike Eagle,FGA aircraft,Aircraft,2002,14,2006,70.0,70.0,980.0
13837,South Korea,F-15E Strike Eagle,FGA aircraft,Aircraft,2002,10,2008,70.0,70.0,700.0
13838,South Korea,F-15E Strike Eagle,FGA aircraft,Aircraft,2002,12,2007,70.0,70.0,840.0
13839,South Korea,TPS-77,air-search radar,Sensors,2000,4,2002,11.0,11.0,44.0
13840,South Korea,AAV-7A1,armoured personnel carrier,Armoured vehicles,2000,12,2002,1.0,1.0,12.0
13841,South Korea,AAV-7A1,armoured personnel carrier,Armoured vehicles,2000,12,2003,1.0,1.0,12.0
13842,South Korea,AAV-7A1,armoured personnel carrier,Armoured vehicles,2000,12,2004,1.0,1.0,12.0
13843,South Korea,AAV-7A1,armoured personnel carrier,Armoured vehicles,2000,12,2005,1.0,1.0,12.0
13844,South Korea,AAV-7A1,armoured personnel carrier,Armoured vehicles,2000,9,2006,1.0,1.0,9.0
13845,South Korea,AAV-7A1,armoured personnel carrier,Armoured vehicles,2000,10,2001,1.0,1.0,10.0
13846,South Korea,TPS-77,air-search radar,Sensors,2002,3,2004,11.0,11.0,33.0
13849,South Korea,JDAM,guided bomb,Missiles,2018,1132,2019,0.02,0.02,22.64
13875,South Korea,M-48A5,tank,Armoured vehicles,1995,275,1995,1.75,0.7,192.5
13876,South Korea,SPG-62,fire-control radar,Sensors,2002,3,2010,4.5,4.5,13.5
13877,South Korea,SPG-62,fire-control radar,Sensors,2002,3,2008,4.5,4.5,13.5
13878,South Korea,SPG-62,fire-control radar,Sensors,2002,3,2012,4.5,4.5,13.5
13879,South Korea,LM-2500 (30001-35000),gas turbine,Engines,2002,4,2010,7.0,7.0,28.0
13880,South Korea,LM-2500 (30001-35000),gas turbine,Engines,2002,4,2008,7.0,7.0,28.0
13881,South Korea,LM-2500 (30001-35000),gas turbine,Engines,2002,4,2012,7.0,7.0,28.0
13882,South Korea,Mk-45 127mm,naval gun,Naval weapons,2002,1,2008,5.25,5.25,5.25
13883,South Korea,Mk-45 127mm,naval gun,Naval weapons,2002,1,2010,5.25,5.25,5.25
13884,South Korea,Mk-45 127mm,naval gun,Naval weapons,2002,1,2012,5.25,5.25,5.25
13885,South Korea,SPS-67,sea-search radar,Sensors,2002,1,2008,1.0,1.0,1.0
13886,South Korea,SPS-67,sea-search radar,Sensors,2002,1,2010,1.0,1.0,1.0
13887,South Korea,SPS-67,sea-search radar,Sensors,2002,1,2012,1.0,1.0,1.0
13888,South Korea,SQS-53,anti-submarine sonar,Sensors,2002,1,2010,7.5,7.5,7.5
13889,South Korea,SQS-53,anti-submarine sonar,Sensors,2002,1,2008,7.5,7.5,7.5
13890,South Korea,SQS-53,anti-submarine sonar,Sensors,2002,1,2012,7.5,7.5,7.5
13891,South Korea,AIM-9X,long-range air-to-air missile,Missiles,2018,30,2020,0.18,0.18,5.4
13892,South Korea,AIM-9X,long-range air-to-air missile,Missiles,2018,30,2021,0.18,0.18,5.4
13893,South Korea,SM-2MR,SAM,Missiles,2016,17,2021,0.3,0.3,5.1
13895,South Korea,RH-800RA,reconnaissance aircraft,Aircraft,1996,4,2000,30.0,30.0,120.0
13896,South Korea,RH-800RA,reconnaissance aircraft,Aircraft,1996,4,2001,30.0,30.0,120.0
13898,South Korea,Mk-45 127mm,naval gun,Naval weapons,2009,1,2013,5.25,5.25,5.25
13899,South Korea,Mk-45 127mm,naval gun,Naval weapons,2009,1,2014,5.25,5.25,5.25
13900,South Korea,Mk-45 127mm,naval gun,Naval weapons,2009,2,2015,5.25,5.25,10.5
13901,South Korea,Mk-45 127mm,naval gun,Naval weapons,2009,2,2016,5.25,5.25,10.5
13902,South Korea,Phalanx,naval gun,Naval weapons,2011,1,2013,7.0,7.0,7.0
13903,South Korea,Phalanx,naval gun,Naval weapons,2011,1,2014,7.0,7.0,7.0
13904,South Korea,Phalanx,naval gun,Naval weapons,2011,2,2015,7.0,7.0,14.0
13905,South Korea,Phalanx,naval gun,Naval weapons,2011,2,2016,7.0,7.0,14.0
13909,South Korea,GBU-28,guided bomb,Missiles,2011,150,2013,0.1,0.1,15.0
13910,South Korea,aircraft engine 1001-2000,aircraft engine,Engines,2012,16,2016,0.5,0.5,8.0
13911,South Korea,APG-78 Longbow,combat helicopter radar,Sensors,2013,6,2017,3.0,3.0,18.0
13912,South Korea,aircraft engine 2001-3000,aircraft engine,Engines,2013,2,2016,0.75,0.75,1.5
13936,South Korea,F-16C Block-50,FGA aircraft,Aircraft,2000,10,2003,31.0,31.0,310.0
13937,South Korea,F-16C Block-50,FGA aircraft,Aircraft,2000,10,2004,31.0,31.0,310.0
13938,South Korea,M-9 ACE,armoured engineer vehicle,Armoured vehicles,1995,27,1995,0.68,0.68,18.36
13939,South Korea,M-9 ACE,armoured engineer vehicle,Armoured vehicles,1995,60,1996,0.68,0.68,40.8
13940,South Korea,M-9 ACE,armoured engineer vehicle,Armoured vehicles,1995,60,1997,0.68,0.68,40.8
13941,South Korea,M-9 ACE,armoured engineer vehicle,Armoured vehicles,1995,60,1998,0.68,0.68,40.8
13960,South Korea,Harpoon Block-1,anti-ship missile,Missiles,1996,33,1998,0.9,0.9,29.7
13962,South Korea,Harpoon Block-1,anti-ship missile,Missiles,1987,100,1990,0.9,0.9,90.0
13964,South Korea,HCDS,coastal defence system,Artillery,1988,2,1990,10.0,10.0,20.0
13965,South Korea,AGM-84H SLAM-ER,air-to-surface missile,Missiles,2003,11,2008,1.25,1.25,13.75
13966,South Korea,AGM-84H SLAM-ER,air-to-surface missile,Missiles,2003,18,2006,1.25,1.25,22.5
13967,South Korea,AGM-84H SLAM-ER,air-to-surface missile,Missiles,2003,18,2007,1.25,1.25,22.5
13968,South Korea,F-404 (8000),turbofan,Engines,2003,5,2008,2.2,2.2,11.0
13969,South Korea,F-404 (8000),turbofan,Engines,2003,10,2006,2.2,2.2,22.0
13970,South Korea,F-404 (8000),turbofan,Engines,2003,12,2007,2.2,2.2,26.4
13971,South Korea,RQ-4,UAV,Aircraft,2014,1,2019,35.0,35.0,35.0
13972,South Korea,RQ-4,UAV,Aircraft,2014,3,2020,35.0,35.0,105.0
13973,South Korea,ship engine 4001-6000,ship engine,Engines,2005,10,2014,1.5,1.5,15.0
13974,South Korea,ship engine 4001-6000,ship engine,Engines,2005,6,2013,1.5,1.5,9.0
13975,South Korea,ship engine 4001-6000,ship engine,Engines,2005,2,2012,1.5,1.5,3.0
13976,South Korea,ship engine 4001-6000,ship engine,Engines,2005,14,2011,1.5,1.5,21.0
13977,South Korea,ship engine 4001-6000,ship engine,Engines,2005,2,2008,1.5,1.5,3.0
13978,South Korea,ship engine 4001-6000,ship engine,Engines,2005,2,2018,1.5,1.5,3.0
13979,South Korea,Paveway,guided bomb,Missiles,2004,50,2005,0.02,0.02,1.0
13980,South Korea,SM-2MR,SAM,Missiles,2004,53,2008,0.3,0.3,15.9
13981,South Korea,SM-2MR,SAM,Missiles,2004,53,2007,0.3,0.3,15.9
13982,South Korea,SM-2MR,SAM,Missiles,2004,53,2006,0.3,0.3,15.9
13984,South Korea,JDAM,guided bomb,Missiles,2008,140,2010,0.02,0.02,2.8
13985,South Korea,JDAM,guided bomb,Missiles,2008,140,2011,0.02,0.02,2.8
13986,South Korea,AIM-120C AMRAAM,long-range air-to-air missile,Missiles,2008,1,2012,0.6,0.6,0.6
13987,South Korea,AIM-120C AMRAAM,long-range air-to-air missile,Missiles,2008,12,2011,0.6,0.6,7.2
13988,South Korea,AIM-120C AMRAAM,long-range air-to-air missile,Missiles,2008,26,2014,0.6,0.6,15.6
13989,South Korea,AIM-120C AMRAAM,long-range air-to-air missile,Missiles,2008,86,2015,0.6,0.6,51.6
13990,South Korea,SM-2MR,SAM,Missiles,2010,62,2012,0.3,0.3,18.6
13991,South Korea,AIM-9X,long-range air-to-air missile,Missiles,2012,3,2012,0.18,0.18,0.54
13992,South Korea,AIM-9X,long-range air-to-air missile,Missiles,2012,52,2013,0.18,0.18,9.36
13993,South Korea,Paveway,guided bomb,Missiles,2011,150,2013,0.02,0.02,3.0
13994,South Korea,Paveway,guided bomb,Missiles,2011,107,2011,0.02,0.02,2.14
13995,South Korea,Harpoon Block-2,anti-ship/land-attack missile,Missiles,2012,11,2016,1.0,1.0,11.0
13996,South Korea,Harpoon Block-2,anti-ship/land-attack missile,Missiles,2012,5,2017,1.0,1.0,5.0
13997,South Korea,Harpoon Block-2,anti-ship/land-attack missile,Missiles,2012,2,2018,1.0,1.0,2.0
13998,South Korea,AGM-114 Hellfire-2,anti-tank/air-to-surface missile,Missiles,2013,100,2016,0.05,0.05,5.0
13999,South Korea,AGM-114 Hellfire-2,anti-tank/air-to-surface missile,Missiles,2013,188,2017,0.05,0.05,9.4
14000,South Korea,SM-2MR,SAM,Missiles,2011,19,2013,0.3,0.3,5.7
14001,South Korea,aircraft engine 3001-4500,aircraft engine,Engines,2013,5,2014,1.1,0.44,2.2
14002,South Korea,AGM-65 Maverick,air-to-surface missile,Missiles,2014,50,2015,0.15,0.15,7.5
14003,South Korea,AGM-65 Maverick,air-to-surface missile,Missiles,2014,50,2016,0.15,0.15,7.5
14023,South Korea,CH-47C Chinook,transport helicopter,Aircraft,1990,4,1991,15.0,15.0,60.0
14024,South Korea,CH-47C Chinook,transport helicopter,Aircraft,1990,2,1992,15.0,15.0,30.0
14084,South Korea,AH-1S Cobra,combat helicopter,Aircraft,1986,2,1990,4.28,4.28,8.56
14157,South Korea,TOW,anti-tank missile,Missiles,1987,204,1992,0.01,0.01,2.04
14158,South Korea,TOW,anti-tank missile,Missiles,1987,250,1990,0.01,0.01,2.5
14159,South Korea,TOW,anti-tank missile,Missiles,1987,250,1991,0.01,0.01,2.5
14163,South Korea,Harpoon Block-1,anti-ship missile,Missiles,1988,22,1990,0.9,0.9,19.8
14165,South Korea,AIM-7F Sparrow,long-range air-to-air missile,Missiles,1988,38,1990,0.16,0.16,6.08
14167,South Korea,LM-2500 (30001-35000),gas turbine,Engines,1979,6,1990,7.0,7.0,42.0
14168,South Korea,LM-2500 (30001-35000),gas turbine,Engines,1979,6,1993,7.0,7.0,42.0
14179,South Korea,AIM-9J,short-range air-to-air missile,Missiles,1989,250,1991,0.09,0.09,22.5
14180,South Korea,AIM-9J,short-range air-to-air missile,Missiles,1989,250,1990,0.09,0.09,22.5
14182,South Korea,RF-4C Phantom-2,reconnaissance aircraft,Aircraft,1990,9,1990,21.0,8.4,75.6
14185,South Korea,TPS-77,air-search radar,Sensors,1990,1,1992,11.0,11.0,11.0
14186,South Korea,TPS-77,air-search radar,Sensors,1990,1,1993,11.0,11.0,11.0
14187,South Korea,TPS-77,air-search radar,Sensors,1990,1,1994,11.0,11.0,11.0
14188,South Korea,C-130H Hercules,transport aircraft,Aircraft,1988,6,1990,28.0,28.0,168.0
14189,South Korea,C-130H Hercules,transport aircraft,Aircraft,1988,2,1991,28.0,28.0,56.0
14190,South Korea,AIM-7P,long-range air-to-air missile,Missiles,1992,24,1998,0.2,0.2,4.8
14191,South Korea,AIM-7P,long-range air-to-air missile,Missiles,1992,21,1999,0.2,0.2,4.2
14192,South Korea,P-3C-3,anti-submarine aircraft,Aircraft,1990,8,1995,66.9,66.9,535.2
14193,South Korea,Harpoon Block-1,anti-ship missile,Missiles,1992,3,1998,0.9,0.9,2.7
14194,South Korea,Harpoon Block-1,anti-ship missile,Missiles,1992,25,1995,0.9,0.9,22.5
14195,South Korea,AIM-7M,long-range air-to-air missile,Missiles,1991,90,1992,0.18,0.18,16.2
14196,South Korea,AIM-7M,long-range air-to-air missile,Missiles,1991,89,1993,0.18,0.18,16.02
14197,South Korea,AGM-88 HARM,anti-radar missile,Missiles,1995,66,1997,0.25,0.25,16.5
14198,South Korea,AGM-88 HARM,anti-radar missile,Missiles,1995,66,1998,0.25,0.25,16.5
14199,South Korea,AIM-120A AMRAAM,long-range air-to-air missile,Missiles,1993,190,1998,0.4,0.4,76.0
14200,South Korea,AGM-65 Maverick,air-to-surface missile,Missiles,1993,63,1997,0.15,0.15,9.45
14201,South Korea,AGM-65 Maverick,air-to-surface missile,Missiles,1993,64,1998,0.15,0.15,9.6
14202,South Korea,AIM-9M,short-range air-to-air missile,Missiles,1994,284,1998,0.12,0.12,34.08
14203,South Korea,AIM-9M,short-range air-to-air missile,Missiles,1994,16,1999,0.12,0.12,1.92
14209,South Korea,SPS-49,air-search radar,Sensors,1994,1,1998,5.0,5.0,5.0
14210,South Korea,SPS-49,air-search radar,Sensors,1994,1,1999,5.0,5.0,5.0
14211,South Korea,SPS-49,air-search radar,Sensors,1994,1,2000,5.0,5.0,5.0
14212,South Korea,TPQ-36,artillery locating radar,Sensors,1992,2,1994,3.0,3.0,6.0
14213,South Korea,TPQ-36,artillery locating radar,Sensors,1992,9,1995,3.0,3.0,27.0
14214,South Korea,TPQ-37 Firefinder,artillery locating radar,Sensors,1994,4,1995,8.0,8.0,32.0
14218,South Korea,L-88 LASS,air-search radar,Sensors,1986,2,1990,10.0,10.0,20.0
14224,South Korea,M-110A2 203mm,self-propelled gun,Artillery,1995,13,1995,1.1,0.44,5.72
14230,South Korea,AGM-88 HARM,anti-radar missile,Missiles,1992,40,1994,0.25,0.25,10.0
14231,South Korea,M-113,armoured personnel carrier,Armoured vehicles,1996,14,1999,0.25,0.25,3.5
14232,South Korea,M-270 MLRS,multiple rocket launcher,Artillery,1996,10,1998,1.2,1.2,12.0
14233,South Korea,M-270 MLRS,multiple rocket launcher,Artillery,1996,19,1999,1.2,1.2,22.8
14235,South Korea,Edenton,support ship,Ships,1996,2,1997,30.0,12.0,24.0
14236,South Korea,AH-1S Cobra,combat helicopter,Aircraft,1990,20,1991,4.28,4.28,85.6
14238,South Korea,SPS-49,air-search radar,Sensors,1999,1,2005,5.0,5.0,5.0
14239,South Korea,SPS-49,air-search radar,Sensors,1999,1,2003,5.0,5.0,5.0
14240,South Korea,SPS-49,air-search radar,Sensors,1999,1,2004,5.0,5.0,5.0
14241,South Korea,F-110 (13500),turbofan,Engines,2001,2,2005,3.25,3.25,6.5
14242,South Korea,F-110 (13500),turbofan,Engines,2001,2,2006,3.25,3.25,6.5
14243,South Korea,F-110 (13500),turbofan,Engines,2001,2,2007,3.25,3.25,6.5
14244,South Korea,F-110 (13500),turbofan,Engines,2001,2,2008,3.25,3.25,6.5
14245,South Korea,TOW,anti-tank missile,Missiles,2000,135,2002,0.01,0.01,1.35
14246,South Korea,TOW,anti-tank missile,Missiles,2000,135,2001,0.01,0.01,1.35
14247,South Korea,AIM-7M,long-range air-to-air missile,Missiles,1996,40,1997,0.18,0.18,7.2
14248,South Korea,AIM-120B AMRAAM,long-range air-to-air missile,Missiles,2000,100,2000,0.4,0.4,40.0
14250,South Korea,SM-2MR,SAM,Missiles,2000,14,2003,0.3,0.3,4.2
14251,South Korea,SM-2MR,SAM,Missiles,2000,64,2004,0.3,0.3,19.2
14252,South Korea,SM-2MR,SAM,Missiles,2000,32,2005,0.3,0.3,9.6
14253,South Korea,RIM-116A RAM,SAM,Missiles,2001,24,2004,0.14,0.14,3.36
14254,South Korea,RIM-116A RAM,SAM,Missiles,2001,40,2005,0.14,0.14,5.6
14257,South Korea,M-270 MLRS,multiple rocket launcher,Artillery,2002,4,2002,1.2,1.2,4.8
14258,South Korea,M-270 MLRS,multiple rocket launcher,Artillery,2002,17,2003,1.2,1.2,20.4
14259,South Korea,M-270 MLRS,multiple rocket launcher,Artillery,2002,8,2004,1.2,1.2,9.6
14260,South Korea,Shadow-400,UAV,Aircraft,2000,2,2001,0.15,0.15,0.3
14261,South Korea,Shadow-400,UAV,Aircraft,2000,2,2002,0.15,0.15,0.3
14266,South Korea,AIM-120A AMRAAM,long-range air-to-air missile,Missiles,1993,88,1995,0.4,0.4,35.2
14267,South Korea,APG-67,combat aircraft radar,Sensors,2006,11,2011,2.5,2.5,27.5
14268,South Korea,APG-67,combat aircraft radar,Sensors,2006,11,2012,2.5,2.5,27.5
14269,South Korea,SPY-1D,air-search radar,Sensors,2002,1,2008,22.0,22.0,22.0
14270,South Korea,SPY-1D,air-search radar,Sensors,2002,1,2010,22.0,22.0,22.0
14271,South Korea,SPY-1D,air-search radar,Sensors,2002,1,2012,22.0,22.0,22.0
14278,South Korea,AIM-9X,long-range air-to-air missile,Missiles,2004,16,2006,0.18,0.18,2.88
14279,South Korea,AIM-9X,long-range air-to-air missile,Missiles,2004,89,2007,0.18,0.18,16.02
14280,South Korea,AIM-120C AMRAAM,long-range air-to-air missile,Missiles,2002,72,2005,0.6,0.6,43.2
14281,South Korea,AIM-120C AMRAAM,long-range air-to-air missile,Missiles,2002,75,2006,0.6,0.6,45.0
14282,South Korea,Harpoon Block-1,anti-ship missile,Missiles,2001,18,2003,0.9,0.9,16.2
14283,South Korea,Tiger Eyes,aircraft electro-optical system,Sensors,2002,4,2005,3.0,3.0,12.0
14284,South Korea,Tiger Eyes,aircraft electro-optical system,Sensors,2002,10,2008,3.0,3.0,30.0
14285,South Korea,Tiger Eyes,aircraft electro-optical system,Sensors,2002,12,2007,3.0,3.0,36.0
14286,South Korea,Tiger Eyes,aircraft electro-optical system,Sensors,2002,14,2006,3.0,3.0,42.0
14287,South Korea,Mk-46-5,anti-submarine torpedo,Missiles,1995,25,2000,0.35,0.35,8.75
14288,South Korea,Mk-46-5,anti-submarine torpedo,Missiles,1995,25,2004,0.35,0.35,8.75
14289,South Korea,Mk-46-5,anti-submarine torpedo,Missiles,1995,25,2003,0.35,0.35,8.75
14290,South Korea,Mk-46-5,anti-submarine torpedo,Missiles,1995,25,2002,0.35,0.35,8.75
14291,South Korea,Mk-46-5,anti-submarine torpedo,Missiles,1995,25,2001,0.35,0.35,8.75
14292,South Korea,Mk-46-5,anti-submarine torpedo,Missiles,1995,25,1999,0.35,0.35,8.75
14293,South Korea,Mk-46-5,anti-submarine torpedo,Missiles,1995,25,1998,0.35,0.35,8.75
14294,South Korea,Mk-46-5,anti-submarine torpedo,Missiles,1995,25,2005,0.35,0.35,8.75
14295,South Korea,RIM-116A RAM,SAM,Missiles,2004,25,2008,0.14,0.14,3.5
14296,South Korea,RIM-116A RAM,SAM,Missiles,2004,25,2010,0.14,0.14,3.5
14297,South Korea,RIM-116A RAM,SAM,Missiles,2004,25,2007,0.14,0.14,3.5
14298,South Korea,RIM-116A RAM,SAM,Missiles,2004,25,2011,0.14,0.14,3.5
14299,South Korea,RIM-116A RAM,SAM,Missiles,2004,30,2009,0.14,0.14,4.2
14300,South Korea,AGM-65 Maverick,air-to-surface missile,Missiles,2002,3,2003,0.15,0.15,0.45
14306,South Korea,Phalanx,naval gun,Naval weapons,2014,4,2023,7.0,7.0,28.0
14307,South Korea,Phalanx,naval gun,Naval weapons,2014,3,2021,7.0,7.0,21.0
14308,South Korea,Phalanx,naval gun,Naval weapons,2014,2,2018,7.0,7.0,14.0
14309,South Korea,LM-2500 (30001-35000),gas turbine,Engines,1999,2,2003,7.0,7.0,14.0
14310,South Korea,LM-2500 (30001-35000),gas turbine,Engines,1999,2,2004,7.0,7.0,14.0
14311,South Korea,LM-2500 (30001-35000),gas turbine,Engines,1999,2,2005,7.0,7.0,14.0
14312,South Korea,LM-2500 (30001-35000),gas turbine,Engines,1993,2,1998,7.0,7.0,14.0
14313,South Korea,LM-2500 (30001-35000),gas turbine,Engines,1993,2,1999,7.0,7.0,14.0
14314,South Korea,LM-2500 (30001-35000),gas turbine,Engines,1993,2,2000,7.0,7.0,14.0
14319,South Korea,DE-1167,anti-submarine sonar,Sensors,1979,1,1990,5.0,5.0,5.0
14320,South Korea,DE-1167,anti-submarine sonar,Sensors,1979,2,1993,5.0,5.0,10.0
14321,South Korea,AQS-13F,anti-submarine sonar,Sensors,1997,3,2001,1.5,1.5,4.5
14322,South Korea,AQS-13F,anti-submarine sonar,Sensors,1997,3,1999,1.5,1.5,4.5
14323,South Korea,AQS-13F,anti-submarine sonar,Sensors,1997,7,2000,1.5,1.5,10.5
14324,South Korea,Harpoon Block-2,anti-ship/land-attack missile,Missiles,2020,12,2021,1.0,1.0,12.0
14325,South Korea,Harpoon Block-2,anti-ship/land-attack missile,Missiles,2020,7,2022,1.0,1.0,7.0
14328,South Korea,RIM-116A RAM,SAM,Missiles,2006,30,2007,0.14,0.14,4.2
14329,South Korea,Harpoon Block-2,anti-ship/land-attack missile,Missiles,2006,18,2007,1.0,1.0,18.0
14330,South Korea,Harpoon Block-2,anti-ship/land-attack missile,Missiles,2006,8,2008,1.0,1.0,8.0
14331,South Korea,F-35A Lightning-2,FGA aircraft,Aircraft,2014,10,2021,55.0,55.0,550.0
14332,South Korea,F-35A Lightning-2,FGA aircraft,Aircraft,2014,10,2020,55.0,55.0,550.0
14333,South Korea,F-35A Lightning-2,FGA aircraft,Aircraft,2014,10,2019,55.0,55.0,550.0
14334,South Korea,F-35A Lightning-2,FGA aircraft,Aircraft,2014,6,2018,55.0,55.0,330.0
14335,South Korea,F-35A Lightning-2,FGA aircraft,Aircraft,2014,4,2022,55.0,55.0,220.0
14336,South Korea,MH-60R -,anti-submarine helicopter,Aircraft,2021,3,2024,16.5,16.5,49.5
14337,South Korea,P-3CUP,anti-submarine aircraft,Aircraft,2005,8,2010,75.0,75.0,600.0
14338,South Korea,SPY-1D,air-search radar,Sensors,2016,1,2024,22.0,22.0,22.0
14339,South Korea,K-1A1 -,tank,Armoured vehicles,1994,50,2004,3.5,3.5,175.0
14340,South Korea,K-1A1 -,tank,Armoured vehicles,1994,50,2002,3.5,3.5,175.0
14341,South Korea,K-1A1 -,tank,Armoured vehicles,1994,50,2003,3.5,3.5,175.0
14342,South Korea,K-1A1 -,tank,Armoured vehicles,1994,50,2001,3.5,3.5,175.0
14343,South Korea,K-1A1 -,tank,Armoured vehicles,1994,40,2000,3.5,3.5,140.0
14344,South Korea,K-1A1 -,tank,Armoured vehicles,1994,10,1999,3.5,3.5,35.0
14345,South Korea,K-1A1 -,tank,Armoured vehicles,1994,44,2008,3.5,3.5,154.0
14346,South Korea,K-1A1 -,tank,Armoured vehicles,1994,50,2005,3.5,3.5,175.0
14347,South Korea,K-1A1 -,tank,Armoured vehicles,1994,50,2006,3.5,3.5,175.0
14348,South Korea,K-1A1 -,tank,Armoured vehicles,1994,50,2007,3.5,3.5,175.0
14349,South Korea,K-1A1 -,tank,Armoured vehicles,1994,40,2009,3.5,3.5,140.0
14350,South Korea,AIM-120C AMRAAM,long-range air-to-air missile,Missiles,2014,11,2016,0.6,0.6,6.6
14351,South Korea,AIM-120C AMRAAM,long-range air-to-air missile,Missiles,2014,184,2018,0.6,0.6,110.4
14352,South Korea,AIM-120C AMRAAM,long-range air-to-air missile,Missiles,2014,79,2017,0.6,0.6,47.4
14353,South Korea,MK-41 SAMS,naval SAM system,Naval weapons,2019,1,2024,20.0,20.0,20.0
14354,South Korea,F-404 (8000),turbofan,Engines,2013,8,2013,2.2,2.2,17.6
14355,South Korea,F-404 (8000),turbofan,Engines,2013,12,2014,2.2,2.2,26.4
14356,South Korea,F-404 (8000),turbofan,Engines,2013,20,2015,2.2,2.2,44.0
14357,South Korea,F-404 (8000),turbofan,Engines,2013,20,2016,2.2,2.2,44.0
14360,South Korea,C-130J Hercules,transport aircraft,Aircraft,2010,4,2014,40.0,40.0,160.0
14361,South Korea,ship engine 4001-6000,ship engine,Engines,2015,8,2020,1.5,1.5,12.0
14362,South Korea,ship engine 4001-6000,ship engine,Engines,2015,8,2021,1.5,1.5,12.0
14363,South Korea,ship engine 4001-6000,ship engine,Engines,2015,6,2019,1.5,1.5,9.0
14364,South Korea,ship engine 4001-6000,ship engine,Engines,2015,2,2017,1.5,1.5,3.0
14365,South Korea,ship engine 4001-6000,ship engine,Engines,2015,8,2022,1.5,1.5,12.0
14370,South Korea,SM-2MR,SAM,Missiles,2008,50,2009,0.3,0.3,15.0
14371,South Korea,SM-2MR,SAM,Missiles,2008,30,2013,0.3,0.3,9.0
14372,South Korea,SM-2MR,SAM,Missiles,2008,50,2010,0.3,0.3,15.0
14373,South Korea,SM-2MR,SAM,Missiles,2008,24,2011,0.3,0.3,7.2
14374,South Korea,SM-2MR,SAM,Missiles,2008,56,2012,0.3,0.3,16.8
14594,Spain,F-404 (8000),turbofan,Engines,2023,10,2024,2.2,0.88,8.8
14618,Spain,vehicle engine 601-800,vehicle engine,Engines,1982,68,1990,0.11,0.11,7.48
14633,Spain,TOW-2B,anti-tank missile,Missiles,1987,100,1995,0.02,0.02,2.0
14634,Spain,TOW-2B,anti-tank missile,Missiles,1987,900,1997,0.02,0.02,18.0
14635,Spain,TOW-2B,anti-tank missile,Missiles,1987,855,1998,0.02,0.02,17.1
14636,Spain,TOW-2B,anti-tank missile,Missiles,1987,145,1996,0.02,0.02,2.9
14637,Spain,MK-41 SAMS,naval SAM system,Naval weapons,1996,1,2002,20.0,20.0,20.0
14638,Spain,MK-41 SAMS,naval SAM system,Naval weapons,1996,1,2003,20.0,20.0,20.0
14639,Spain,MK-41 SAMS,naval SAM system,Naval weapons,1996,1,2004,20.0,20.0,20.0
14640,Spain,MK-41 SAMS,naval SAM system,Naval weapons,1996,1,2006,20.0,20.0,20.0
14641,Spain,MK-41 SAMS,naval SAM system,Naval weapons,2006,1,2012,20.0,20.0,20.0
14642,Spain,AIM-120C AMRAAM,long-range air-to-air missile,Missiles,2017,4,2019,0.6,0.6,2.4
14645,Spain,AIM-120B AMRAAM,long-range air-to-air missile,Missiles,1998,50,2000,0.4,0.4,20.0
14646,Spain,AIM-120B AMRAAM,long-range air-to-air missile,Missiles,1998,50,2001,0.4,0.4,20.0
14654,Spain,Newport,landing ship,Ships,1994,1,1994,75.42,30.17,30.17
14655,Spain,Newport,landing ship,Ships,1994,1,1995,75.42,30.17,30.17
14658,Spain,AV-8B PLUS -,FGA aircraft,Aircraft,2000,2,2004,27.0,27.0,54.0
14659,Spain,AV-8B PLUS -,FGA aircraft,Aircraft,2000,2,2003,27.0,27.0,54.0
14660,Spain,AV-8B PLUS -,FGA aircraft,Aircraft,2000,1,2002,27.0,27.0,27.0
14666,Spain,F-18A,FGA aircraft,Aircraft,1983,8,1990,30.0,30.0,240.0
14675,Spain,Perry -,frigate,Ships,1990,2,1994,292.5,292.5,585.0
14679,Spain,Perry -,frigate,Ships,1986,1,1990,292.5,292.5,292.5
14680,Spain,MaxxPro,armoured personnel carrier,Armoured vehicles,2014,14,2016,0.32,0.13,1.79
14681,Spain,JDAM,guided bomb,Missiles,2016,50,2018,0.02,0.02,1.0
14690,Spain,ship engine 6001-8000,ship engine,Engines,1996,2,2006,2.5,2.5,5.0
14691,Spain,ship engine 6001-8000,ship engine,Engines,1996,2,2004,2.5,2.5,5.0
14692,Spain,ship engine 6001-8000,ship engine,Engines,1996,2,2003,2.5,2.5,5.0
14693,Spain,ship engine 6001-8000,ship engine,Engines,1996,2,2002,2.5,2.5,5.0
14694,Spain,ship engine 6001-8000,ship engine,Engines,1996,2,2012,2.5,2.5,5.0
14695,Spain,ship engine 6001-8000,ship engine,Engines,1994,2,2000,2.5,2.5,5.0
14696,Spain,ship engine 6001-8000,ship engine,Engines,1994,2,1998,2.5,2.5,5.0
14706,Spain,M-60A3,tank,Armoured vehicles,1991,71,1992,2.1,0.84,59.64
14707,Spain,M-60A3,tank,Armoured vehicles,1991,189,1993,2.1,0.84,158.76
14714,Spain,M-113,armoured personnel carrier,Armoured vehicles,1991,100,1993,0.25,0.1,10.0
14749,Spain,SM-2MR,SAM,Missiles,2007,36,2009,0.3,0.3,10.8
14750,Spain,TOW,anti-tank missile,Missiles,2009,1000,2009,0.01,0.01,10.0
14751,Spain,JDAM,guided bomb,Missiles,2006,40,2007,0.02,0.02,0.8
14753,Spain,AV-8B PLUS -,FGA aircraft,Aircraft,1993,5,1996,27.0,27.0,135.0
14754,Spain,AV-8B PLUS -,FGA aircraft,Aircraft,1993,3,1997,27.0,27.0,81.0
14770,Spain,Mk-45 127mm,naval gun,Naval weapons,1999,1,2002,5.25,3.47,3.47
14771,Spain,Mk-45 127mm,naval gun,Naval weapons,1999,1,2003,5.25,3.47,3.47
14772,Spain,Mk-45 127mm,naval gun,Naval weapons,1999,1,2004,5.25,3.47,3.47
14773,Spain,Mk-45 127mm,naval gun,Naval weapons,1999,1,2006,5.25,3.47,3.47
14774,Spain,Mk-45 127mm,naval gun,Naval weapons,1999,1,2012,5.25,3.47,3.47
14775,Spain,ESSM,SAM,Missiles,2008,50,2011,0.4,0.4,20.0
14776,Spain,ESSM,SAM,Missiles,2008,50,2012,0.4,0.4,20.0
14777,Spain,ESSM,SAM,Missiles,2008,25,2009,0.4,0.4,10.0
14778,Spain,ESSM,SAM,Missiles,2008,50,2014,0.4,0.4,20.0
14779,Spain,ESSM,SAM,Missiles,2008,50,2013,0.4,0.4,20.0
14780,Spain,ESSM,SAM,Missiles,2008,50,2015,0.4,0.4,20.0
14781,Spain,ESSM,SAM,Missiles,2008,25,2018,0.4,0.4,10.0
14782,Spain,ESSM,SAM,Missiles,2008,25,2019,0.4,0.4,10.0
14783,Spain,DE-1160,anti-submarine sonar,Sensors,1996,1,2002,5.0,5.0,5.0
14784,Spain,DE-1160,anti-submarine sonar,Sensors,1996,1,2003,5.0,5.0,5.0
14785,Spain,DE-1160,anti-submarine sonar,Sensors,1996,1,2004,5.0,5.0,5.0
14786,Spain,DE-1160,anti-submarine sonar,Sensors,1996,1,2006,5.0,5.0,5.0
14787,Spain,DE-1160,anti-submarine sonar,Sensors,1996,1,2012,5.0,5.0,5.0
14788,Spain,CH-47F,transport helicopter,Aircraft,2018,1,2021,20.0,20.0,20.0
14789,Spain,CH-47F,transport helicopter,Aircraft,2018,3,2022,20.0,20.0,60.0
14790,Spain,CH-47F,transport helicopter,Aircraft,2018,8,2023,20.0,20.0,160.0
14791,Spain,CH-47F,transport helicopter,Aircraft,2018,5,2024,20.0,20.0,100.0
14840,Spain,AGM-88 HARM,anti-radar missile,Missiles,1990,80,1994,0.25,0.25,20.0
14841,Spain,Harpoon Block-1,anti-ship missile,Missiles,1987,10,1990,0.9,0.9,9.0
14842,Spain,Harpoon Block-1,anti-ship missile,Missiles,1987,10,1991,0.9,0.9,9.0
14847,Spain,SM-1MR,SAM,Missiles,1989,9,1992,0.25,0.25,2.25
14848,Spain,SM-1MR,SAM,Missiles,1989,100,1993,0.25,0.25,25.0
14849,Spain,SM-1MR,SAM,Missiles,1989,41,1994,0.25,0.25,10.25
14854,Spain,SH-60B Seahawk,anti-submarine helicopter,Aircraft,2000,5,2002,17.0,17.0,85.0
14855,Spain,SH-60B Seahawk,anti-submarine helicopter,Aircraft,2000,1,2003,17.0,17.0,17.0
14856,Spain,AGM-65 Maverick,air-to-surface missile,Missiles,1999,44,2001,0.15,0.15,6.6
14857,Spain,AGM-65 Maverick,air-to-surface missile,Missiles,1989,80,1992,0.15,0.15,12.0
14858,Spain,AGM-65 Maverick,air-to-surface missile,Missiles,1989,80,1990,0.15,0.15,12.0
14859,Spain,AGM-65 Maverick,air-to-surface missile,Missiles,1989,90,1991,0.15,0.15,13.5
14861,Spain,AIM-120A AMRAAM,long-range air-to-air missile,Missiles,1996,100,1999,0.4,0.4,40.0
14862,Spain,AIM-120A AMRAAM,long-range air-to-air missile,Missiles,1996,100,2000,0.4,0.4,40.0
14863,Spain,S-76,helicopter,Aircraft,1991,2,1991,3.0,3.0,6.0
14864,Spain,S-76,helicopter,Aircraft,1991,4,1992,3.0,3.0,12.0
14865,Spain,S-76,helicopter,Aircraft,1991,2,1993,3.0,3.0,6.0
14866,Spain,Harpoon Block-1,anti-ship missile,Missiles,1989,3,1996,0.9,0.9,2.7
14867,Spain,Harpoon Block-1,anti-ship missile,Missiles,1989,12,1994,0.9,0.9,10.8
14868,Spain,M-110A2 203mm,self-propelled gun,Artillery,1991,12,1991,1.1,0.44,5.28
14869,Spain,M-110A2 203mm,self-propelled gun,Artillery,1991,24,1993,1.1,0.44,10.56
14870,Spain,M-110A2 203mm,self-propelled gun,Artillery,1991,28,1995,1.1,0.44,12.32
14873,Spain,Citation-5,light transport aircraft,Aircraft,1992,1,1992,4.35,4.35,4.35
14874,Spain,Citation-5,light transport aircraft,Aircraft,1992,1,1993,4.35,4.35,4.35
14885,Spain,M-113,armoured personnel carrier,Armoured vehicles,1993,15,1996,0.25,0.1,1.5
14886,Spain,M-113,armoured personnel carrier,Armoured vehicles,1993,16,1997,0.25,0.1,1.6
14892,Spain,AIM-7M,long-range air-to-air missile,Missiles,1992,31,1993,0.18,0.18,5.58
14897,Spain,F-18A,FGA aircraft,Aircraft,1995,6,1995,30.0,19.8,118.8
14898,Spain,F-18A,FGA aircraft,Aircraft,1995,6,1996,30.0,19.8,118.8
14899,Spain,F-18A,FGA aircraft,Aircraft,1995,1,1997,30.0,19.8,19.8
14900,Spain,F-18A,FGA aircraft,Aircraft,1995,8,1999,30.0,19.8,158.4
14901,Spain,F-18A,FGA aircraft,Aircraft,1995,3,2000,30.0,19.8,59.4
14902,Spain,RF-4C Phantom-2,reconnaissance aircraft,Aircraft,1995,6,1995,21.0,8.4,50.4
14912,Spain,SPY-1F,air-search radar,Sensors,1996,1,2002,20.0,20.0,20.0
14913,Spain,SPY-1F,air-search radar,Sensors,1996,1,2003,20.0,20.0,20.0
14914,Spain,SPY-1F,air-search radar,Sensors,1996,1,2004,20.0,20.0,20.0
14915,Spain,SPY-1F,air-search radar,Sensors,1996,1,2006,20.0,20.0,20.0
14922,Spain,Citation-5,light transport aircraft,Aircraft,1996,2,1997,4.35,4.35,8.7
14929,Spain,AIM-7P,long-range air-to-air missile,Missiles,1997,50,1999,0.2,0.2,10.0
14930,Spain,AIM-7P,long-range air-to-air missile,Missiles,1997,50,2000,0.2,0.2,10.0
14931,Spain,AIM-120A AMRAAM,long-range air-to-air missile,Missiles,2000,50,2003,0.4,0.4,20.0
14932,Spain,AIM-120A AMRAAM,long-range air-to-air missile,Missiles,2000,50,2002,0.4,0.4,20.0
14933,Spain,MPQ-64 Sentinel,air-search radar,Sensors,2000,3,2003,5.0,5.0,15.0
14934,Spain,MPQ-64 Sentinel,air-search radar,Sensors,2000,1,2002,5.0,5.0,5.0
14946,Spain,SM-2MR,SAM,Missiles,1998,20,2002,0.3,0.3,6.0
14947,Spain,SM-2MR,SAM,Missiles,1998,60,2001,0.3,0.3,18.0
14950,Spain,Mk-46-5,anti-submarine torpedo,Missiles,1990,120,1991,0.35,0.35,42.0
14951,Spain,Mk-46-5,anti-submarine torpedo,Missiles,1990,125,1992,0.35,0.35,43.75
14979,Spain,AV-8B,FGA aircraft,Aircraft,1999,1,2000,20.0,20.0,20.0
14980,Spain,SPG-62,fire-control radar,Sensors,1996,2,2012,4.5,4.5,9.0
14981,Spain,SPG-62,fire-control radar,Sensors,1996,2,2002,4.5,4.5,9.0
14982,Spain,SPG-62,fire-control radar,Sensors,1996,2,2003,4.5,4.5,9.0
14983,Spain,SPG-62,fire-control radar,Sensors,1996,2,2004,4.5,4.5,9.0
14984,Spain,SPG-62,fire-control radar,Sensors,1996,2,2006,4.5,4.5,9.0
14985,Spain,AIM-120C AMRAAM,long-range air-to-air missile,Missiles,2002,31,2004,0.6,0.6,18.6
14986,Spain,Harpoon Block-1,anti-ship missile,Missiles,2000,24,2001,0.9,0.9,21.6
14987,Spain,Harpoon Block-1,anti-ship missile,Missiles,2000,6,2004,0.9,0.9,5.4
14988,Spain,SM-2MR,SAM,Missiles,2002,15,2006,0.3,0.3,4.5
14989,Spain,SM-2MR,SAM,Missiles,2002,14,2007,0.3,0.3,4.2
14990,Spain,TOW-2B,anti-tank missile,Missiles,2002,200,2003,0.02,0.02,4.0
14991,Spain,TOW-2B,anti-tank missile,Missiles,2002,200,2004,0.02,0.02,4.0
14998,Spain,SPY-1F,air-search radar,Sensors,2005,1,2012,20.0,20.0,20.0
14999,Spain,S-70L Black Hawk,transport helicopter,Aircraft,2017,2,2021,7.25,4.79,9.57
15000,Spain,aircraft engine 1001-2000,aircraft engine,Engines,1989,6,1996,0.5,0.5,3.0
15001,Spain,aircraft engine 1001-2000,aircraft engine,Engines,1989,6,1995,0.5,0.5,3.0
15002,Spain,aircraft engine 1001-2000,aircraft engine,Engines,1989,6,1994,0.5,0.5,3.0
15003,Spain,aircraft engine 1001-2000,aircraft engine,Engines,1989,6,1993,0.5,0.5,3.0
15004,Spain,aircraft engine 1001-2000,aircraft engine,Engines,1989,6,1992,0.5,0.5,3.0
15005,Spain,aircraft engine 1001-2000,aircraft engine,Engines,1989,2,1991,0.5,0.5,1.0
15006,Spain,aircraft engine 1001-2000,aircraft engine,Engines,1989,4,1997,0.5,0.5,2.0
15007,Spain,vehicle engine 301-400,vehicle engine,Engines,1997,10,2000,0.05,0.05,0.5
15008,Spain,vehicle engine 301-400,vehicle engine,Engines,1997,9,1999,0.05,0.05,0.45
15009,Spain,aircraft engine 4501-6000,aircraft engine,Engines,2006,14,2009,1.5,1.5,21.0
15010,Spain,aircraft engine 4501-6000,aircraft engine,Engines,2006,15,2008,1.5,1.5,22.5
15011,Spain,aircraft engine 4501-6000,aircraft engine,Engines,2006,14,2007,1.5,1.5,21.0
15012,Spain,Excalibur,guided shell,Missiles,2021,153,2023,0.04,0.04,6.12
15013,Spain,Excalibur,guided shell,Missiles,2021,118,2022,0.04,0.04,4.72
15019,Spain,S-70L Black Hawk,transport helicopter,Aircraft,2015,1,2017,7.25,4.79,4.79
15020,Spain,S-70L Black Hawk,transport helicopter,Aircraft,2015,1,2018,7.25,4.79,4.79
15021,Spain,S-70L Black Hawk,transport helicopter,Aircraft,2018,2,2022,7.25,2.9,5.8
15022,Spain,ESSM,SAM,Missiles,2015,19,2020,0.4,0.4,7.6
15023,Spain,MQ-9 UCAV,armed UAV,Aircraft,2016,1,2019,7.5,7.5,7.5
15024,Spain,MQ-9 UCAV,armed UAV,Aircraft,2016,3,2020,7.5,7.5,22.5
15030,Spain,M-60A1,tank,Armoured vehicles,1991,25,1992,1.8,0.72,18.0
15031,Spain,M-60A1,tank,Armoured vehicles,1991,25,1993,1.8,0.72,18.0
15038,Spain,Paveway,guided bomb,Missiles,1999,100,2000,0.02,0.02,2.0
15039,Spain,LM-2500 (30001-35000),gas turbine,Engines,2004,1,2010,7.0,7.0,7.0
15044,Spain,SM-1MR,SAM,Missiles,2006,94,2013,0.25,0.25,23.5
15046,Spain,LM-2500 (30001-35000),gas turbine,Engines,1996,2,2002,7.0,7.0,14.0
15047,Spain,LM-2500 (30001-35000),gas turbine,Engines,1996,2,2003,7.0,7.0,14.0
15048,Spain,LM-2500 (30001-35000),gas turbine,Engines,1996,2,2004,7.0,7.0,14.0
15049,Spain,LM-2500 (30001-35000),gas turbine,Engines,1996,2,2006,7.0,7.0,14.0
15050,Spain,LM-2500 (30001-35000),gas turbine,Engines,1996,2,2012,7.0,7.0,14.0
15051,Sri Lanka,Bell-206,light helicopter,Aircraft,2021,1,2022,0.7,0.28,0.28
15054,Sri Lanka,Bell-412,helicopter,Aircraft,2000,2,2000,5.0,5.0,10.0
15055,Sri Lanka,HF SWR-503,sea-search radar,Sensors,2005,1,2007,5.0,5.0,5.0
15060,Sri Lanka,Reliance,patrol ship,Ships,2004,1,2004,15.0,9.9,9.9
15061,Sri Lanka,Bell-412,helicopter,Aircraft,2010,2,2011,5.0,5.0,10.0
15069,Sri Lanka,Bell-212,helicopter,Aircraft,1990,4,1990,3.7,3.7,14.8
15070,Sri Lanka,TPQ-36,artillery locating radar,Sensors,1998,2,1998,3.0,3.0,6.0
15071,Sri Lanka,Trinity-82,patrol boat,Ships,1996,6,1997,6.0,6.0,36.0
15072,Sri Lanka,TPQ-36,artillery locating radar,Sensors,2000,1,2003,3.0,3.0,3.0
15073,Sri Lanka,TPQ-36,artillery locating radar,Sensors,2000,1,2004,3.0,3.0,3.0
15075,Sri Lanka,King Air HISAR,ground surveillance aircraft,Aircraft,2000,1,2002,9.0,9.0,9.0
15077,Sri Lanka,Hamilton,patrol ship,Ships,2021,1,2021,135.0,54.0,54.0
15078,Sri Lanka,King Air MP,maritime patrol aircraft,Aircraft,2022,1,2024,7.5,7.5,7.5
15079,Sri Lanka,Hamilton,patrol ship,Ships,2018,1,2018,135.0,54.0,54.0
15099,Suriname,RDR-1500,maritime patrol aircraft radar,Sensors,1997,1,1999,2.25,2.25,2.25
15100,Sweden,S-70L Black Hawk,transport helicopter,Aircraft,2011,9,2012,7.25,7.25,65.25
15101,Sweden,S-70L Black Hawk,transport helicopter,Aircraft,2011,4,2011,7.25,7.25,29.0
15102,Sweden,S-70L Black Hawk,transport helicopter,Aircraft,2011,2,2013,7.25,7.25,14.5
15140,Sweden,JT-8D,turbofan,Engines,1965,5,1990,2.5,2.5,12.5
15157,Sweden,Paveway,guided bomb,Missiles,2002,100,2007,0.02,0.02,2.0
15158,Sweden,Paveway,guided bomb,Missiles,2002,100,2006,0.02,0.02,2.0
15159,Sweden,Paveway,guided bomb,Missiles,2002,100,2009,0.02,0.02,2.0
15160,Sweden,Paveway,guided bomb,Missiles,2002,100,2008,0.02,0.02,2.0
15166,Sweden,FJ-44-1 (800),turbofan,Engines,1994,20,1996,0.5,0.5,10.0
15167,Sweden,FJ-44-1 (800),turbofan,Engines,1994,50,1997,0.5,0.5,25.0
15168,Sweden,FJ-44-1 (800),turbofan,Engines,1994,50,1998,0.5,0.5,25.0
15169,Sweden,FJ-44-1 (800),turbofan,Engines,1994,50,1999,0.5,0.5,25.0
15170,Sweden,FJ-44-1 (800),turbofan,Engines,1994,40,2000,0.5,0.5,20.0
15173,Sweden,Gulfstream-4,light transport aircraft,Aircraft,2000,1,2000,23.0,9.2,9.2
15174,Sweden,AGM-114 Hellfire,anti-tank missile,Missiles,1987,300,1990,0.04,0.04,12.0
15175,Sweden,AGM-114 Hellfire,anti-tank missile,Missiles,1987,400,1991,0.04,0.04,16.0
15176,Sweden,F-404 (8000),turbofan,Engines,1982,12,2004,2.2,2.2,26.4
15177,Sweden,F-404 (8000),turbofan,Engines,1982,12,2003,2.2,2.2,26.4
15178,Sweden,F-404 (8000),turbofan,Engines,1982,12,2002,2.2,2.2,26.4
15179,Sweden,F-404 (8000),turbofan,Engines,1982,15,2001,2.2,2.2,33.0
15180,Sweden,F-404 (8000),turbofan,Engines,1982,18,2000,2.2,2.2,39.6
15181,Sweden,F-404 (8000),turbofan,Engines,1982,18,1999,2.2,2.2,39.6
15182,Sweden,F-404 (8000),turbofan,Engines,1982,18,1998,2.2,2.2,39.6
15183,Sweden,F-404 (8000),turbofan,Engines,1982,20,1997,2.2,2.2,44.0
15184,Sweden,F-404 (8000),turbofan,Engines,1982,19,1996,2.2,2.2,41.8
15185,Sweden,F-404 (8000),turbofan,Engines,1982,6,1995,2.2,2.2,13.2
15186,Sweden,F-404 (8000),turbofan,Engines,1982,5,1994,2.2,2.2,11.0
15187,Sweden,F-404 (8000),turbofan,Engines,1982,1,1993,2.2,2.2,2.2
15188,Sweden,F-404 (8000),turbofan,Engines,1982,12,2005,2.2,2.2,26.4
15189,Sweden,F-404 (8000),turbofan,Engines,1982,12,2006,2.2,2.2,26.4
15190,Sweden,F-404 (8000),turbofan,Engines,1982,10,2007,2.2,2.2,22.0
15197,Sweden,RQ-7 Shadow-200,UAV,Aircraft,2010,8,2011,0.1,0.1,0.8
15202,Sweden,GBU-39 SDB,guided glide bomb,Missiles,2011,53,2016,0.02,0.02,1.06
15206,Sweden,LCR-2020,air/sea-search radar,Sensors,2010,24,2012,5.0,5.0,120.0
15207,Sweden,LCR-2020,air/sea-search radar,Sensors,2010,24,2011,5.0,5.0,120.0
15230,Sweden,GPS-100,air-search radar,Sensors,1981,3,1990,5.0,5.0,15.0
15231,Sweden,GPS-100,air-search radar,Sensors,1981,3,1991,5.0,5.0,15.0
15232,Sweden,GPS-100,air-search radar,Sensors,1981,3,1992,5.0,5.0,15.0
15233,Sweden,GPS-100,air-search radar,Sensors,1981,3,1993,5.0,5.0,15.0
15234,Sweden,GPS-100,air-search radar,Sensors,1981,3,1994,5.0,5.0,15.0
15236,Sweden,Gulfstream-4,light transport aircraft,Aircraft,1992,2,1995,23.0,23.0,46.0
15245,Sweden,APS-128,maritime patrol aircraft radar,Sensors,1990,1,1990,2.5,2.5,2.5
15250,Sweden,APS-143,maritime patrol aircraft radar,Sensors,2002,3,2016,2.5,2.5,7.5
15251,Sweden,APS-143,maritime patrol aircraft radar,Sensors,2002,2,2017,2.5,2.5,5.0
15257,Sweden,AIM-120C AMRAAM,long-range air-to-air missile,Missiles,2004,53,2005,0.6,0.6,31.8
15258,Sweden,AIM-120A AMRAAM,long-range air-to-air missile,Missiles,1994,213,1998,0.4,0.4,85.2
15259,Sweden,MIM-104 PAC-2,SAM,Missiles,2018,15,2021,1.0,1.0,15.0
15260,Sweden,MIM-104 PAC-2,SAM,Missiles,2018,35,2022,1.0,1.0,35.0
15261,Sweden,MIM-104 PAC-2,SAM,Missiles,2018,17,2023,1.0,1.0,17.0
15262,Sweden,MIM-104 PAC-2,SAM,Missiles,2018,10,2024,1.0,1.0,10.0
15263,Sweden,MIM-104 PAC-3 MSE,ABM missile,Missiles,2018,25,2021,1.5,1.5,37.5
15264,Sweden,MIM-104 PAC-3 MSE,ABM missile,Missiles,2018,30,2024,1.5,1.5,45.0
15265,Sweden,MIM-104 PAC-3 MSE,ABM missile,Missiles,2018,30,2023,1.5,1.5,45.0
15266,Sweden,MIM-104 PAC-3 MSE,ABM missile,Missiles,2018,75,2022,1.5,1.5,112.5
15267,Sweden,Patriot-3 SAMS,SAM system,Air-defence systems,2018,1,2021,55.0,55.0,55.0
15268,Sweden,Patriot-3 SAMS,SAM system,Air-defence systems,2018,3,2022,55.0,55.0,165.0
15269,Sweden,ship engine 4001-6000,ship engine,Engines,1995,4,2008,1.5,1.5,6.0
15270,Sweden,ship engine 4001-6000,ship engine,Engines,1995,16,2006,1.5,1.5,24.0
15274,Sweden,APS-143,maritime patrol aircraft radar,Sensors,2015,1,2021,2.5,2.5,2.5
15275,Sweden,APS-143,maritime patrol aircraft radar,Sensors,2015,2,2022,2.5,2.5,5.0
15276,Sweden,APS-143,maritime patrol aircraft radar,Sensors,2015,1,2023,2.5,2.5,2.5
15283,Sweden,F-414 (10000),turbofan,Engines,2013,1,2024,2.5,2.5,2.5
15284,Sweden,F-414 (10000),turbofan,Engines,2013,2,2021,2.5,2.5,5.0
15287,Switzerland,vehicle engine 201-300,vehicle engine,Engines,1987,126,1993,0.03,0.03,3.78
15288,Switzerland,vehicle engine 201-300,vehicle engine,Engines,1987,142,1992,0.03,0.03,4.26
15289,Switzerland,vehicle engine 201-300,vehicle engine,Engines,1987,142,1991,0.03,0.03,4.26
15290,Switzerland,vehicle engine 201-300,vehicle engine,Engines,1987,127,1990,0.03,0.03,3.81
15292,Switzerland,vehicle engine 201-300,vehicle engine,Engines,1987,80,1994,0.03,0.03,2.4
15293,Switzerland,vehicle engine 301-400,vehicle engine,Engines,2009,4,2012,0.05,0.05,0.2
15294,Switzerland,vehicle engine 301-400,vehicle engine,Engines,2009,4,2011,0.05,0.05,0.2
15295,Switzerland,vehicle engine 301-400,vehicle engine,Engines,2009,4,2010,0.05,0.05,0.2
15296,Switzerland,AIM-120A AMRAAM,long-range air-to-air missile,Missiles,1993,64,1997,0.4,0.4,25.6
15297,Switzerland,AIM-120A AMRAAM,long-range air-to-air missile,Missiles,1993,100,1998,0.4,0.4,40.0
15298,Switzerland,AIM-120C AMRAAM,long-range air-to-air missile,Missiles,2013,100,2016,0.6,0.6,60.0
15299,Switzerland,AIM-120C AMRAAM,long-range air-to-air missile,Missiles,2013,25,2022,0.6,0.6,15.0
15300,Switzerland,AIM-120C AMRAAM,long-range air-to-air missile,Missiles,2013,25,2023,0.6,0.6,15.0
15316,Switzerland,vehicle engine 201-300,vehicle engine,Engines,1995,100,2001,0.03,0.03,3.0
15317,Switzerland,vehicle engine 201-300,vehicle engine,Engines,1995,100,2000,0.03,0.03,3.0
15318,Switzerland,vehicle engine 201-300,vehicle engine,Engines,1995,100,1999,0.03,0.03,3.0
15319,Switzerland,vehicle engine 201-300,vehicle engine,Engines,1995,100,1998,0.03,0.03,3.0
15320,Switzerland,vehicle engine 201-300,vehicle engine,Engines,1995,50,1997,0.03,0.03,1.5
15321,Switzerland,vehicle engine 201-300,vehicle engine,Engines,1995,65,2002,0.03,0.03,1.95
15329,Switzerland,AIM-9X,long-range air-to-air missile,Missiles,2004,10,2007,0.18,0.18,1.8
15330,Switzerland,AIM-9X,long-range air-to-air missile,Missiles,2004,3,2008,0.18,0.18,0.54
15331,Switzerland,AIM-9X,long-range air-to-air missile,Missiles,2004,77,2010,0.18,0.18,13.86
15332,Switzerland,AIM-9X,long-range air-to-air missile,Missiles,2004,10,2009,0.18,0.18,1.8
15333,Switzerland,TOW,anti-tank missile,Missiles,1986,1050,1999,0.01,0.01,10.5
15336,Switzerland,TOW,anti-tank missile,Missiles,1986,500,1990,0.01,0.01,5.0
15337,Switzerland,TOW,anti-tank missile,Missiles,1986,1100,1991,0.01,0.01,11.0
15338,Switzerland,TOW,anti-tank missile,Missiles,1986,1100,1992,0.01,0.01,11.0
15339,Switzerland,TOW,anti-tank missile,Missiles,1986,1300,1993,0.01,0.01,13.0
15340,Switzerland,TOW,anti-tank missile,Missiles,1986,1300,1994,0.01,0.01,13.0
15341,Switzerland,TOW,anti-tank missile,Missiles,1986,1300,1995,0.01,0.01,13.0
15342,Switzerland,TOW,anti-tank missile,Missiles,1986,1200,1996,0.01,0.01,12.0
15343,Switzerland,TOW,anti-tank missile,Missiles,1986,1200,1997,0.01,0.01,12.0
15344,Switzerland,TOW,anti-tank missile,Missiles,1986,1200,1998,0.01,0.01,12.0
15345,Switzerland,Stinger,portable SAM,Missiles,1988,250,1993,0.08,0.08,20.0
15346,Switzerland,Stinger,portable SAM,Missiles,1988,1000,1994,0.08,0.08,80.0
15347,Switzerland,Stinger,portable SAM,Missiles,1988,1000,1995,0.08,0.08,80.0
15348,Switzerland,Stinger,portable SAM,Missiles,1988,1250,1996,0.08,0.08,100.0
15349,Switzerland,F-18C,FGA aircraft,Aircraft,1993,2,1996,37.5,37.5,75.0
15350,Switzerland,F-18C,FGA aircraft,Aircraft,1993,9,1997,37.5,37.5,337.5
15351,Switzerland,F-18C,FGA aircraft,Aircraft,1993,10,1998,37.5,37.5,375.0
15352,Switzerland,F-18C,FGA aircraft,Aircraft,1993,13,1999,37.5,37.5,487.5
15364,Switzerland,vehicle engine 201-300,vehicle engine,Engines,2009,82,2012,0.03,0.03,2.46
15365,Switzerland,vehicle engine 201-300,vehicle engine,Engines,2009,80,2011,0.03,0.03,2.4
15366,Switzerland,vehicle engine 201-300,vehicle engine,Engines,2009,70,2010,0.03,0.03,2.1
15367,Switzerland,Centaur UAV,light aircraft/UAV,Aircraft,2012,1,2012,0.5,0.5,0.5
15368,Switzerland,ASQ-228 ATFLIR,aircraft electro-optical system,Sensors,2007,10,2010,1.1,1.1,11.0
15369,Switzerland,ASQ-228 ATFLIR,aircraft electro-optical system,Sensors,2007,10,2011,1.1,1.1,11.0
15370,Switzerland,vehicle engine 201-300,vehicle engine,Engines,2009,40,2017,0.03,0.03,1.2
15371,Switzerland,vehicle engine 201-300,vehicle engine,Engines,2009,40,2016,0.03,0.03,1.2
15372,Switzerland,vehicle engine 201-300,vehicle engine,Engines,2009,30,2015,0.03,0.03,0.9
15373,Switzerland,vehicle engine 201-300,vehicle engine,Engines,2009,20,2014,0.03,0.03,0.6
15374,Switzerland,vehicle engine 201-300,vehicle engine,Engines,2009,70,2013,0.03,0.03,2.1
15375,Switzerland,vehicle engine 201-300,vehicle engine,Engines,2009,70,2012,0.03,0.03,2.1
15376,Switzerland,vehicle engine 201-300,vehicle engine,Engines,2009,75,2011,0.03,0.03,2.25
15377,Switzerland,vehicle engine 201-300,vehicle engine,Engines,2009,75,2010,0.03,0.03,2.25
15380,Switzerland,M-109A1 155mm,self-propelled gun,Artillery,1989,110,1991,1.1,1.1,121.0
15395,Switzerland,AGM-65 Maverick,air-to-surface missile,Missiles,1991,100,1994,0.15,0.15,15.0
15425,Switzerland,PSTAR-ER,air-search radar,Sensors,2003,24,2004,0.75,0.75,18.0
15426,Switzerland,vehicle engine 201-300,vehicle engine,Engines,1986,80,1991,0.03,0.03,2.4
15427,Switzerland,vehicle engine 201-300,vehicle engine,Engines,1986,80,1992,0.03,0.03,2.4
15428,Switzerland,vehicle engine 201-300,vehicle engine,Engines,1986,80,1993,0.03,0.03,2.4
15429,Switzerland,vehicle engine 201-300,vehicle engine,Engines,1986,71,1994,0.03,0.03,2.13
15430,Switzerland,vehicle engine 201-300,vehicle engine,Engines,1986,71,1990,0.03,0.03,2.13
15434,Taiwan,APG-83 SABR,combat aircraft radar,Sensors,2014,22,2020,2.5,2.5,55.0
15435,Taiwan,APG-83 SABR,combat aircraft radar,Sensors,2014,16,2019,2.5,2.5,40.0
15436,Taiwan,APG-83 SABR,combat aircraft radar,Sensors,2014,30,2021,2.5,2.5,75.0
15437,Taiwan,APG-83 SABR,combat aircraft radar,Sensors,2014,36,2022,2.5,2.5,90.0
15438,Taiwan,APG-83 SABR,combat aircraft radar,Sensors,2014,40,2023,2.5,2.5,100.0
15439,Taiwan,vehicle engine 401-600,vehicle engine,Engines,1997,25,1999,0.08,0.08,2.0
15440,Taiwan,vehicle engine 401-600,vehicle engine,Engines,1997,25,1998,0.08,0.08,2.0
15441,Taiwan,FPS-115 Pave Paws,air-search radar,Sensors,2005,1,2013,150.0,150.0,150.0
15444,Taiwan,Avenger AD,mobile SAM system,Air-defence systems,1997,74,1998,0.63,0.63,46.62
15449,Taiwan,Perry,frigate,Ships,1989,1,1993,300.0,300.0,300.0
15450,Taiwan,Perry,frigate,Ships,1989,1,1994,300.0,300.0,300.0
15451,Taiwan,Perry,frigate,Ships,1989,1,1995,300.0,300.0,300.0
15452,Taiwan,Perry,frigate,Ships,1989,1,1996,300.0,300.0,300.0
15453,Taiwan,Perry,frigate,Ships,1989,2,1997,300.0,300.0,600.0
15454,Taiwan,Perry,frigate,Ships,1989,1,1998,300.0,300.0,300.0
15455,Taiwan,Perry,frigate,Ships,1989,1,2004,300.0,300.0,300.0
15456,Taiwan,AIM-9X,long-range air-to-air missile,Missiles,2016,20,2019,0.18,0.18,3.6
15457,Taiwan,AIM-9X,long-range air-to-air missile,Missiles,2016,20,2018,0.18,0.18,3.6
15459,Taiwan,P-3CUP,anti-submarine aircraft,Aircraft,2008,1,2012,75.0,75.0,75.0
15460,Taiwan,P-3CUP,anti-submarine aircraft,Aircraft,2008,2,2013,75.0,75.0,150.0
15461,Taiwan,P-3CUP,anti-submarine aircraft,Aircraft,2008,5,2014,75.0,75.0,375.0
15462,Taiwan,P-3CUP,anti-submarine aircraft,Aircraft,2008,4,2015,75.0,75.0,300.0
15468,Taiwan,M-88 AV,armoured recovery vehicle,Armoured vehicles,1990,4,1995,1.5,1.5,6.0
15485,Taiwan,S-70L Black Hawk,transport helicopter,Aircraft,2011,4,2014,7.25,7.25,29.0
15487,Taiwan,Harpoon Block-1,anti-ship missile,Missiles,1993,38,1995,0.9,0.9,34.2
15511,Taiwan,Perry,frigate,Ships,2015,2,2017,300.0,198.0,396.0
15512,Taiwan,AH-1W,combat helicopter,Aircraft,1992,8,1993,11.5,11.5,92.0
15513,Taiwan,AH-1W,combat helicopter,Aircraft,1992,10,1995,11.5,11.5,115.0
15514,Taiwan,AH-1W,combat helicopter,Aircraft,1992,8,1996,11.5,11.5,92.0
15515,Taiwan,AH-1W,combat helicopter,Aircraft,1992,9,1994,11.5,11.5,103.5
15516,Taiwan,AH-1W,combat helicopter,Aircraft,1992,7,1997,11.5,11.5,80.5
15522,Taiwan,AH-1W,combat helicopter,Aircraft,1997,11,2000,11.5,11.5,126.5
15523,Taiwan,AH-1W,combat helicopter,Aircraft,1997,2,2001,11.5,11.5,23.0
15524,Taiwan,AH-1W,combat helicopter,Aircraft,1997,8,2002,11.5,11.5,92.0
15530,Taiwan,M-48H Brave Tiger,tank,Armoured vehicles,1984,70,1990,2.1,2.1,147.0
15531,Taiwan,M-48H Brave Tiger,tank,Armoured vehicles,1984,70,1991,2.1,2.1,147.0
15532,Taiwan,M-48H Brave Tiger,tank,Armoured vehicles,1984,70,1992,2.1,2.1,147.0
15533,Taiwan,M-48H Brave Tiger,tank,Armoured vehicles,1984,60,1993,2.1,2.1,126.0
15534,Taiwan,M-48H Brave Tiger,tank,Armoured vehicles,1984,30,1994,2.1,2.1,63.0
15535,Taiwan,M-48H Brave Tiger,tank,Armoured vehicles,1984,30,1995,2.1,2.1,63.0
15540,Taiwan,AGM-114 Hellfire-2,anti-tank/air-to-surface missile,Missiles,2004,225,2008,0.05,0.05,11.25
15541,Taiwan,AGM-114 Hellfire-2,anti-tank/air-to-surface missile,Missiles,2004,224,2007,0.05,0.05,11.2
15545,Taiwan,AGM-114 Hellfire-2,anti-tank/air-to-surface missile,Missiles,2010,50,2012,0.05,0.05,2.5
15546,Taiwan,AGM-114 Hellfire-2,anti-tank/air-to-surface missile,Missiles,2010,700,2014,0.05,0.05,35.0
15547,Taiwan,AGM-114 Hellfire-2,anti-tank/air-to-surface missile,Missiles,2010,250,2013,0.05,0.05,12.5
15549,Taiwan,Phalanx,naval gun,Naval weapons,2011,1,2014,7.0,7.0,7.0
15550,Taiwan,M-60A3,tank,Armoured vehicles,1996,37,2001,2.1,0.84,31.08
15551,Taiwan,M-60A3,tank,Armoured vehicles,1996,120,1998,2.1,0.84,100.8
15552,Taiwan,M-60A3,tank,Armoured vehicles,1996,98,1999,2.1,0.84,82.32
15553,Taiwan,M-60A3,tank,Armoured vehicles,1996,27,2000,2.1,0.84,22.68
15554,Taiwan,M-60A3,tank,Armoured vehicles,1996,18,2002,2.1,0.84,15.12
15558,Taiwan,Mk-48 ADCAP,anti-ship/anti-submarine torpedo,Missiles,2018,5,2023,1.6,1.6,8.0
15559,Taiwan,AAV-7A1,armoured personnel carrier,Armoured vehicles,2003,27,2005,1.0,1.0,27.0
15560,Taiwan,AAV-7A1,armoured personnel carrier,Armoured vehicles,2003,27,2006,1.0,1.0,27.0
15561,Taiwan,F-125 (3500),turbofan,Engines,2017,4,2021,1.25,1.25,5.0
15562,Taiwan,F-125 (3500),turbofan,Engines,2017,16,2022,1.25,1.25,20.0
15563,Taiwan,F-125 (3500),turbofan,Engines,2017,34,2023,1.25,1.25,42.5
15565,Taiwan,Knox,frigate,Ships,1994,3,1995,275.0,110.0,330.0
15566,Taiwan,Knox,frigate,Ships,1992,3,1993,275.0,110.0,330.0
15567,Taiwan,T-38,trainer aircraft,Aircraft,1993,40,1995,3.3,1.32,52.8
15568,Taiwan,Newport,landing ship,Ships,1995,2,1997,75.42,30.17,60.34
15575,Taiwan,Patriot-3 SAMS,SAM system,Air-defence systems,2009,2,2012,55.0,55.0,110.0
15576,Taiwan,Patriot-3 SAMS,SAM system,Air-defence systems,2009,1,2011,55.0,55.0,55.0
15578,Taiwan,E-2C,airborne early-warning aircraft,Aircraft,1993,2,1994,73.65,73.65,147.3
15579,Taiwan,E-2C,airborne early-warning aircraft,Aircraft,1993,2,1995,73.65,73.65,147.3
15580,Taiwan,Patriot SAMS,SAM system,Air-defence systems,1994,1,1996,47.0,47.0,47.0
15581,Taiwan,Patriot SAMS,SAM system,Air-defence systems,1994,2,1997,47.0,47.0,94.0
15589,Taiwan,M-992 FAASV,armoured supply vehicle,Armoured vehicles,1989,6,1990,0.45,0.45,2.7
15593,Taiwan,Beech-1900,light transport aircraft,Aircraft,1987,2,1990,3.8,3.8,7.6
15613,Taiwan,MIM-104 PAC-3,ABM missile,Missiles,2009,24,2011,0.8,0.8,19.2
15614,Taiwan,MIM-104 PAC-3,ABM missile,Missiles,2009,96,2013,0.8,0.8,76.8
15615,Taiwan,MIM-104 PAC-3,ABM missile,Missiles,2009,72,2012,0.8,0.8,57.6
15616,Taiwan,MIM-104 PAC-3,ABM missile,Missiles,2009,72,2014,0.8,0.8,57.6
15621,Taiwan,AAQ-33 Sniper ATP,aircraft electro-optical system,Sensors,2015,2,2019,1.0,1.0,2.0
15623,Taiwan,Phalanx,naval gun,Naval weapons,2016,1,2021,7.0,7.0,7.0
15624,Taiwan,Phalanx,naval gun,Naval weapons,2016,4,2023,7.0,7.0,28.0
15635,Taiwan,Knox,frigate,Ships,1998,2,1999,275.0,110.0,220.0
15647,Taiwan,Anchorage,amphibious assault ship,Ships,1999,1,2000,126.2,50.48,50.48
15648,Taiwan,AGM-88 HARM,anti-radar missile,Missiles,2020,10,2023,0.25,0.17,1.65
15649,Taiwan,AGM-88 HARM,anti-radar missile,Missiles,2020,10,2024,0.25,0.17,1.65
15650,Taiwan,SH-60B Seahawk,anti-submarine helicopter,Aircraft,1997,6,2000,17.0,17.0,102.0
15651,Taiwan,SH-60B Seahawk,anti-submarine helicopter,Aircraft,1997,5,2001,17.0,17.0,85.0
15652,Taiwan,F-125 (3500),turbofan,Engines,1987,10,1991,1.25,1.25,12.5
15653,Taiwan,F-125 (3500),turbofan,Engines,1987,35,1993,1.25,1.25,43.75
15654,Taiwan,F-125 (3500),turbofan,Engines,1987,35,1996,1.25,1.25,43.75
15655,Taiwan,F-125 (3500),turbofan,Engines,1987,10,2000,1.25,1.25,12.5
15656,Taiwan,F-125 (3500),turbofan,Engines,1987,25,1992,1.25,1.25,31.25
15657,Taiwan,F-125 (3500),turbofan,Engines,1987,35,1997,1.25,1.25,43.75
15658,Taiwan,F-125 (3500),turbofan,Engines,1987,35,1998,1.25,1.25,43.75
15659,Taiwan,F-125 (3500),turbofan,Engines,1987,35,1999,1.25,1.25,43.75
15660,Taiwan,F-125 (3500),turbofan,Engines,1987,35,1995,1.25,1.25,43.75
15661,Taiwan,F-125 (3500),turbofan,Engines,1987,35,1994,1.25,1.25,43.75
15663,Taiwan,F-125 (3500),turbofan,Engines,1987,5,2001,1.25,1.25,6.25
15690,Taiwan,AGM-65 Maverick,air-to-surface missile,Missiles,2009,115,2012,0.15,0.15,17.25
15691,Taiwan,AGM-65 Maverick,air-to-surface missile,Missiles,2009,120,2011,0.15,0.15,18.0
15700,Taiwan,SM-2MR,SAM,Missiles,2008,50,2010,0.3,0.3,15.0
15701,Taiwan,SM-2MR,SAM,Missiles,2008,44,2012,0.3,0.3,13.2
15702,Taiwan,SM-2MR,SAM,Missiles,2008,50,2011,0.3,0.3,15.0
15705,Taiwan,FGM-148 Javelin,anti-tank missile,Missiles,2009,182,2011,0.03,0.03,5.46
15706,Taiwan,Paveway,guided bomb,Missiles,2004,50,2005,0.02,0.02,1.0
15707,Taiwan,Stinger,portable SAM,Missiles,2009,25,2012,0.08,0.08,2.0
15709,Taiwan,Mk-46-5,anti-submarine torpedo,Missiles,1996,55,1998,0.35,0.35,19.25
15710,Taiwan,Mk-46-5,anti-submarine torpedo,Missiles,1996,55,1999,0.35,0.35,19.25
15711,Taiwan,Mk-46,anti-submarine torpedo,Missiles,1991,50,1992,0.25,0.25,12.5
15712,Taiwan,Mk-46,anti-submarine torpedo,Missiles,1991,50,1993,0.25,0.25,12.5
15713,Taiwan,SM-1MR,SAM,Missiles,2000,204,2001,0.25,0.25,51.0
15714,Taiwan,aircraft engine 3001-4500,aircraft engine,Engines,1990,1,1991,1.1,1.1,1.1
15720,Taiwan,OH-58D,combat helicopter,Aircraft,1999,1,1999,3.0,3.0,3.0
15721,Taiwan,OH-58D,combat helicopter,Aircraft,1999,6,2000,3.0,3.0,18.0
15722,Taiwan,OH-58D,combat helicopter,Aircraft,1999,6,2001,3.0,3.0,18.0
15723,Taiwan,C-130H Hercules,transport aircraft,Aircraft,1990,1,1991,28.0,28.0,28.0
15724,Taiwan,MIM-104 PAC-2,SAM,Missiles,1994,100,1996,1.0,1.0,100.0
15725,Taiwan,MIM-104 PAC-2,SAM,Missiles,1994,100,1997,1.0,1.0,100.0
15726,Taiwan,Patriot-3 SAMS,SAM system,Air-defence systems,2009,1,2014,55.0,55.0,55.0
15727,Taiwan,Patriot-3 SAMS,SAM system,Air-defence systems,2009,3,2015,55.0,55.0,165.0
15728,Taiwan,S-70L Black Hawk,transport helicopter,Aircraft,2012,4,2014,7.25,7.25,29.0
15729,Taiwan,S-70L Black Hawk,transport helicopter,Aircraft,2012,4,2015,7.25,7.25,29.0
15730,Taiwan,S-70L Black Hawk,transport helicopter,Aircraft,2012,12,2016,7.25,7.25,87.0
15731,Taiwan,S-70L Black Hawk,transport helicopter,Aircraft,2012,12,2017,7.25,7.25,87.0
15732,Taiwan,S-70L Black Hawk,transport helicopter,Aircraft,2012,12,2018,7.25,7.25,87.0
15733,Taiwan,S-70L Black Hawk,transport helicopter,Aircraft,2012,1,2019,7.25,7.25,7.25
15734,Taiwan,Osprey MCM,minehunter,Ships,2007,2,2012,54.26,35.81,71.62
15735,Taiwan,AIM-120C AMRAAM,long-range air-to-air missile,Missiles,2007,68,2013,0.6,0.6,40.8
15736,Taiwan,AIM-120C AMRAAM,long-range air-to-air missile,Missiles,2007,150,2014,0.6,0.6,90.0
15737,Taiwan,APG-78 Longbow,combat helicopter radar,Sensors,2010,2,2012,3.0,3.0,6.0
15738,Taiwan,APG-78 Longbow,combat helicopter radar,Sensors,2010,4,2013,3.0,3.0,12.0
15739,Taiwan,APG-78 Longbow,combat helicopter radar,Sensors,2010,11,2014,3.0,3.0,33.0
15762,Taiwan,SM-1MR,SAM,Missiles,1983,30,1990,0.25,0.25,7.5
15763,Taiwan,SM-1MR,SAM,Missiles,1983,25,1991,0.25,0.25,6.25
15764,Taiwan,SM-1MR,SAM,Missiles,1983,15,1992,0.25,0.25,3.75
15896,Taiwan,SM-1MR,SAM,Missiles,1991,47,1994,0.25,0.25,11.75
15897,Taiwan,SM-1MR,SAM,Missiles,1991,50,1993,0.25,0.25,12.5
15899,Taiwan,Phalanx,naval gun,Naval weapons,1989,2,1990,7.0,7.0,14.0
15900,Taiwan,Phalanx,naval gun,Naval weapons,1989,2,1991,7.0,7.0,14.0
15901,Taiwan,Phalanx,naval gun,Naval weapons,1989,1,1992,7.0,7.0,7.0
15902,Taiwan,SH-60B Seahawk,anti-submarine helicopter,Aircraft,1990,2,1990,17.0,17.0,34.0
15903,Taiwan,SH-60B Seahawk,anti-submarine helicopter,Aircraft,1990,8,1991,17.0,17.0,136.0
15905,Taiwan,M-60A3,tank,Armoured vehicles,1994,21,1995,2.1,1.39,29.11
15906,Taiwan,M-60A3,tank,Armoured vehicles,1994,107,1996,2.1,1.39,148.3
15907,Taiwan,M-60A3,tank,Armoured vehicles,1994,30,1997,2.1,1.39,41.58
15908,Taiwan,M-60A3,tank,Armoured vehicles,1994,2,1998,2.1,1.39,2.77
15909,Taiwan,AGM-114 Hellfire,anti-tank missile,Missiles,1991,200,1993,0.04,0.04,8.0
15910,Taiwan,AGM-114 Hellfire,anti-tank missile,Missiles,1991,300,1994,0.04,0.04,12.0
15911,Taiwan,AGM-114 Hellfire,anti-tank missile,Missiles,1991,184,1995,0.04,0.04,7.36
15912,Taiwan,OH-58D,combat helicopter,Aircraft,1992,4,1993,3.0,3.0,12.0
15913,Taiwan,OH-58D,combat helicopter,Aircraft,1992,12,1994,3.0,3.0,36.0
15914,Taiwan,OH-58D,combat helicopter,Aircraft,1992,10,1995,3.0,3.0,30.0
15915,Taiwan,AIM-9M,short-range air-to-air missile,Missiles,1992,300,1997,0.12,0.12,36.0
15916,Taiwan,AIM-9M,short-range air-to-air missile,Missiles,1992,300,1998,0.12,0.12,36.0
15917,Taiwan,AIM-9M,short-range air-to-air missile,Missiles,1992,300,1999,0.12,0.12,36.0
15918,Taiwan,MPQ-53,SAM system radar,Sensors,1991,1,1992,15.0,15.0,15.0
15919,Taiwan,AIM-7M,long-range air-to-air missile,Missiles,1992,248,1997,0.18,0.18,44.64
15920,Taiwan,AIM-7M,long-range air-to-air missile,Missiles,1992,200,1999,0.18,0.18,36.0
15921,Taiwan,AIM-7M,long-range air-to-air missile,Missiles,1992,152,1998,0.18,0.18,27.36
15922,Taiwan,W-160,fire-control radar,Sensors,1989,2,1991,1.5,1.5,3.0
15923,Taiwan,W-160,fire-control radar,Sensors,1989,2,1990,1.5,1.5,3.0
15925,Taiwan,W-160,fire-control radar,Sensors,1989,2,1992,1.5,1.5,3.0
15926,Taiwan,C-130H Hercules,transport aircraft,Aircraft,1993,2,1994,28.0,28.0,56.0
15927,Taiwan,C-130H Hercules,transport aircraft,Aircraft,1993,1,1995,28.0,28.0,28.0
15928,Taiwan,TPS-77,air-search radar,Sensors,1992,1,1999,11.0,11.0,11.0
15933,Taiwan,FDCV,armoured personnel carrier,Armoured vehicles,1989,6,1990,0.45,0.45,2.7
15948,Taiwan,Aggressive,minesweeper,Ships,1994,4,1995,18.81,12.41,49.66
15949,Taiwan,Navajo ATF,tug,Ships,1990,3,1991,30.0,12.0,36.0
15950,Taiwan,R-76,fire-control radar,Sensors,1992,1,1994,2.38,2.38,2.38
15951,Taiwan,R-76,fire-control radar,Sensors,1992,5,1999,2.38,2.38,11.9
15952,Taiwan,R-76,fire-control radar,Sensors,1992,6,2000,2.38,2.38,14.28
15956,Taiwan,SM-1MR,SAM,Missiles,1994,41,1994,0.25,0.25,10.25
15957,Taiwan,SM-1MR,SAM,Missiles,1994,41,1998,0.25,0.25,10.25
15958,Taiwan,SM-1MR,SAM,Missiles,1994,42,1996,0.25,0.25,10.5
15959,Taiwan,SM-1MR,SAM,Missiles,1994,41,1995,0.25,0.25,10.25
15960,Taiwan,SM-1MR,SAM,Missiles,1994,42,1997,0.25,0.25,10.5
15973,Taiwan,Stinger,portable SAM,Missiles,1997,324,1998,0.08,0.08,25.92
15974,Taiwan,Stinger,portable SAM,Missiles,1997,325,2000,0.08,0.08,26.0
15975,Taiwan,Stinger,portable SAM,Missiles,1997,325,2001,0.08,0.08,26.0
15976,Taiwan,Stinger,portable SAM,Missiles,1997,325,1999,0.08,0.08,26.0
15983,Taiwan,C-130H Hercules,transport aircraft,Aircraft,1996,2,1998,28.0,28.0,56.0
15984,Taiwan,C-130H Hercules,transport aircraft,Aircraft,1996,3,1997,28.0,28.0,84.0
15986,Taiwan,Bell-206,light helicopter,Aircraft,1997,22,1998,0.7,0.7,15.4
15987,Taiwan,Bell-206,light helicopter,Aircraft,1997,8,1999,0.7,0.7,5.6
15993,Taiwan,TOW,anti-tank missile,Missiles,1997,586,1999,0.01,0.01,5.86
15994,Taiwan,TOW,anti-tank missile,Missiles,1997,600,2000,0.01,0.01,6.0
15995,Taiwan,TOW,anti-tank missile,Missiles,1997,600,2001,0.01,0.01,6.0
15996,Taiwan,M-109A5 155mm,self-propelled gun,Artillery,1996,28,1998,1.25,1.25,35.0
15997,Taiwan,S-70L Black Hawk,transport helicopter,Aircraft,1997,4,1998,7.25,7.25,29.0
16000,Taiwan,CH-47D Chinook,transport helicopter,Aircraft,1999,5,2002,18.0,18.0,90.0
16001,Taiwan,CH-47D Chinook,transport helicopter,Aircraft,1999,4,2003,18.0,18.0,72.0
16002,Taiwan,Stinger,portable SAM,Missiles,1998,364,2001,0.08,0.08,29.12
16003,Taiwan,Stinger,portable SAM,Missiles,1998,364,2000,0.08,0.08,29.12
16004,Taiwan,MIM-104 PAC-3,ABM missile,Missiles,2010,40,2013,0.8,0.8,32.0
16005,Taiwan,MIM-104 PAC-3,ABM missile,Missiles,2010,42,2014,0.8,0.8,33.6
16006,Taiwan,MIM-104 PAC-3,ABM missile,Missiles,2010,40,2015,0.8,0.8,32.0
16007,Taiwan,M-109A1 155mm,self-propelled gun,Artillery,1990,72,1991,1.1,1.1,79.2
16008,Taiwan,M-9 ACE,armoured engineer vehicle,Armoured vehicles,1990,18,1991,0.68,0.68,12.24
16009,Taiwan,Mk-46-5,anti-submarine torpedo,Missiles,1998,90,2000,0.35,0.35,31.5
16010,Taiwan,Mk-46-5,anti-submarine torpedo,Missiles,1993,75,1994,0.35,0.35,26.25
16011,Taiwan,Mk-46-5,anti-submarine torpedo,Missiles,1993,75,1995,0.35,0.35,26.25
16012,Taiwan,Mk-46-5,anti-submarine torpedo,Missiles,1999,41,2001,0.35,0.35,14.35
16013,Taiwan,AGM-114 Hellfire-2,anti-tank/air-to-surface missile,Missiles,1999,240,2001,0.05,0.05,12.0
16014,Taiwan,E-2C-2000,airborne early-warning aircraft,Aircraft,1999,2,2005,80.0,80.0,160.0
16017,Taiwan,AIM-120C AMRAAM,long-range air-to-air missile,Missiles,2000,20,2001,0.6,0.6,12.0
16018,Taiwan,AIM-120C AMRAAM,long-range air-to-air missile,Missiles,2000,50,2002,0.6,0.6,30.0
16019,Taiwan,AIM-120C AMRAAM,long-range air-to-air missile,Missiles,2000,50,2003,0.6,0.6,30.0
16020,Taiwan,FGM-148 Javelin,anti-tank missile,Missiles,2002,360,2005,0.03,0.03,10.8
16021,Taiwan,AGM-65 Maverick,air-to-surface missile,Missiles,2001,40,2003,0.15,0.15,6.0
16022,Taiwan,Kidd,destroyer,Ships,2003,2,2005,450.0,180.0,360.0
16023,Taiwan,Kidd,destroyer,Ships,2003,2,2006,450.0,180.0,360.0
16024,Taiwan,TPS-77,air-search radar,Sensors,2002,1,2004,11.0,11.0,11.0
16025,Taiwan,TPS-77,air-search radar,Sensors,2002,5,2005,11.0,11.0,55.0
16026,Taiwan,TPS-77,air-search radar,Sensors,2002,5,2006,11.0,11.0,55.0
16027,Taiwan,MIM-72C,SAM,Missiles,2000,282,2000,0.11,0.11,31.02
16028,Taiwan,MIM-72C,SAM,Missiles,2000,20,2005,0.11,0.11,2.2
16029,Taiwan,SM-2MR,SAM,Missiles,2003,116,2006,0.3,0.3,34.8
16030,Taiwan,SM-2MR,SAM,Missiles,2003,32,2005,0.3,0.3,9.6
16038,Taiwan,Bolster,salvage ship,Ships,1999,2,1999,20.0,8.0,16.0
16039,Taiwan,Bolster,salvage ship,Ships,1999,1,2000,20.0,8.0,8.0
16040,Taiwan,AAQ-20 Pathfinder,aircraft electro-optical system,Sensors,1998,14,2000,0.3,0.3,4.2
16041,Taiwan,AAQ-20 Pathfinder,aircraft electro-optical system,Sensors,1998,14,2001,0.3,0.3,4.2
16042,Taiwan,AIM-9M,short-range air-to-air missile,Missiles,2003,91,2005,0.12,0.12,10.92
16043,Taiwan,AIM-9M,short-range air-to-air missile,Missiles,2003,91,2006,0.12,0.12,10.92
16045,Taiwan,S-2T Tracker,anti-submarine aircraft,Aircraft,1986,2,1991,12.5,12.5,25.0
16046,Taiwan,S-2T Tracker,anti-submarine aircraft,Aircraft,1986,13,1992,12.5,12.5,162.5
16047,Taiwan,S-2T Tracker,anti-submarine aircraft,Aircraft,1986,12,1993,12.5,12.5,150.0
16048,Taiwan,AAQ-14 LANTIRN,aircraft electro-optical system,Sensors,1999,10,2000,1.0,1.0,10.0
16049,Taiwan,AAQ-14 LANTIRN,aircraft electro-optical system,Sensors,1999,10,2001,1.0,1.0,10.0
16050,Taiwan,Stinger,portable SAM,Missiles,2019,50,2023,0.08,0.08,4.0
16051,Taiwan,AIM-7M,long-range air-to-air missile,Missiles,2005,5,2007,0.18,0.18,0.9
16052,Taiwan,AIM-9M,short-range air-to-air missile,Missiles,2005,10,2006,0.12,0.12,1.2
16059,Taiwan,TFE-731 (1600),turbofan,Engines,1980,10,1990,0.6,0.6,6.0
16060,Taiwan,AAQ-14 LANTIRN,aircraft electro-optical system,Sensors,1998,14,2001,1.0,1.0,14.0
16061,Taiwan,AAQ-14 LANTIRN,aircraft electro-optical system,Sensors,1998,14,2000,1.0,1.0,14.0
16062,Taiwan,AAV-7A1,armoured personnel carrier,Armoured vehicles,2016,12,2020,1.0,1.0,12.0
16063,Taiwan,AAV-7A1,armoured personnel carrier,Armoured vehicles,2016,24,2021,1.0,1.0,24.0
16064,Taiwan,aircraft engine 2001-3000,aircraft engine,Engines,2010,6,2014,0.75,0.75,4.5
16065,Taiwan,aircraft engine 2001-3000,aircraft engine,Engines,2010,3,2013,0.75,0.75,2.25
16066,Taiwan,DB-110,aircraft reconnaissance system,Sensors,2021,1,2022,4.0,4.0,4.0
16067,Taiwan,DB-110,aircraft reconnaissance system,Sensors,2021,2,2023,4.0,4.0,8.0
16068,Taiwan,DB-110,aircraft reconnaissance system,Sensors,2021,2,2024,4.0,4.0,8.0
16069,Taiwan,M-1A2 Abrams,tank,Armoured vehicles,2019,36,2024,4.5,4.5,162.0
16070,Taiwan,M-1A2 Abrams,tank,Armoured vehicles,2019,2,2022,4.5,4.5,9.0
16072,Taiwan,AAQ-33 Sniper ATP,aircraft electro-optical system,Sensors,2018,3,2020,1.0,1.0,3.0
16073,Taiwan,AAQ-33 Sniper ATP,aircraft electro-optical system,Sensors,2018,5,2021,1.0,1.0,5.0
16074,Taiwan,AAQ-33 Sniper ATP,aircraft electro-optical system,Sensors,2018,5,2022,1.0,1.0,5.0
16075,Taiwan,AAQ-33 Sniper ATP,aircraft electro-optical system,Sensors,2018,5,2023,1.0,1.0,5.0
16076,Taiwan,SM-2MR,SAM,Missiles,2017,8,2020,0.3,0.3,2.4
16077,Taiwan,SM-2MR,SAM,Missiles,2017,8,2021,0.3,0.3,2.4
16078,Taiwan,HIMARS,multiple rocket launcher,Artillery,2021,5,2024,1.1,1.1,5.5
16079,Taiwan,vehicle engine 401-600,vehicle engine,Engines,2006,75,2022,0.08,0.08,6.0
16080,Taiwan,vehicle engine 401-600,vehicle engine,Engines,2006,75,2021,0.08,0.08,6.0
16081,Taiwan,vehicle engine 401-600,vehicle engine,Engines,2006,54,2020,0.08,0.08,4.32
16082,Taiwan,vehicle engine 401-600,vehicle engine,Engines,2006,32,2019,0.08,0.08,2.56
16083,Taiwan,vehicle engine 401-600,vehicle engine,Engines,2006,23,2018,0.08,0.08,1.84
16084,Taiwan,vehicle engine 401-600,vehicle engine,Engines,2006,45,2017,0.08,0.08,3.6
16085,Taiwan,vehicle engine 401-600,vehicle engine,Engines,2006,45,2016,0.08,0.08,3.6
16086,Taiwan,vehicle engine 401-600,vehicle engine,Engines,2006,45,2015,0.08,0.08,3.6
16087,Taiwan,vehicle engine 401-600,vehicle engine,Engines,2006,69,2023,0.08,0.08,5.52
16088,Taiwan,vehicle engine 401-600,vehicle engine,Engines,2006,2,2009,0.08,0.08,0.16
16089,Taiwan,vehicle engine 401-600,vehicle engine,Engines,2006,2,2010,0.08,0.08,0.16
16090,Taiwan,vehicle engine 401-600,vehicle engine,Engines,2006,5,2007,0.08,0.08,0.4
16091,Taiwan,vehicle engine 401-600,vehicle engine,Engines,2006,51,2011,0.08,0.08,4.08
16092,Taiwan,vehicle engine 401-600,vehicle engine,Engines,2006,1,2008,0.08,0.08,0.08
16093,Taiwan,vehicle engine 401-600,vehicle engine,Engines,2006,6,2006,0.08,0.08,0.48
16094,Taiwan,vehicle engine 401-600,vehicle engine,Engines,2006,51,2014,0.08,0.08,4.08
16095,Taiwan,vehicle engine 401-600,vehicle engine,Engines,2006,51,2013,0.08,0.08,4.08
16096,Taiwan,vehicle engine 401-600,vehicle engine,Engines,2006,51,2012,0.08,0.08,4.08
16122,Taiwan,APG-67,combat aircraft radar,Sensors,1982,2,2000,2.5,2.5,5.0
16124,Taiwan,APG-67,combat aircraft radar,Sensors,1982,5,1991,2.5,2.5,12.5
16125,Taiwan,APG-67,combat aircraft radar,Sensors,1982,10,1992,2.5,2.5,25.0
16126,Taiwan,APG-67,combat aircraft radar,Sensors,1982,16,1993,2.5,2.5,40.0
16127,Taiwan,APG-67,combat aircraft radar,Sensors,1982,16,1994,2.5,2.5,40.0
16128,Taiwan,APG-67,combat aircraft radar,Sensors,1982,16,1995,2.5,2.5,40.0
16129,Taiwan,APG-67,combat aircraft radar,Sensors,1982,16,1996,2.5,2.5,40.0
16130,Taiwan,APG-67,combat aircraft radar,Sensors,1982,16,1997,2.5,2.5,40.0
16131,Taiwan,APG-67,combat aircraft radar,Sensors,1982,16,1998,2.5,2.5,40.0
16132,Taiwan,APG-67,combat aircraft radar,Sensors,1982,16,1999,2.5,2.5,40.0
16137,Taiwan,HCDS,coastal defence system,Artillery,2021,1,2024,10.0,10.0,10.0
16138,Taiwan,TOW-2B,anti-tank missile,Missiles,2018,460,2024,0.02,0.02,9.2
16139,Taiwan,FGM-148 Javelin,anti-tank missile,Missiles,2019,200,2023,0.03,0.03,6.0
16140,Taiwan,FGM-148 Javelin,anti-tank missile,Missiles,2019,200,2024,0.03,0.03,6.0
16141,Taiwan,Harpoon Block-2,anti-ship/land-attack missile,Missiles,2008,20,2010,1.0,1.0,20.0
16142,Taiwan,Harpoon Block-2,anti-ship/land-attack missile,Missiles,2008,20,2012,1.0,1.0,20.0
16143,Taiwan,Harpoon Block-2,anti-ship/land-attack missile,Missiles,2008,20,2011,1.0,1.0,20.0
16144,Taiwan,Harpoon Block-2,anti-ship/land-attack missile,Missiles,2021,30,2024,1.0,1.0,30.0
16145,Taiwan,Harpoon Block-1,anti-ship missile,Missiles,1999,44,1999,0.9,0.9,39.6
16146,Taiwan,Harpoon Block-1,anti-ship missile,Missiles,1999,14,2000,0.9,0.9,12.6
16147,Taiwan,Harpoon Block-1,anti-ship missile,Missiles,1997,1,1998,0.9,0.9,0.9
16148,Taiwan,Harpoon Block-1,anti-ship missile,Missiles,1997,26,2000,0.9,0.9,23.4
16149,Taiwan,Harpoon Block-1,anti-ship missile,Missiles,1997,27,1999,0.9,0.9,24.3
16150,Taiwan,Harpoon Block-1,anti-ship missile,Missiles,2001,71,2002,0.9,0.9,63.9
16151,Taiwan,Harpoon Block-2,anti-ship/land-attack missile,Missiles,2008,10,2013,1.0,1.0,10.0
16152,Taiwan,Harpoon Block-2,anti-ship/land-attack missile,Missiles,2008,15,2014,1.0,1.0,15.0
16153,Taiwan,Harpoon Block-2,anti-ship/land-attack missile,Missiles,2008,5,2015,1.0,1.0,5.0
16154,Taiwan,Harpoon Block-2,anti-ship/land-attack missile,Missiles,2008,2,2016,1.0,1.0,2.0
16155,Taiwan,Harpoon Block-2,anti-ship/land-attack missile,Missiles,2003,8,2005,1.0,1.0,8.0
16156,Taiwan,Harpoon Block-2,anti-ship/land-attack missile,Missiles,2003,14,2006,1.0,1.0,14.0
16157,Taiwan,Mk-54 LWT,anti-submarine torpedo,Missiles,2018,56,2020,0.5,0.5,28.0
16158,Taiwan,Mk-54 LWT,anti-submarine torpedo,Missiles,2018,56,2021,0.5,0.5,28.0
16159,Taiwan,Mk-54 LWT,anti-submarine torpedo,Missiles,2018,56,2022,0.5,0.5,28.0
16160,Taiwan,Stinger,portable SAM,Missiles,2009,25,2012,0.08,0.08,2.0
16161,Taiwan,Stinger,portable SAM,Missiles,2009,100,2014,0.08,0.08,8.0
16162,Taiwan,Stinger,portable SAM,Missiles,2009,46,2013,0.08,0.08,3.68
16163,Taiwan,FGM-148 Javelin,anti-tank missile,Missiles,2017,208,2020,0.03,0.03,6.24
16168,Taiwan,ATACMS-1A,surface-to-surface missile,Missiles,2021,20,2024,2.0,2.0,40.0
16169,Taiwan,F-16C,FGA aircraft,Aircraft,1992,60,1997,28.5,28.5,1710.0
16170,Taiwan,F-16C,FGA aircraft,Aircraft,1992,52,1998,28.5,28.5,1482.0
16171,Taiwan,F-16C,FGA aircraft,Aircraft,1992,38,1999,28.5,28.5,1083.0
16172,Taiwan,AH-64E Apache,combat helicopter,Aircraft,2010,2,2012,15.0,15.0,30.0
16173,Taiwan,AH-64E Apache,combat helicopter,Aircraft,2010,8,2013,15.0,15.0,120.0
16174,Taiwan,AH-64E Apache,combat helicopter,Aircraft,2010,20,2014,15.0,15.0,300.0
16177,Taiwan,Phalanx,naval gun,Naval weapons,1995,2,1996,7.0,7.0,14.0
16178,Taiwan,Phalanx,naval gun,Naval weapons,1995,3,1997,7.0,7.0,21.0
16179,Taiwan,Phalanx,naval gun,Naval weapons,1995,1,1998,7.0,7.0,7.0
16189,Thailand,AQS-13F,anti-submarine sonar,Sensors,2001,2,2004,1.5,1.5,3.0
16190,Thailand,S-70L Black Hawk,transport helicopter,Aircraft,2019,1,2023,7.25,7.25,7.25
16191,Thailand,S-70L Black Hawk,transport helicopter,Aircraft,2019,4,2022,7.25,7.25,29.0
16196,Thailand,T-6 Texan-2 -,(armed) trainer aircraft,Aircraft,2020,2,2022,2.0,2.0,4.0
16197,Thailand,T-6 Texan-2 -,(armed) trainer aircraft,Aircraft,2020,10,2023,2.0,2.0,20.0
16212,Thailand,S-70A Black Hawk,transport helicopter,Aircraft,2019,3,2020,6.5,2.6,7.8
16213,Thailand,AT-6 Wolverine -,ground-attack aircraft,Aircraft,2021,4,2024,4.75,4.75,19.0
16214,Thailand,RQ-21 Blackjack,UAV,Aircraft,2021,2,2022,0.07,0.07,0.14
16230,Thailand,MK-41 SAMS,naval SAM system,Naval weapons,1989,1,1995,20.0,20.0,20.0
16231,Thailand,MK-41 SAMS,naval SAM system,Naval weapons,1989,1,1994,20.0,20.0,20.0
16232,Thailand,F-404 (8000),turbofan,Engines,2015,4,2018,2.2,2.2,8.8
16243,Thailand,Stingray,light tank,Armoured vehicles,1987,50,1990,1.6,1.6,80.0
16253,Thailand,Bell-205A-1,helicopter,Aircraft,1989,10,1990,2.62,1.73,17.29
16262,Thailand,M-88 AV,armoured recovery vehicle,Armoured vehicles,1990,10,1993,1.5,1.5,15.0
16263,Thailand,M-88 AV,armoured recovery vehicle,Armoured vehicles,1990,10,1994,1.5,1.5,15.0
16265,Thailand,F-16A,FGA aircraft,Aircraft,2000,9,2002,20.65,13.63,122.66
16266,Thailand,F-16A,FGA aircraft,Aircraft,2000,7,2003,20.65,13.63,95.4
16267,Thailand,Saab-340,transport aircraft,Aircraft,2016,2,2017,7.0,2.8,5.6
16270,Thailand,ship engine 4001-6000,ship engine,Engines,1993,2,1997,1.5,1.5,3.0
16271,Thailand,vehicle engine 201-300,vehicle engine,Engines,2012,6,2014,0.03,0.03,0.18
16272,Thailand,vehicle engine 201-300,vehicle engine,Engines,2012,10,2013,0.03,0.03,0.3
16273,Thailand,vehicle engine 201-300,vehicle engine,Engines,2012,5,2012,0.03,0.03,0.15
16277,Thailand,AIM-120C AMRAAM,long-range air-to-air missile,Missiles,2014,25,2016,0.6,0.6,15.0
16278,Thailand,AIM-120C AMRAAM,long-range air-to-air missile,Missiles,2014,25,2017,0.6,0.6,15.0
16279,Thailand,F-404 (8000),turbofan,Engines,2010,6,2013,2.2,2.2,13.2
16281,Thailand,Knox,frigate,Ships,1992,1,1994,275.0,110.0,110.0
16282,Thailand,Knox,frigate,Ships,1992,1,1996,275.0,110.0,110.0
16291,Thailand,Kodiak-100,light transport aircraft,Aircraft,2021,3,2024,1.0,1.0,3.0
16300,Thailand,Phalanx,naval gun,Naval weapons,2013,1,2018,7.0,7.0,7.0
16301,Thailand,MK-41 SAMS,naval SAM system,Naval weapons,2013,1,2018,20.0,20.0,20.0
16302,Thailand,LM-2500 (30001-35000),gas turbine,Engines,2013,1,2018,7.0,7.0,7.0
16305,Thailand,AAQ-33 Sniper ATP,aircraft electro-optical system,Sensors,2014,2,2015,1.0,1.0,2.0
16306,Thailand,AAQ-33 Sniper ATP,aircraft electro-optical system,Sensors,2014,3,2016,1.0,1.0,3.0
16307,Thailand,S-70L Black Hawk,transport helicopter,Aircraft,2007,2,2011,7.25,7.25,14.5
16309,Thailand,TOW-2B,anti-tank missile,Missiles,2017,50,2018,0.02,0.02,1.0
16313,Thailand,M-992 FAASV,armoured supply vehicle,Armoured vehicles,1991,10,1993,0.45,0.45,4.5
16314,Thailand,M-992 FAASV,armoured supply vehicle,Armoured vehicles,1991,10,1994,0.45,0.45,4.5
16315,Thailand,Cessna-180 Skywagon,light aircraft,Aircraft,2019,3,2020,0.18,0.18,0.54
16317,Thailand,AH-1F Cobra,combat helicopter,Aircraft,1988,2,1990,7.5,7.5,15.0
16321,Thailand,F-404 (8000),turbofan,Engines,2021,2,2024,2.2,2.2,4.4
16322,Thailand,F-404 (8000),turbofan,Engines,2017,4,2019,2.2,2.2,8.8
16323,Thailand,F-404 (8000),turbofan,Engines,2017,4,2020,2.2,2.2,8.8
16324,Thailand,ESSM,SAM,Missiles,2013,9,2015,0.4,0.4,3.6
16359,Thailand,Bell-205A-1,helicopter,Aircraft,2001,5,2002,2.62,1.73,8.65
16360,Thailand,Bell-205A-1,helicopter,Aircraft,2001,15,2003,2.62,1.73,25.94
16361,Thailand,Bell-205A-1,helicopter,Aircraft,2001,10,2004,2.62,1.73,17.29
16362,Thailand,AH-1F Cobra,combat helicopter,Aircraft,2005,3,2011,7.5,4.95,14.85
16363,Thailand,AH-1F Cobra,combat helicopter,Aircraft,2005,1,2012,7.5,4.95,4.95
16365,Thailand,Paveway,guided bomb,Missiles,1990,25,1991,0.02,0.02,0.5
16366,Thailand,Paveway,guided bomb,Missiles,1990,25,1992,0.02,0.02,0.5
16369,Thailand,F-404 (8000),turbofan,Engines,2008,6,2011,2.2,2.2,13.2
16370,Thailand,S-70L Black Hawk,transport helicopter,Aircraft,2012,3,2013,7.25,7.25,21.75
16372,Thailand,Enstrom-480,light helicopter,Aircraft,2010,10,2011,0.4,0.4,4.0
16373,Thailand,Enstrom-480,light helicopter,Aircraft,2010,6,2012,0.4,0.4,2.4
16374,Thailand,Aeros-40 Sky Dragon,light transport airship,Aircraft,2009,1,2009,4.0,4.0,4.0
16375,Thailand,APS-128,maritime patrol aircraft radar,Sensors,1990,3,1991,2.5,2.5,7.5
16376,Thailand,APS-128,maritime patrol aircraft radar,Sensors,1995,1,1996,2.5,2.5,2.5
16377,Thailand,APS-128,maritime patrol aircraft radar,Sensors,1995,2,1995,2.5,2.5,5.0
16378,Thailand,APS-128,maritime patrol aircraft radar,Sensors,2003,1,2004,2.5,2.5,2.5
16379,Thailand,Saab-340,transport aircraft,Aircraft,2012,1,2012,7.0,2.8,2.8
16380,Thailand,S-70L Black Hawk,transport helicopter,Aircraft,2013,1,2016,7.25,7.25,7.25
16381,Thailand,vehicle engine 301-400,vehicle engine,Engines,2008,10,2010,0.05,0.05,0.5
16383,Thailand,TPS-77,air-search radar,Sensors,2007,1,2012,11.0,11.0,11.0
16384,Thailand,Bell-214,helicopter,Aircraft,2010,2,2011,4.0,1.6,3.2
16387,Thailand,S-70L Black Hawk,transport helicopter,Aircraft,2012,3,2014,7.25,7.25,21.75
16390,Thailand,TPS-70,air-search radar,Sensors,2013,1,2015,11.0,11.0,11.0
16391,Thailand,TPS-70,air-search radar,Sensors,2013,1,2016,11.0,11.0,11.0
16392,Thailand,M-198 155mm,towed gun,Artillery,2012,54,2013,0.85,0.34,18.36
16469,Thailand,M-88A2,armoured recovery vehicle,Armoured vehicles,1998,3,2000,2.0,2.0,6.0
16470,Thailand,M-88A2,armoured recovery vehicle,Armoured vehicles,1998,3,2001,2.0,2.0,6.0
16527,Thailand,TPS-70,air-search radar,Sensors,1985,2,1992,11.0,11.0,22.0
16533,Thailand,F-16A,FGA aircraft,Aircraft,1987,6,1991,20.65,20.65,123.9
16535,Thailand,AIM-9J,short-range air-to-air missile,Missiles,1987,40,1991,0.09,0.09,3.6
16540,Thailand,CH-47D Chinook,transport helicopter,Aircraft,1988,3,1990,18.0,18.0,54.0
16542,Thailand,M-113,armoured personnel carrier,Armoured vehicles,1988,28,1992,0.25,0.25,7.0
16543,Thailand,M-109A5 155mm,self-propelled gun,Artillery,1991,20,1994,1.25,1.25,25.0
16545,Thailand,C-130H Hercules,transport aircraft,Aircraft,1988,1,1990,28.0,28.0,28.0
16547,Thailand,TOW,anti-tank missile,Missiles,1988,50,1990,0.01,0.01,0.5
16548,Thailand,M-48A5,tank,Armoured vehicles,1990,75,1991,1.75,0.7,52.5
16549,Thailand,P-3A,anti-submarine aircraft,Aircraft,1993,3,1996,28.01,18.49,55.46
16550,Thailand,Harpoon Block-1,anti-ship missile,Missiles,1990,16,1994,0.9,0.9,14.4
16551,Thailand,M-60A1,tank,Armoured vehicles,1990,53,1991,1.8,0.72,38.16
16552,Thailand,CH-47D Chinook,transport helicopter,Aircraft,1990,3,1991,18.0,18.0,54.0
16553,Thailand,F-16A,FGA aircraft,Aircraft,1992,4,1995,20.65,20.65,82.6
16554,Thailand,F-16A,FGA aircraft,Aircraft,1992,10,1996,20.65,20.65,206.5
16555,Thailand,F-16A,FGA aircraft,Aircraft,1992,4,1997,20.65,20.65,82.6
16556,Thailand,A-7E Corsair,FGA aircraft,Aircraft,1994,4,1995,14.0,5.6,22.4
16557,Thailand,A-7E Corsair,FGA aircraft,Aircraft,1994,4,1996,14.0,5.6,22.4
16558,Thailand,A-7E Corsair,FGA aircraft,Aircraft,1994,10,1997,14.0,5.6,56.0
16559,Thailand,AIM-7M,long-range air-to-air missile,Missiles,1991,12,1994,0.18,0.18,2.16
16560,Thailand,AIM-7M,long-range air-to-air missile,Missiles,1991,13,1995,0.18,0.18,2.34
16561,Thailand,MX-7,light aircraft,Aircraft,1991,20,1992,0.1,0.1,2.0
16563,Thailand,Bell-212,helicopter,Aircraft,1993,5,1997,3.7,3.7,18.5
16564,Thailand,Bell-212,helicopter,Aircraft,1993,5,1998,3.7,3.7,18.5
16565,Thailand,Bell-212,helicopter,Aircraft,1993,5,1999,3.7,3.7,18.5
16566,Thailand,Bell-212,helicopter,Aircraft,1993,5,2000,3.7,3.7,18.5
16567,Thailand,SH-60 ASM,transport helicopter,Aircraft,1993,6,1997,11.0,11.0,66.0
16568,Thailand,C-130H Hercules,transport aircraft,Aircraft,1992,2,1993,28.0,28.0,56.0
16569,Thailand,C-130H Hercules,transport aircraft,Aircraft,1989,1,1990,28.0,28.0,28.0
16570,Thailand,Mk-45 127mm,naval gun,Naval weapons,1990,1,1994,5.25,5.25,5.25
16571,Thailand,Mk-45 127mm,naval gun,Naval weapons,1990,1,1995,5.25,5.25,5.25
16572,Thailand,Harpoon Block-1,anti-ship missile,Missiles,1991,15,1995,0.9,0.9,13.5
16573,Thailand,Harpoon Block-1,anti-ship missile,Missiles,1991,15,1994,0.9,0.9,13.5
16574,Thailand,M-60A3,tank,Armoured vehicles,1995,101,1997,2.1,0.84,84.84
16575,Thailand,M-60A3,tank,Armoured vehicles,1995,24,1996,2.1,0.84,20.16
16576,Thailand,S-76,helicopter,Aircraft,1995,6,1996,3.0,3.0,18.0
16577,Thailand,FPS-130,air-search radar,Sensors,1995,1,1998,13.0,13.0,13.0
16578,Thailand,FPS-130,air-search radar,Sensors,1995,2,1999,13.0,13.0,26.0
16579,Thailand,M-901,tank destroyer,Armoured vehicles,1995,18,1997,0.9,0.9,16.2
16580,Thailand,SPS-52,air-search radar,Sensors,1994,1,1997,10.0,4.0,4.0
16581,Thailand,M-113A3,armoured personnel carrier,Armoured vehicles,1995,19,1996,0.3,0.3,5.7
16582,Thailand,M-113A3,armoured personnel carrier,Armoured vehicles,1995,33,1997,0.3,0.3,9.9
16584,Thailand,Harpoon Block-1,anti-ship missile,Missiles,1996,8,1997,0.9,0.9,7.2
16585,Thailand,M-106A3,self-propelled mortar,Artillery,1995,12,1997,0.55,0.55,6.6
16590,Thailand,Harpoon Block-1,anti-ship missile,Missiles,1996,2,1998,0.9,0.9,1.8
16594,Thailand,TOW,anti-tank missile,Missiles,1995,215,1996,0.01,0.01,2.15
16599,Thailand,M-113,armoured personnel carrier,Armoured vehicles,1997,6,2000,0.25,0.1,0.6
16600,Thailand,M-113,armoured personnel carrier,Armoured vehicles,1997,24,1998,0.25,0.1,2.4
16601,Thailand,S-70L Black Hawk,transport helicopter,Aircraft,2001,1,2001,7.25,7.25,7.25
16602,Thailand,S-70L Black Hawk,transport helicopter,Aircraft,2001,2,2002,7.25,7.25,14.5
16603,Thailand,AIM-120C AMRAAM,long-range air-to-air missile,Missiles,2001,8,2003,0.6,0.6,4.8
16613,Thailand,TOW,anti-tank missile,Missiles,1980,200,1990,0.01,0.01,2.0
16614,Thailand,S-70L Black Hawk,transport helicopter,Aircraft,2003,2,2004,7.25,7.25,14.5
16615,Thailand,S-70L Black Hawk,transport helicopter,Aircraft,2003,2,2005,7.25,7.25,14.5
16620,Thailand,LM-2500 (30001-35000),gas turbine,Engines,1992,2,1997,7.0,7.0,14.0
16621,Thailand,LM-2500 (30001-35000),gas turbine,Engines,1989,2,1994,7.0,7.0,14.0
16622,Thailand,LM-2500 (30001-35000),gas turbine,Engines,1989,2,1995,7.0,7.0,14.0
16623,Thailand,AAQ-14 LANTIRN,aircraft electro-optical system,Sensors,1995,6,1997,1.0,1.0,6.0
16624,Thailand,AAQ-13 LANTIRN,combat aircraft radar,Sensors,1995,6,1997,1.0,1.0,6.0
16625,Thailand,aircraft engine 1001-2000,aircraft engine,Engines,2001,4,2004,0.5,0.5,2.0
16626,Thailand,Harpoon Block-2,anti-ship/land-attack missile,Missiles,2017,5,2019,1.0,1.0,5.0
16627,Thailand,Mk-54 LWT,anti-submarine torpedo,Missiles,2016,15,2019,0.5,0.5,7.5
16631,Thailand,LAV-3,armoured personnel carrier,Armoured vehicles,2019,44,2020,0.35,0.14,6.16
16632,Thailand,LAV-3,armoured personnel carrier,Armoured vehicles,2019,19,2019,0.35,0.14,2.66
16633,Thailand,LAV-3,armoured personnel carrier,Armoured vehicles,2019,17,2022,0.35,0.14,2.38
16634,Thailand,LAV-3,armoured personnel carrier,Armoured vehicles,2019,50,2023,0.35,0.14,7.0
16635,Thailand,ESSM,SAM,Missiles,2015,7,2017,0.4,0.4,2.8
16636,Thailand,ESSM,SAM,Missiles,2015,7,2018,0.4,0.4,2.8
16638,Thailand,C-130H Hercules,transport aircraft,Aircraft,1991,2,1993,28.0,28.0,56.0
16639,Thailand,FGM-148 Javelin,anti-tank missile,Missiles,2022,150,2024,0.03,0.03,4.5
16641,Thailand,APG-68,combat aircraft radar,Sensors,2012,5,2014,2.0,2.0,10.0
16642,Thailand,APG-68,combat aircraft radar,Sensors,2012,5,2015,2.0,2.0,10.0
16643,Thailand,APG-68,combat aircraft radar,Sensors,2012,5,2016,2.0,2.0,10.0
16644,Thailand,APG-68,combat aircraft radar,Sensors,2012,3,2017,2.0,2.0,6.0
16645,Thailand,SeaVue,maritime patrol aircraft radar,Sensors,2004,2,2006,2.5,2.5,5.0
16646,Thailand,SeaVue,maritime patrol aircraft radar,Sensors,2004,1,2005,2.5,2.5,2.5
16647,Togo,King Air,light transport aircraft,Aircraft,1993,1,1994,2.85,2.85,2.85
16648,Togo,King Air,light transport aircraft,Aircraft,1993,1,1995,2.85,2.85,2.85
16650,Togo,Mamba-7 -,armoured personnel carrier,Armoured vehicles,2020,21,2022,0.2,0.2,4.2
16651,Togo,Mamba-7 -,armoured personnel carrier,Armoured vehicles,2020,23,2020,0.2,0.2,4.6
16652,Togo,Mamba-7 -,armoured personnel carrier,Armoured vehicles,2020,50,2021,0.2,0.2,10.0
16653,Togo,Mamba-7 -,armoured personnel carrier,Armoured vehicles,2020,6,2023,0.2,0.2,1.2
16654,Tonga,Beech-18,light transport aircraft,Aircraft,1996,1,1996,0.4,0.26,0.26
16655,Trinidad and Tobago,Metro-3,transport aircraft,Aircraft,1998,2,2000,2.8,1.12,2.24
16656,Trinidad and Tobago,PA-31,light transport aircraft,Aircraft,2000,1,2001,0.75,0.5,0.5
16657,Trinidad and Tobago,PA-31,light transport aircraft,Aircraft,2000,1,2000,0.75,0.5,0.5
16658,Trinidad and Tobago,Gasper,patrol boat,Ships,2007,2,2007,7.4,2.96,5.92
16659,Trinidad and Tobago,APG-66,combat aircraft radar,Sensors,2002,1,2002,1.5,1.5,1.5
16664,Trinidad and Tobago,AW-139,helicopter,Aircraft,2009,2,2012,6.0,6.0,12.0
16665,Trinidad and Tobago,AW-139,helicopter,Aircraft,2009,2,2011,6.0,6.0,12.0
16666,Tunisia,vehicle engine 301-400,vehicle engine,Engines,2020,46,2022,0.05,0.05,2.3
16667,Tunisia,PC-9 -,(armed) trainer aircraft,Aircraft,2021,2,2022,1.9,1.9,3.8
16668,Tunisia,PC-9 -,(armed) trainer aircraft,Aircraft,2021,6,2023,1.9,1.9,11.4
16672,Tunisia,Pitbull VX,armoured personnel carrier,Armoured vehicles,2018,9,2018,0.14,0.14,1.26
16673,Tunisia,vehicle engine 301-400,vehicle engine,Engines,2014,71,2016,0.05,0.05,3.55
16674,Tunisia,vehicle engine 301-400,vehicle engine,Engines,2014,29,2014,0.05,0.05,1.45
16675,Tunisia,vehicle engine 301-400,vehicle engine,Engines,2016,70,2017,0.05,0.05,3.5
16676,Tunisia,Bell-429,light helicopter,Aircraft,2016,3,2017,2.8,2.8,8.4
16677,Tunisia,AGM-114 Hellfire-2,anti-tank/air-to-surface missile,Missiles,2015,150,2017,0.05,0.05,7.5
16678,Tunisia,MX-7,light aircraft,Aircraft,2016,12,2016,0.1,0.1,1.2
16679,Tunisia,HMMWV-UA,armoured personnel carrier,Armoured vehicles,2015,52,2015,0.13,0.13,6.76
16680,Tunisia,HMMWV-UA,armoured personnel carrier,Armoured vehicles,2015,28,2016,0.13,0.13,3.64
16681,Tunisia,S-70L Black Hawk,transport helicopter,Aircraft,2016,2,2019,7.25,7.25,14.5
16682,Tunisia,S-70L Black Hawk,transport helicopter,Aircraft,2016,2,2020,7.25,7.25,14.5
16683,Tunisia,ship engine 4001-6000,ship engine,Engines,2016,8,2018,1.5,1.5,12.0
16684,Tunisia,vehicle engine 301-400,vehicle engine,Engines,2016,10,2016,0.05,0.05,0.5
16686,Tunisia,S-70L Black Hawk,transport helicopter,Aircraft,2015,4,2017,7.25,7.25,29.0
16687,Tunisia,S-70L Black Hawk,transport helicopter,Aircraft,2015,4,2018,7.25,7.25,29.0
16688,Tunisia,C-130H Hercules,transport aircraft,Aircraft,2020,1,2022,28.0,11.2,11.2
16689,Tunisia,C-130H Hercules,transport aircraft,Aircraft,2020,2,2024,28.0,11.2,22.4
16690,Tunisia,OH-58D,combat helicopter,Aircraft,2016,6,2016,3.0,1.2,7.2
16691,Tunisia,OH-58D,combat helicopter,Aircraft,2016,18,2017,3.0,1.2,21.6
16694,Tunisia,Conrad,survey ship,Ships,1992,1,1992,20.0,8.0,8.0
16695,Tunisia,S-61R,transport helicopter,Aircraft,1993,6,1997,6.5,2.6,15.6
16696,Tunisia,M-48 SAMS,mobile SAM system,Air-defence systems,1998,20,2002,1.0,0.4,8.0
16697,Tunisia,MIM-72C,SAM,Missiles,1998,600,2002,0.11,0.04,26.4
16698,Tunisia,C-130B Hercules,transport aircraft,Aircraft,1996,2,1998,23.0,9.2,18.4
16699,Tunisia,C-130E Hercules,transport aircraft,Aircraft,1999,1,1999,24.0,9.6,9.6
16700,Tunisia,Bell-205A-1,helicopter,Aircraft,2006,2,2008,2.62,1.73,3.46
16701,Tunisia,Bell-205A-1,helicopter,Aircraft,2006,4,2010,2.62,1.73,6.92
16702,Tunisia,Bell-205A-1,helicopter,Aircraft,2006,4,2011,2.62,1.73,6.92
16703,Tunisia,TOW,anti-tank missile,Missiles,2005,180,2006,0.01,0.01,1.8
16706,Tunisia,C-130B Hercules,transport aircraft,Aircraft,1995,2,1995,23.0,9.2,18.4
16707,Tunisia,C-130B Hercules,transport aircraft,Aircraft,1995,2,1996,23.0,9.2,18.4
16708,Tunisia,C-130B Hercules,transport aircraft,Aircraft,1995,1,1997,23.0,9.2,9.2
16709,Tunisia,C-130B Hercules,transport aircraft,Aircraft,2001,1,2002,23.0,9.2,9.2
16734,Tunisia,Bell-205A-1,helicopter,Aircraft,1995,4,1996,2.62,1.05,4.19
16736,Tunisia,M-113,armoured personnel carrier,Armoured vehicles,2003,6,2003,0.25,0.1,0.6
16737,Tunisia,vehicle engine 301-400,vehicle engine,Engines,2020,33,2021,0.05,0.05,1.65
16738,Tunisia,Cessna-208 Caravan,light transport aircraft,Aircraft,2021,4,2024,1.0,1.0,4.0
16739,Tunisia,vehicle engine 301-400,vehicle engine,Engines,2019,5,2021,0.05,0.05,0.25
16740,Tunisia,vehicle engine 301-400,vehicle engine,Engines,2019,4,2020,0.05,0.05,0.2
16741,Tunisia,C-130J Hercules,transport aircraft,Aircraft,2010,1,2013,40.0,40.0,40.0
16742,Tunisia,C-130J Hercules,transport aircraft,Aircraft,2010,1,2014,40.0,40.0,40.0
16743,Turkey,vehicle engine 301-400,vehicle engine,Engines,2013,25,2015,0.05,0.05,1.25
16744,Turkey,vehicle engine 301-400,vehicle engine,Engines,2013,25,2014,0.05,0.05,1.25
16752,Turkey,DE-1160,anti-submarine sonar,Sensors,1990,1,1995,5.0,5.0,5.0
16753,Turkey,DE-1160,anti-submarine sonar,Sensors,1990,1,1996,5.0,5.0,5.0
16754,Turkey,DE-1160,anti-submarine sonar,Sensors,1990,1,1998,5.0,5.0,5.0
16755,Turkey,DE-1160,anti-submarine sonar,Sensors,1990,1,2000,5.0,5.0,5.0
16756,Turkey,LM-2500 (30001-35000),gas turbine,Engines,2018,2,2024,7.0,7.0,14.0
16766,Turkey,vehicle engine 301-400,vehicle engine,Engines,2016,34,2022,0.05,0.05,1.7
16767,Turkey,vehicle engine 301-400,vehicle engine,Engines,2016,50,2020,0.05,0.05,2.5
16768,Turkey,vehicle engine 301-400,vehicle engine,Engines,2016,100,2021,0.05,0.05,5.0
16769,Turkey,MK-41 SAMS,naval SAM system,Naval weapons,2005,2,2013,20.0,20.0,40.0
16770,Turkey,MK-41 SAMS,naval SAM system,Naval weapons,2005,2,2014,20.0,20.0,40.0
16773,Turkey,M-60A3,tank,Armoured vehicles,1991,391,1992,2.1,0.84,328.44
16774,Turkey,M-60A3,tank,Armoured vehicles,1991,267,1993,2.1,0.84,224.28
16775,Turkey,M-60A1,tank,Armoured vehicles,1991,25,1992,1.8,0.72,18.0
16776,Turkey,M-60A1,tank,Armoured vehicles,1991,62,1994,1.8,0.72,44.64
16777,Turkey,M-60A1,tank,Armoured vehicles,1991,187,1993,1.8,0.72,134.64
16778,Turkey,M-113,armoured personnel carrier,Armoured vehicles,1990,119,1992,0.25,0.1,11.9
16779,Turkey,M-113,armoured personnel carrier,Armoured vehicles,1990,131,1993,0.25,0.1,13.1
16780,Turkey,Mk-29 SAMS,naval SAM system,Naval weapons,1990,1,1996,5.0,5.0,5.0
16781,Turkey,Mk-29 SAMS,naval SAM system,Naval weapons,1990,1,1995,5.0,5.0,5.0
16782,Turkey,MK-41 SAMS,naval SAM system,Naval weapons,1994,1,2000,20.0,20.0,20.0
16783,Turkey,MK-41 SAMS,naval SAM system,Naval weapons,1994,1,1998,20.0,20.0,20.0
16787,Turkey,AAQ-13 LANTIRN,combat aircraft radar,Sensors,1990,13,1994,1.0,1.0,13.0
16788,Turkey,AAQ-13 LANTIRN,combat aircraft radar,Sensors,1990,14,1995,1.0,1.0,14.0
16789,Turkey,AAQ-13 LANTIRN,combat aircraft radar,Sensors,1990,13,1996,1.0,1.0,13.0
16790,Turkey,AAQ-14 LANTIRN,aircraft electro-optical system,Sensors,1990,7,1995,1.0,1.0,7.0
16791,Turkey,AAQ-14 LANTIRN,aircraft electro-optical system,Sensors,1990,6,1994,1.0,1.0,6.0
16792,Turkey,AAQ-14 LANTIRN,aircraft electro-optical system,Sensors,1990,7,1996,1.0,1.0,7.0
16793,Turkey,AH-1S Cobra,combat helicopter,Aircraft,1992,8,1993,4.28,1.71,13.7
16794,Turkey,AH-1S Cobra,combat helicopter,Aircraft,1992,6,1992,4.28,1.71,10.27
16796,Turkey,King Air,light transport aircraft,Aircraft,2012,5,2012,2.85,1.88,9.41
16810,Turkey,vehicle engine 201-300,vehicle engine,Engines,1990,125,2004,0.03,0.03,3.75
16811,Turkey,vehicle engine 201-300,vehicle engine,Engines,1990,125,2003,0.03,0.03,3.75
16812,Turkey,vehicle engine 201-300,vehicle engine,Engines,1990,125,2002,0.03,0.03,3.75
16813,Turkey,vehicle engine 201-300,vehicle engine,Engines,1990,125,2001,0.03,0.03,3.75
16814,Turkey,vehicle engine 201-300,vehicle engine,Engines,1990,100,2000,0.03,0.03,3.0
16815,Turkey,vehicle engine 201-300,vehicle engine,Engines,1990,100,1999,0.03,0.03,3.0
16816,Turkey,vehicle engine 201-300,vehicle engine,Engines,1990,100,1998,0.03,0.03,3.0
16817,Turkey,vehicle engine 201-300,vehicle engine,Engines,1990,100,1997,0.03,0.03,3.0
16818,Turkey,vehicle engine 201-300,vehicle engine,Engines,1990,100,1996,0.03,0.03,3.0
16819,Turkey,vehicle engine 201-300,vehicle engine,Engines,1990,100,1995,0.03,0.03,3.0
16820,Turkey,vehicle engine 201-300,vehicle engine,Engines,1990,100,1994,0.03,0.03,3.0
16821,Turkey,vehicle engine 201-300,vehicle engine,Engines,1990,100,1993,0.03,0.03,3.0
16822,Turkey,vehicle engine 201-300,vehicle engine,Engines,1990,100,1992,0.03,0.03,3.0
16823,Turkey,vehicle engine 201-300,vehicle engine,Engines,1990,100,1991,0.03,0.03,3.0
16824,Turkey,vehicle engine 201-300,vehicle engine,Engines,1990,125,2005,0.03,0.03,3.75
16825,Turkey,vehicle engine 201-300,vehicle engine,Engines,1990,125,2006,0.03,0.03,3.75
16826,Turkey,vehicle engine 201-300,vehicle engine,Engines,1990,125,2007,0.03,0.03,3.75
16827,Turkey,vehicle engine 201-300,vehicle engine,Engines,1990,125,2008,0.03,0.03,3.75
16831,Turkey,vehicle engine 301-400,vehicle engine,Engines,2016,50,2016,0.05,0.05,2.5
16835,Turkey,SH-60B Seahawk,anti-submarine helicopter,Aircraft,2006,7,2013,17.0,17.0,119.0
16836,Turkey,SH-60B Seahawk,anti-submarine helicopter,Aircraft,2006,5,2014,17.0,17.0,85.0
16837,Turkey,SH-60B Seahawk,anti-submarine helicopter,Aircraft,2006,5,2012,17.0,17.0,85.0
16838,Turkey,AIM-9X,long-range air-to-air missile,Missiles,2014,60,2016,0.18,0.18,10.8
16839,Turkey,AIM-9X,long-range air-to-air missile,Missiles,2014,57,2015,0.18,0.18,10.26
16840,Turkey,CH-47F,transport helicopter,Aircraft,2015,1,2018,20.0,20.0,20.0
16841,Turkey,CH-47F,transport helicopter,Aircraft,2015,3,2019,20.0,20.0,60.0
16842,Turkey,Mk-46-5,anti-submarine torpedo,Missiles,1990,50,1991,0.35,0.35,17.5
16843,Turkey,Mk-46-5,anti-submarine torpedo,Missiles,1990,50,1992,0.35,0.35,17.5
16844,Turkey,Mk-46-5,anti-submarine torpedo,Missiles,1990,50,1993,0.35,0.35,17.5
16845,Turkey,Mk-46-5,anti-submarine torpedo,Missiles,1990,50,1994,0.35,0.35,17.5
16846,Turkey,Mk-46-5,anti-submarine torpedo,Missiles,1990,50,1995,0.35,0.35,17.5
16847,Turkey,Mk-46-5,anti-submarine torpedo,Missiles,1990,50,1996,0.35,0.35,17.5
16848,Turkey,Mk-46-5,anti-submarine torpedo,Missiles,1990,50,1997,0.35,0.35,17.5
16849,Turkey,Mk-46-5,anti-submarine torpedo,Missiles,1990,50,1998,0.35,0.35,17.5
16850,Turkey,Mk-46-5,anti-submarine torpedo,Missiles,1990,50,1999,0.35,0.35,17.5
16851,Turkey,Mk-46-5,anti-submarine torpedo,Missiles,1990,50,2000,0.35,0.35,17.5
16852,Turkey,Mk-46-5,anti-submarine torpedo,Missiles,1990,50,2001,0.35,0.35,17.5
16853,Turkey,Mk-46-5,anti-submarine torpedo,Missiles,1990,50,2002,0.35,0.35,17.5
16854,Turkey,Mk-46-5,anti-submarine torpedo,Missiles,1990,50,2003,0.35,0.35,17.5
16855,Turkey,Mk-46-5,anti-submarine torpedo,Missiles,1990,50,2004,0.35,0.35,17.5
16856,Turkey,Mk-46-5,anti-submarine torpedo,Missiles,1990,50,2005,0.35,0.35,17.5
16857,Turkey,Gnat-750,UAV,Aircraft,1995,8,1995,0.2,0.2,1.6
16858,Turkey,Gnat-750,UAV,Aircraft,1995,8,1996,0.2,0.2,1.6
16859,Turkey,AH-1S Cobra,combat helicopter,Aircraft,1993,4,1995,4.28,1.71,6.85
16860,Turkey,AH-1S Cobra,combat helicopter,Aircraft,1993,12,1994,4.28,1.71,20.54
16861,Turkey,ESSM,SAM,Missiles,2009,25,2017,0.4,0.4,10.0
16862,Turkey,ESSM,SAM,Missiles,2009,25,2016,0.4,0.4,10.0
16863,Turkey,ESSM,SAM,Missiles,2009,25,2015,0.4,0.4,10.0
16864,Turkey,ESSM,SAM,Missiles,2009,76,2014,0.4,0.4,30.4
16865,Turkey,ESSM,SAM,Missiles,2009,76,2013,0.4,0.4,30.4
16866,Turkey,ESSM,SAM,Missiles,2009,32,2012,0.4,0.4,12.8
16867,Turkey,ESSM,SAM,Missiles,2009,16,2011,0.4,0.4,6.4
16868,Turkey,Phalanx,naval gun,Naval weapons,2015,2,2023,7.0,7.0,14.0
16869,Turkey,Phalanx,naval gun,Naval weapons,2011,2,2017,7.0,7.0,14.0
16870,Turkey,Phalanx,naval gun,Naval weapons,2011,2,2018,7.0,7.0,14.0
16875,Turkey,Knox,frigate,Ships,1993,4,1993,275.0,110.0,440.0
16876,Turkey,Knox,frigate,Ships,1993,4,1994,275.0,110.0,440.0
16878,Turkey,KC-135,tanker/transport aircraft,Aircraft,1995,2,1995,60.0,24.0,48.0
16887,Turkey,AH-1W,combat helicopter,Aircraft,1992,3,1993,11.5,11.5,34.5
16888,Turkey,AH-1W,combat helicopter,Aircraft,1992,2,1994,11.5,11.5,23.0
16889,Turkey,AH-1W,combat helicopter,Aircraft,1990,2,1990,11.5,11.5,23.0
16890,Turkey,AH-1W,combat helicopter,Aircraft,1990,3,1991,11.5,11.5,34.5
16891,Turkey,aircraft engine 1001-2000,aircraft engine,Engines,2008,2,2023,0.5,0.5,1.0
16892,Turkey,aircraft engine 1001-2000,aircraft engine,Engines,2008,10,2021,0.5,0.5,5.0
16893,Turkey,aircraft engine 1001-2000,aircraft engine,Engines,2008,2,2020,0.5,0.5,1.0
16894,Turkey,aircraft engine 1001-2000,aircraft engine,Engines,2008,26,2019,0.5,0.5,13.0
16895,Turkey,aircraft engine 1001-2000,aircraft engine,Engines,2008,20,2018,0.5,0.5,10.0
16896,Turkey,aircraft engine 1001-2000,aircraft engine,Engines,2008,18,2017,0.5,0.5,9.0
16897,Turkey,aircraft engine 1001-2000,aircraft engine,Engines,2008,18,2016,0.5,0.5,9.0
16898,Turkey,aircraft engine 1001-2000,aircraft engine,Engines,2008,2,2022,0.5,0.5,1.0
16899,Turkey,S-70A Black Hawk,transport helicopter,Aircraft,1990,6,1990,6.5,6.5,39.0
16900,Turkey,S-70A Black Hawk,transport helicopter,Aircraft,1992,40,1993,6.5,6.5,260.0
16901,Turkey,S-70A Black Hawk,transport helicopter,Aircraft,1992,5,1994,6.5,6.5,32.5
16902,Turkey,Commando V-150,armoured personnel carrier,Armoured vehicles,1992,25,1992,0.2,0.2,5.0
16903,Turkey,Commando V-150,armoured personnel carrier,Armoured vehicles,1992,25,1993,0.2,0.2,5.0
16904,Turkey,Commando V-150,armoured personnel carrier,Armoured vehicles,1992,74,1994,0.2,0.2,14.8
16906,Turkey,Dragoon,armoured personnel carrier,Armoured vehicles,1998,30,2003,0.3,0.3,9.0
16907,Turkey,Dragoon,armoured personnel carrier,Armoured vehicles,1998,25,2002,0.3,0.3,7.5
16908,Turkey,Dragoon,armoured personnel carrier,Armoured vehicles,1998,25,2004,0.3,0.3,7.5
16911,Turkey,HR-3000 HADR,air-search radar,Sensors,1985,1,1990,11.0,11.0,11.0
16916,Turkey,King Air,light transport aircraft,Aircraft,1990,5,1991,2.85,2.85,14.25
16917,Turkey,CH-47F,transport helicopter,Aircraft,2011,6,2016,20.0,20.0,120.0
16918,Turkey,LM-2500 (30001-35000),gas turbine,Engines,2007,1,2013,7.0,7.0,7.0
16919,Turkey,LM-2500 (30001-35000),gas turbine,Engines,2007,1,2011,7.0,7.0,7.0
16920,Turkey,LM-2500 (30001-35000),gas turbine,Engines,2015,1,2019,7.0,7.0,7.0
16921,Turkey,LM-2500 (30001-35000),gas turbine,Engines,2015,1,2018,7.0,7.0,7.0
16922,Turkey,APG-68,combat aircraft radar,Sensors,2005,45,2012,2.0,2.0,90.0
16923,Turkey,APG-68,combat aircraft radar,Sensors,2005,4,2011,2.0,2.0,8.0
16924,Turkey,APG-68,combat aircraft radar,Sensors,2005,50,2013,2.0,2.0,100.0
16925,Turkey,APG-68,combat aircraft radar,Sensors,2005,48,2014,2.0,2.0,96.0
16926,Turkey,APG-68,combat aircraft radar,Sensors,2005,6,2009,2.0,2.0,12.0
16927,Turkey,APG-68,combat aircraft radar,Sensors,2005,10,2015,2.0,2.0,20.0
16928,Turkey,JDAM,guided bomb,Missiles,2012,300,2013,0.02,0.02,6.0
16929,Turkey,JDAM,guided bomb,Missiles,2017,100,2018,0.02,0.02,2.0
16935,Turkey,aircraft engine 1001-2000,aircraft engine,Engines,2017,14,2021,0.5,0.5,7.0
16936,Turkey,aircraft engine 1001-2000,aircraft engine,Engines,2017,2,2019,0.5,0.5,1.0
16937,Turkey,aircraft engine 1001-2000,aircraft engine,Engines,2017,10,2018,0.5,0.5,5.0
16938,Turkey,aircraft engine 1001-2000,aircraft engine,Engines,2017,4,2022,0.5,0.5,2.0
16942,Turkey,FGM-148 Javelin,anti-tank missile,Missiles,2017,160,2017,0.03,0.03,4.8
16945,Turkey,AGM-84H SLAM-ER,air-to-surface missile,Missiles,2006,50,2011,1.25,1.25,62.5
16946,Turkey,AIFV --,infantry fighting vehicle,Armoured vehicles,1988,20,1990,0.3,0.3,6.0
16947,Turkey,AIFV --,infantry fighting vehicle,Armoured vehicles,1988,45,1991,0.3,0.3,13.5
16948,Turkey,AIFV --,infantry fighting vehicle,Armoured vehicles,1988,94,1992,0.3,0.3,28.2
16949,Turkey,AIFV --,infantry fighting vehicle,Armoured vehicles,1988,165,1993,0.3,0.3,49.5
16950,Turkey,AIFV --,infantry fighting vehicle,Armoured vehicles,1988,175,1994,0.3,0.3,52.5
16951,Turkey,AIFV --,infantry fighting vehicle,Armoured vehicles,1988,341,1995,0.3,0.3,102.3
16952,Turkey,AIFV --,infantry fighting vehicle,Armoured vehicles,1988,268,1997,0.3,0.3,80.4
16953,Turkey,AIFV --,infantry fighting vehicle,Armoured vehicles,1988,196,1998,0.3,0.3,58.8
16954,Turkey,AIFV --,infantry fighting vehicle,Armoured vehicles,1988,200,1999,0.3,0.3,60.0
16955,Turkey,AIFV --,infantry fighting vehicle,Armoured vehicles,1988,194,2000,0.3,0.3,58.2
16956,Turkey,Cessna-337,light aircraft,Aircraft,1992,6,1993,0.35,0.14,0.84
16963,Turkey,Mk-54 LWT,anti-submarine torpedo,Missiles,2009,25,2012,0.5,0.5,12.5
16964,Turkey,Mk-54 LWT,anti-submarine torpedo,Missiles,2009,50,2013,0.5,0.5,25.0
16965,Turkey,Mk-54 LWT,anti-submarine torpedo,Missiles,2009,25,2014,0.5,0.5,12.5
16966,Turkey,Phalanx,naval gun,Naval weapons,2015,2,2018,7.0,7.0,14.0
16967,Turkey,Phalanx,naval gun,Naval weapons,2015,2,2017,7.0,7.0,14.0
16969,Turkey,AIM-7F Sparrow,long-range air-to-air missile,Missiles,1987,20,1990,0.16,0.16,3.2
16970,Turkey,AIM-7F Sparrow,long-range air-to-air missile,Missiles,1987,60,1991,0.16,0.16,9.6
16971,Turkey,RIM-116A RAM,SAM,Missiles,2016,150,2023,0.14,0.14,21.0
16972,Turkey,AGM-84H SLAM-ER,air-to-surface missile,Missiles,2016,2,2016,1.25,1.25,2.5
16973,Turkey,AGM-84H SLAM-ER,air-to-surface missile,Missiles,2016,46,2017,1.25,1.25,57.5
16976,Turkey,F-16C,FGA aircraft,Aircraft,1984,28,1992,28.5,28.5,798.0
16977,Turkey,F-16C,FGA aircraft,Aircraft,1984,16,1993,28.5,28.5,456.0
16979,Turkey,F-16C,FGA aircraft,Aircraft,1984,24,1990,28.5,28.5,684.0
16980,Turkey,F-16C,FGA aircraft,Aircraft,1984,25,1991,28.5,28.5,712.5
16981,Turkey,F-16C,FGA aircraft,Aircraft,1984,20,1994,28.5,28.5,570.0
16982,Turkey,F-16C,FGA aircraft,Aircraft,1984,10,1995,28.5,28.5,285.0
16983,Turkey,F-16C Block-50,FGA aircraft,Aircraft,1992,26,1997,31.0,31.0,806.0
16984,Turkey,F-16C Block-50,FGA aircraft,Aircraft,1992,4,1998,31.0,31.0,124.0
16985,Turkey,F-16C Block-50,FGA aircraft,Aircraft,1992,10,1996,31.0,31.0,310.0
16988,Turkey,F-16C Block-50,FGA aircraft,Aircraft,1994,20,1998,31.0,31.0,620.0
16989,Turkey,F-16C Block-50,FGA aircraft,Aircraft,1994,20,1999,31.0,31.0,620.0
16990,Turkey,Stinger,portable SAM,Missiles,1986,334,2004,0.08,0.08,26.72
16991,Turkey,Stinger,portable SAM,Missiles,1986,116,1993,0.08,0.08,9.28
16992,Turkey,Stinger,portable SAM,Missiles,1986,500,1994,0.08,0.08,40.0
16993,Turkey,Stinger,portable SAM,Missiles,1986,700,1995,0.08,0.08,56.0
16994,Turkey,Stinger,portable SAM,Missiles,1986,700,1996,0.08,0.08,56.0
16995,Turkey,Stinger,portable SAM,Missiles,1986,700,1997,0.08,0.08,56.0
16996,Turkey,Stinger,portable SAM,Missiles,1986,600,1998,0.08,0.08,48.0
16997,Turkey,Stinger,portable SAM,Missiles,1986,300,1999,0.08,0.08,24.0
16998,Turkey,Stinger,portable SAM,Missiles,1986,250,2000,0.08,0.08,20.0
16999,Turkey,Stinger,portable SAM,Missiles,1986,200,2001,0.08,0.08,16.0
17000,Turkey,Stinger,portable SAM,Missiles,1986,200,2002,0.08,0.08,16.0
17001,Turkey,Stinger,portable SAM,Missiles,1986,200,2003,0.08,0.08,16.0
17002,Turkey,F-16C Block-50,FGA aircraft,Aircraft,2007,6,2011,31.0,31.0,186.0
17003,Turkey,F-16C Block-50,FGA aircraft,Aircraft,2007,24,2012,31.0,31.0,744.0
17008,Turkey,aircraft engine 1001-2000,aircraft engine,Engines,2010,18,2014,0.5,0.5,9.0
17009,Turkey,JDAM,guided bomb,Missiles,2018,300,2019,0.02,0.02,6.0
17010,Turkey,JDAM,guided bomb,Missiles,2018,300,2020,0.02,0.02,6.0
17011,Turkey,JDAM,guided bomb,Missiles,2018,58,2021,0.02,0.02,1.16
17030,Turkey,C-130B Hercules,transport aircraft,Aircraft,1991,3,1991,23.0,9.2,27.6
17031,Turkey,C-130B Hercules,transport aircraft,Aircraft,1991,2,1992,23.0,9.2,18.4
17032,Turkey,F-4E Phantom-2,FGA aircraft,Aircraft,1991,5,1991,25.0,10.0,50.0
17033,Turkey,F-4E Phantom-2,FGA aircraft,Aircraft,1991,29,1992,25.0,10.0,290.0
17034,Turkey,F-4E Phantom-2,FGA aircraft,Aircraft,1991,6,1993,25.0,10.0,60.0
17037,Turkey,KC-135,tanker/transport aircraft,Aircraft,1994,3,1997,60.0,39.6,118.8
17038,Turkey,KC-135,tanker/transport aircraft,Aircraft,1994,4,1998,60.0,39.6,158.4
17039,Turkey,Perry,frigate,Ships,1995,3,1998,300.0,120.0,360.0
17040,Turkey,Blindfire,fire-control radar,Sensors,1995,13,1996,2.5,1.0,13.0
17041,Turkey,Rapier-1,SAM,Missiles,1995,515,1996,0.1,0.1,51.5
17042,Turkey,Rapier SAMS,SAM system,Air-defence systems,1995,14,1996,7.0,2.8,39.2
17043,Turkey,SM-1MR,SAM,Missiles,1996,30,1998,0.25,0.1,3.0
17044,Turkey,SM-1MR,SAM,Missiles,1996,55,1999,0.25,0.1,5.5
17045,Turkey,SM-1MR,SAM,Missiles,1996,8,2000,0.25,0.1,0.8
17046,Turkey,SM-1MR,SAM,Missiles,1996,57,2002,0.25,0.1,5.7
17047,Turkey,SM-1MR,SAM,Missiles,1996,125,2001,0.25,0.1,12.5
17048,Turkey,SM-1MR,SAM,Missiles,1996,125,2003,0.25,0.1,12.5
17049,Turkey,AIM-7E,long-range air-to-air missile,Missiles,1995,122,1995,0.15,0.15,18.3
17050,Turkey,AIM-7E,long-range air-to-air missile,Missiles,1995,4,1996,0.15,0.15,0.6
17054,Turkey,MIM-23B,SAM,Missiles,2002,175,2005,0.17,0.07,11.9
17058,Turkey,M-578,armoured recovery vehicle,Armoured vehicles,1998,25,1999,0.36,0.14,3.6
17059,Turkey,JDAM,guided bomb,Missiles,2005,149,2008,0.02,0.02,2.98
17060,Turkey,JDAM,guided bomb,Missiles,2005,149,2009,0.02,0.02,2.98
17061,Turkey,JDAM,guided bomb,Missiles,2005,100,2007,0.02,0.02,2.0
17062,Turkey,AAQ-33 Sniper ATP,aircraft electro-optical system,Sensors,2009,12,2011,1.0,1.0,12.0
17063,Turkey,AAQ-33 Sniper ATP,aircraft electro-optical system,Sensors,2009,18,2012,1.0,1.0,18.0
17064,Turkey,AAQ-13 LANTIRN,combat aircraft radar,Sensors,2009,12,2011,1.0,1.0,12.0
17065,Turkey,AAQ-13 LANTIRN,combat aircraft radar,Sensors,2009,18,2012,1.0,1.0,18.0
17066,Turkey,Harpoon Block-2,anti-ship/land-attack missile,Missiles,2008,25,2011,1.0,1.0,25.0
17067,Turkey,Cessna-180 Skywagon,light aircraft,Aircraft,2009,31,2009,0.18,0.18,5.58
17068,Turkey,Cessna-180 Skywagon,light aircraft,Aircraft,2009,15,2010,0.18,0.18,2.7
17069,Turkey,vehicle engine 301-400,vehicle engine,Engines,2018,47,2019,0.05,0.05,2.35
17070,Turkey,vehicle engine 301-400,vehicle engine,Engines,2018,10,2020,0.05,0.05,0.5
17071,Turkey,CBU-97,guided bomb,Missiles,2006,50,2007,0.15,0.15,7.5
17072,Turkey,CBU-97,guided bomb,Missiles,2006,50,2008,0.15,0.15,7.5
17073,Turkey,Stinger,portable SAM,Missiles,2011,90,2013,0.08,0.08,7.2
17074,Turkey,Bell-205A-1,helicopter,Aircraft,1988,5,1991,2.62,2.62,13.1
17075,Turkey,Bell-205A-1,helicopter,Aircraft,1988,5,1992,2.62,2.62,13.1
17076,Turkey,Bell-205A-1,helicopter,Aircraft,1988,5,1993,2.62,2.62,13.1
17077,Turkey,Bell-205A-1,helicopter,Aircraft,1985,5,1990,2.62,2.62,13.1
17080,Turkey,AIM-120C AMRAAM,long-range air-to-air missile,Missiles,2014,36,2016,0.6,0.6,21.6
17081,Turkey,AIM-120C AMRAAM,long-range air-to-air missile,Missiles,2014,36,2017,0.6,0.6,21.6
17082,Turkey,AIM-120C AMRAAM,long-range air-to-air missile,Missiles,2014,36,2018,0.6,0.6,21.6
17083,Turkey,AIM-120C AMRAAM,long-range air-to-air missile,Missiles,2014,37,2019,0.6,0.6,22.2
17085,Turkey,SH-60B Seahawk,anti-submarine helicopter,Aircraft,1998,8,2002,17.0,17.0,136.0
17086,Turkey,Perry,frigate,Ships,1998,1,1999,300.0,120.0,120.0
17087,Turkey,Perry,frigate,Ships,1998,1,2000,300.0,120.0,120.0
17088,Turkey,AIM-120C AMRAAM,long-range air-to-air missile,Missiles,2008,25,2013,0.6,0.6,15.0
17089,Turkey,AIM-120C AMRAAM,long-range air-to-air missile,Missiles,2008,82,2014,0.6,0.6,49.2
17090,Turkey,AH-1W,combat helicopter,Aircraft,2011,3,2012,11.5,4.6,13.8
17091,Turkey,vehicle engine 301-400,vehicle engine,Engines,2009,100,2014,0.05,0.05,5.0
17092,Turkey,vehicle engine 301-400,vehicle engine,Engines,2009,50,2012,0.05,0.05,2.5
17093,Turkey,vehicle engine 301-400,vehicle engine,Engines,2009,128,2011,0.05,0.05,6.4
17094,Turkey,vehicle engine 301-400,vehicle engine,Engines,2009,100,2010,0.05,0.05,5.0
17095,Turkey,vehicle engine 301-400,vehicle engine,Engines,2009,90,2015,0.05,0.05,4.5
17096,Turkey,JDAM,guided bomb,Missiles,2015,650,2017,0.02,0.02,13.0
17097,Turkey,JDAM,guided bomb,Missiles,2015,650,2018,0.02,0.02,13.0
17098,Turkey,DB-110,aircraft reconnaissance system,Sensors,2013,4,2014,4.0,4.0,16.0
17204,Turkey,AIM-7F Sparrow,long-range air-to-air missile,Missiles,1983,45,1990,0.16,0.16,7.2
17214,Turkey,M-270 MLRS,multiple rocket launcher,Artillery,1988,6,1992,1.2,1.2,7.2
17216,Turkey,TPS-77,air-search radar,Sensors,1992,1,1994,11.0,11.0,11.0
17217,Turkey,TPS-77,air-search radar,Sensors,1992,1,1995,11.0,11.0,11.0
17222,Turkey,AIM-9M,short-range air-to-air missile,Missiles,1990,100,1993,0.12,0.12,12.0
17223,Turkey,AIM-9M,short-range air-to-air missile,Missiles,1990,100,1994,0.12,0.12,12.0
17224,Turkey,AIM-9M,short-range air-to-air missile,Missiles,1990,110,1995,0.12,0.12,13.2
17225,Turkey,Harpoon Block-1,anti-ship missile,Missiles,1990,22,1995,0.9,0.9,19.8
17226,Turkey,Harpoon Block-1,anti-ship missile,Missiles,1990,18,1996,0.9,0.9,16.2
17227,Turkey,AGM-88 HARM,anti-radar missile,Missiles,1993,25,1994,0.25,0.25,6.25
17228,Turkey,AGM-88 HARM,anti-radar missile,Missiles,1993,75,1995,0.25,0.25,18.75
17229,Turkey,Stinger,portable SAM,Missiles,1991,469,1992,0.08,0.08,37.52
17230,Turkey,TPS-77,air-search radar,Sensors,1991,1,1993,11.0,11.0,11.0
17231,Turkey,M-110A2 203mm,self-propelled gun,Artillery,1991,3,1993,1.1,0.44,1.32
17232,Turkey,M-110A2 203mm,self-propelled gun,Artillery,1991,69,1992,1.1,0.44,30.36
17233,Turkey,AGM-65 Maverick,air-to-surface missile,Missiles,1991,91,1993,0.15,0.15,13.65
17234,Turkey,AGM-65 Maverick,air-to-surface missile,Missiles,1991,92,1994,0.15,0.15,13.8
17235,Turkey,AGM-65 Maverick,air-to-surface missile,Missiles,1991,91,1995,0.15,0.15,13.65
17236,Turkey,AIM-120B AMRAAM,long-range air-to-air missile,Missiles,1993,38,1999,0.4,0.4,15.2
17237,Turkey,AIM-120B AMRAAM,long-range air-to-air missile,Missiles,1993,50,1997,0.4,0.4,20.0
17238,Turkey,AIM-120B AMRAAM,long-range air-to-air missile,Missiles,1993,50,1998,0.4,0.4,20.0
17239,Turkey,TPQ-36,artillery locating radar,Sensors,1992,2,1996,3.0,3.0,6.0
17240,Turkey,TPQ-36,artillery locating radar,Sensors,1992,2,1995,3.0,3.0,6.0
17241,Turkey,TPQ-36,artillery locating radar,Sensors,1992,1,1997,3.0,3.0,3.0
17242,Turkey,R-22,light helicopter,Aircraft,1991,10,1992,0.13,0.13,1.3
17243,Turkey,S-70L Black Hawk,transport helicopter,Aircraft,1999,20,1999,7.25,7.25,145.0
17244,Turkey,S-70L Black Hawk,transport helicopter,Aircraft,1999,12,2002,7.25,7.25,87.0
17245,Turkey,S-70L Black Hawk,transport helicopter,Aircraft,1999,12,2000,7.25,7.25,87.0
17246,Turkey,S-70L Black Hawk,transport helicopter,Aircraft,1999,6,2001,7.25,7.25,43.5
17249,Turkey,Harpoon Block-1,anti-ship missile,Missiles,1993,32,1993,0.9,0.9,28.8
17250,Turkey,T-38,trainer aircraft,Aircraft,1991,3,1993,3.3,1.32,3.96
17251,Turkey,T-38,trainer aircraft,Aircraft,1992,40,1993,3.3,1.32,52.8
17252,Turkey,Harpoon Block-1,anti-ship missile,Missiles,1993,20,1999,0.9,0.9,18.0
17253,Turkey,Harpoon Block-1,anti-ship missile,Missiles,1993,20,2000,0.9,0.9,18.0
17254,Turkey,Harpoon Block-1,anti-ship missile,Missiles,1993,5,2001,0.9,0.9,4.5
17255,Turkey,Harpoon Block-1,anti-ship missile,Missiles,1993,5,1997,0.9,0.9,4.5
17258,Turkey,AIM-9M,short-range air-to-air missile,Missiles,1992,100,1996,0.12,0.12,12.0
17259,Turkey,AIM-9M,short-range air-to-air missile,Missiles,1992,100,1997,0.12,0.12,12.0
17260,Turkey,Harpoon Block-1,anti-ship missile,Missiles,1993,32,1994,0.9,0.9,28.8
17261,Turkey,Harpoon Block-1,anti-ship missile,Missiles,1991,15,1996,0.9,0.9,13.5
17262,Turkey,Harpoon Block-1,anti-ship missile,Missiles,1991,15,1997,0.9,0.9,13.5
17263,Turkey,Mk-45 127mm,naval gun,Naval weapons,1990,1,1996,5.25,5.25,5.25
17264,Turkey,Mk-45 127mm,naval gun,Naval weapons,1990,1,1995,5.25,5.25,5.25
17266,Turkey,AIM-9M,short-range air-to-air missile,Missiles,1994,200,1998,0.12,0.12,24.0
17267,Turkey,AIM-9M,short-range air-to-air missile,Missiles,1994,300,1999,0.12,0.12,36.0
17268,Turkey,Harpoon Block-1,anti-ship missile,Missiles,1995,16,2002,0.9,0.9,14.4
17269,Turkey,AIM-7P,long-range air-to-air missile,Missiles,1994,5,1996,0.2,0.2,1.0
17270,Turkey,AIM-7P,long-range air-to-air missile,Missiles,1994,10,1997,0.2,0.2,2.0
17271,Turkey,AIM-7P,long-range air-to-air missile,Missiles,1994,10,1998,0.2,0.2,2.0
17272,Turkey,AIM-7P,long-range air-to-air missile,Missiles,1994,10,1999,0.2,0.2,2.0
17273,Turkey,AIM-7P,long-range air-to-air missile,Missiles,1994,5,2000,0.2,0.2,1.0
17275,Turkey,ATACMS-1,surface-to-surface missile,Missiles,1996,72,1998,1.4,1.4,100.8
17276,Turkey,Mk-45 127mm,naval gun,Naval weapons,1994,1,2000,5.25,5.25,5.25
17277,Turkey,Mk-45 127mm,naval gun,Naval weapons,1994,1,1998,5.25,5.25,5.25
17285,Turkey,Dragoon,armoured personnel carrier,Armoured vehicles,1991,140,1999,0.3,0.3,42.0
17286,Turkey,Dragoon,armoured personnel carrier,Armoured vehicles,1991,10,1997,0.3,0.3,3.0
17287,Turkey,Harpoon Block-1,anti-ship missile,Missiles,1993,16,1998,0.9,0.9,14.4
17288,Turkey,Harpoon Block-1,anti-ship missile,Missiles,1993,17,2000,0.9,0.9,15.3
17289,Turkey,Harpoon Block-1,anti-ship missile,Missiles,1993,17,1999,0.9,0.9,15.3
17292,Turkey,AGM-114 Hellfire-2,anti-tank/air-to-surface missile,Missiles,1999,10,2000,0.05,0.05,0.5
17293,Turkey,AGM-114 Hellfire-2,anti-tank/air-to-surface missile,Missiles,1999,74,2001,0.05,0.05,3.7
17320,Turkey,Gulfstream-4,light transport aircraft,Aircraft,1990,1,1993,23.0,23.0,23.0
17321,Turkey,Gulfstream-4,light transport aircraft,Aircraft,1990,1,1991,23.0,23.0,23.0
17322,Turkey,Gulfstream-4,light transport aircraft,Aircraft,1990,1,1992,23.0,23.0,23.0
17323,Turkey,TOW,anti-tank missile,Missiles,1995,686,1996,0.01,0.01,6.86
17324,Turkey,S-70L Black Hawk,transport helicopter,Aircraft,2003,2,2004,7.25,7.25,14.5
17325,Turkey,Gnat-750,UAV,Aircraft,1994,6,1995,0.2,0.2,1.2
17327,Turkey,MX-7,light aircraft,Aircraft,1993,1,1993,0.1,0.1,0.1
17328,Turkey,AGM-65 Maverick,air-to-surface missile,Missiles,1993,30,1996,0.15,0.15,4.5
17329,Turkey,AGM-65 Maverick,air-to-surface missile,Missiles,1993,50,1995,0.15,0.15,7.5
17330,Turkey,I-HAWK SAMS,SAM system,Air-defence systems,2002,8,2005,35.0,23.1,184.8
17334,Turkey,Perry,frigate,Ships,2000,1,2000,300.0,120.0,120.0
17335,Turkey,MPQ-64 Sentinel,air-search radar,Sensors,2002,8,2005,5.0,5.0,40.0
17336,Turkey,Perry,frigate,Ships,2001,1,2002,300.0,120.0,120.0
17338,Turkey,Phalanx,naval gun,Naval weapons,1993,1,1995,7.0,7.0,7.0
17339,Turkey,AGM-114 Hellfire-2,anti-tank/air-to-surface missile,Missiles,2000,36,2001,0.05,0.05,1.8
17340,Turkey,AGM-114 Hellfire-2,anti-tank/air-to-surface missile,Missiles,2000,36,2002,0.05,0.05,1.8
17347,Turkey,Perry,frigate,Ships,2002,1,2003,300.0,120.0,120.0
17348,Turkey,AGM-114 Hellfire-2,anti-tank/air-to-surface missile,Missiles,2002,72,2003,0.05,0.05,3.6
17349,Turkey,AGM-114 Hellfire-2,anti-tank/air-to-surface missile,Missiles,2002,72,2004,0.05,0.05,3.6
17350,Turkey,Gnat-750,UAV,Aircraft,1998,2,1998,0.2,0.2,0.4
17351,Turkey,MPQ-64 Sentinel,air-search radar,Sensors,1997,1,1999,5.0,5.0,5.0
17352,Turkey,MPQ-64 Sentinel,air-search radar,Sensors,1997,2,2000,5.0,5.0,10.0
17353,Turkey,MPQ-64 Sentinel,air-search radar,Sensors,1997,2,2001,5.0,5.0,10.0
17358,Turkey,AIM-9X,long-range air-to-air missile,Missiles,2006,127,2008,0.18,0.18,22.86
17359,Turkey,RIM-116A RAM,SAM,Missiles,2007,25,2011,0.14,0.14,3.5
17360,Turkey,RIM-116A RAM,SAM,Missiles,2007,13,2013,0.14,0.14,1.82
17361,Turkey,RIM-116A RAM,SAM,Missiles,2007,13,2017,0.14,0.14,1.82
17362,Turkey,RIM-116A RAM,SAM,Missiles,2007,12,2018,0.14,0.14,1.68
17363,Turkey,RIM-116A RAM,SAM,Missiles,2007,12,2016,0.14,0.14,1.68
17364,Turkey,RIM-116A RAM,SAM,Missiles,2007,12,2014,0.14,0.14,1.68
17365,Turkey,RIM-116A RAM,SAM,Missiles,2007,13,2015,0.14,0.14,1.82
17366,Turkey,RIM-116A RAM,SAM,Missiles,2007,12,2012,0.14,0.14,1.68
17367,Turkey,RIM-116A RAM,SAM,Missiles,2007,13,2019,0.14,0.14,1.82
17368,Turkey,vehicle engine 301-400,vehicle engine,Engines,2017,129,2020,0.05,0.05,6.45
17369,Turkey,vehicle engine 301-400,vehicle engine,Engines,2017,200,2019,0.05,0.05,10.0
17370,Turkey,vehicle engine 301-400,vehicle engine,Engines,2017,200,2018,0.05,0.05,10.0
17371,Turkey,aircraft engine 1001-2000,aircraft engine,Engines,1998,6,2014,0.5,0.5,3.0
17372,Turkey,aircraft engine 1001-2000,aircraft engine,Engines,1998,12,2013,0.5,0.5,6.0
17373,Turkey,vehicle engine 601-800,vehicle engine,Engines,1982,220,1991,0.11,0.11,24.2
17374,Turkey,vehicle engine 601-800,vehicle engine,Engines,1982,220,1990,0.11,0.11,24.2
17382,Turkey,vehicle engine 601-800,vehicle engine,Engines,1982,220,1992,0.11,0.11,24.2
17383,Turkey,vehicle engine 601-800,vehicle engine,Engines,1982,150,1993,0.11,0.11,16.5
17384,Turkey,aircraft engine 1001-2000,aircraft engine,Engines,1991,6,1992,0.5,0.5,3.0
17385,Turkey,aircraft engine 1001-2000,aircraft engine,Engines,1991,12,1993,0.5,0.5,6.0
17386,Turkey,aircraft engine 1001-2000,aircraft engine,Engines,1991,12,1994,0.5,0.5,6.0
17387,Turkey,aircraft engine 1001-2000,aircraft engine,Engines,1991,18,1995,0.5,0.5,9.0
17388,Turkey,aircraft engine 1001-2000,aircraft engine,Engines,1991,18,1996,0.5,0.5,9.0
17389,Turkey,aircraft engine 1001-2000,aircraft engine,Engines,1991,20,1997,0.5,0.5,10.0
17390,Turkey,aircraft engine 1001-2000,aircraft engine,Engines,1991,18,1998,0.5,0.5,9.0
17394,Turkey,LM-2500 (30001-35000),gas turbine,Engines,1990,2,2000,7.0,7.0,14.0
17395,Turkey,LM-2500 (30001-35000),gas turbine,Engines,1990,2,1996,7.0,7.0,14.0
17396,Turkey,LM-2500 (30001-35000),gas turbine,Engines,1990,2,1998,7.0,7.0,14.0
17397,Turkey,LM-2500 (30001-35000),gas turbine,Engines,1990,2,1995,7.0,7.0,14.0
17398,Turkey,vehicle engine 301-400,vehicle engine,Engines,2018,212,2021,0.05,0.05,10.6
17399,Turkey,vehicle engine 301-400,vehicle engine,Engines,2018,250,2020,0.05,0.05,12.5
17400,Turkey,vehicle engine 301-400,vehicle engine,Engines,2018,250,2019,0.05,0.05,12.5
17401,Turkey,S-70L Black Hawk,transport helicopter,Aircraft,2014,9,2024,7.25,7.25,65.25
17402,Turkey,S-70L Black Hawk,transport helicopter,Aircraft,2014,9,2023,7.25,7.25,65.25
17403,Turkey,S-70L Black Hawk,transport helicopter,Aircraft,2014,3,2022,7.25,7.25,21.75
17404,Turkey,LM-2500 (30001-35000),gas turbine,Engines,2016,1,2024,7.0,7.0,7.0
17405,Turkey,AIFV-APC,armoured personnel carrier,Armoured vehicles,2000,123,2002,0.3,0.3,36.9
17406,Turkey,AIFV-APC,armoured personnel carrier,Armoured vehicles,2000,77,2001,0.3,0.3,23.1
17407,Turkey,AIFV-APC,armoured personnel carrier,Armoured vehicles,2000,185,2004,0.3,0.3,55.5
17408,Turkey,AIFV-APC,armoured personnel carrier,Armoured vehicles,2000,166,2003,0.3,0.3,49.8
17416,Turkey,B-737 AEW,airborne early-warning aircraft,Aircraft,2002,1,2015,250.0,250.0,250.0
17417,Turkey,B-737 AEW,airborne early-warning aircraft,Aircraft,2002,3,2014,250.0,250.0,750.0
17427,Turkey,Paveway,guided bomb,Missiles,1995,100,1996,0.02,0.02,2.0
17432,Turkey,AGM-154 JSOW,guided glide bomb,Missiles,2006,52,2008,0.4,0.4,20.8
17433,Turkey,AGM-154 JSOW,guided glide bomb,Missiles,2006,52,2007,0.4,0.4,20.8
17438,Turkmenistan,ScanEagle,UAV,Aircraft,2020,2,2021,0.04,0.04,0.08
17439,Turkmenistan,vehicle engine 301-400,vehicle engine,Engines,2015,28,2016,0.05,0.05,1.4
17440,Turkmenistan,F-124 (2850),turbofan,Engines,2019,12,2021,1.0,1.0,12.0
17441,Turkmenistan,vehicle engine 401-600,vehicle engine,Engines,2021,2,2021,0.08,0.08,0.16
17442,Turkmenistan,aircraft engine 4501-6000,aircraft engine,Engines,2019,4,2021,1.5,1.5,6.0
17443,United Arab Emirates,vehicle engine 301-400,vehicle engine,Engines,2020,193,2022,0.05,0.05,9.65
17444,United Arab Emirates,MIM-104 PAC-3 MSE,ABM missile,Missiles,2018,60,2020,1.5,1.5,90.0
17445,United Arab Emirates,Paveway,guided bomb,Missiles,2017,3000,2018,0.02,0.02,60.0
17446,United Arab Emirates,Paveway,guided bomb,Missiles,2017,3000,2019,0.02,0.02,60.0
17447,United Arab Emirates,Paveway,guided bomb,Missiles,2017,3000,2020,0.02,0.02,60.0
17448,United Arab Emirates,Paveway,guided bomb,Missiles,2017,3000,2021,0.02,0.02,60.0
17449,United Arab Emirates,Paveway,guided bomb,Missiles,2017,1640,2022,0.02,0.02,32.8
17450,United Arab Emirates,Patriot-3 SAMS,SAM system,Air-defence systems,2018,1,2021,55.0,55.0,55.0
17451,United Arab Emirates,Patriot-3 SAMS,SAM system,Air-defence systems,2018,2,2022,55.0,55.0,110.0
17452,United Arab Emirates,Patriot-3 SAMS,SAM system,Air-defence systems,2018,1,2023,55.0,55.0,55.0
17453,United Arab Emirates,MIM-104 PAC-2,SAM,Missiles,2019,60,2023,1.0,1.0,60.0
17454,United Arab Emirates,MIM-104 PAC-2,SAM,Missiles,2019,55,2022,1.0,1.0,55.0
17455,United Arab Emirates,MIM-104 PAC-2,SAM,Missiles,2019,35,2021,1.0,1.0,35.0
17456,United Arab Emirates,AAQ-33 Sniper ATP,aircraft electro-optical system,Sensors,2020,15,2023,1.0,1.0,15.0
17457,United Arab Emirates,AAQ-33 Sniper ATP,aircraft electro-optical system,Sensors,2020,10,2022,1.0,1.0,10.0
17458,United Arab Emirates,AGM-114 Hellfire-2,anti-tank/air-to-surface missile,Missiles,2021,400,2023,0.05,0.05,20.0
17459,United Arab Emirates,AGM-114 Hellfire-2,anti-tank/air-to-surface missile,Missiles,2021,300,2022,0.05,0.05,15.0
17460,United Arab Emirates,AGM-114 Hellfire-2,anti-tank/air-to-surface missile,Missiles,2021,300,2024,0.05,0.05,15.0
17461,United Arab Emirates,AAQ-33 Sniper ATP,aircraft electro-optical system,Sensors,2000,10,2007,1.0,1.0,10.0
17462,United Arab Emirates,AAQ-33 Sniper ATP,aircraft electro-optical system,Sensors,2000,10,2006,1.0,1.0,10.0
17463,United Arab Emirates,AAQ-33 Sniper ATP,aircraft electro-optical system,Sensors,2000,5,2004,1.0,1.0,5.0
17464,United Arab Emirates,AAQ-33 Sniper ATP,aircraft electro-optical system,Sensors,2000,5,2008,1.0,1.0,5.0
17465,United Arab Emirates,AAQ-33 Sniper ATP,aircraft electro-optical system,Sensors,2000,10,2005,1.0,1.0,10.0
17466,United Arab Emirates,MIM-104 PAC-2,SAM,Missiles,2008,50,2012,1.0,1.0,50.0
17467,United Arab Emirates,MIM-104 PAC-2,SAM,Missiles,2008,75,2013,1.0,1.0,75.0
17468,United Arab Emirates,MIM-104 PAC-2,SAM,Missiles,2008,91,2014,1.0,1.0,91.0
17469,United Arab Emirates,JDAM,guided bomb,Missiles,2014,1800,2015,0.02,0.02,36.0
17470,United Arab Emirates,JDAM,guided bomb,Missiles,2014,1800,2016,0.02,0.02,36.0
17471,United Arab Emirates,CH-47F,transport helicopter,Aircraft,2008,4,2010,20.0,20.0,80.0
17472,United Arab Emirates,CH-47F,transport helicopter,Aircraft,2011,2,2012,20.0,20.0,40.0
17473,United Arab Emirates,CH-47F,transport helicopter,Aircraft,2011,4,2013,20.0,20.0,80.0
17474,United Arab Emirates,CH-47F,transport helicopter,Aircraft,2011,4,2014,20.0,20.0,80.0
17475,United Arab Emirates,CH-47F,transport helicopter,Aircraft,2011,2,2015,20.0,20.0,40.0
17476,United Arab Emirates,AIM-9M,short-range air-to-air missile,Missiles,2002,56,2005,0.12,0.12,6.72
17477,United Arab Emirates,AIM-9M,short-range air-to-air missile,Missiles,2002,42,2004,0.12,0.12,5.04
17478,United Arab Emirates,AIM-9M,short-range air-to-air missile,Missiles,2002,169,2006,0.12,0.12,20.28
17479,United Arab Emirates,HIMARS,multiple rocket launcher,Artillery,2008,20,2013,1.1,1.1,22.0
17480,United Arab Emirates,RIM-116C RAM-2B,SAM,Missiles,2019,30,2023,0.25,0.25,7.5
17481,United Arab Emirates,RIM-116C RAM-2B,SAM,Missiles,2019,30,2024,0.25,0.25,7.5
17482,United Arab Emirates,Bell-407,light helicopter,Aircraft,2013,9,2014,1.1,1.1,9.9
17483,United Arab Emirates,Bell-407,light helicopter,Aircraft,2013,15,2015,1.1,1.1,16.5
17484,United Arab Emirates,Bell-407,light helicopter,Aircraft,2013,6,2016,1.1,1.1,6.6
17485,United Arab Emirates,M-ATV,armoured personnel carrier,Armoured vehicles,2012,750,2013,0.25,0.25,187.5
17486,United Arab Emirates,MaxxPro,armoured personnel carrier,Armoured vehicles,2023,20,2024,0.32,0.21,4.22
17487,United Arab Emirates,ESSM,SAM,Missiles,2006,96,2015,0.4,0.4,38.4
17488,United Arab Emirates,Talon LGR,air-to-surface missile,Missiles,2013,500,2015,0.01,0.01,5.0
17489,United Arab Emirates,Talon LGR,air-to-surface missile,Missiles,2013,500,2016,0.01,0.01,5.0
17490,United Arab Emirates,Talon LGR,air-to-surface missile,Missiles,2013,500,2017,0.01,0.01,5.0
17491,United Arab Emirates,Talon LGR,air-to-surface missile,Missiles,2013,500,2018,0.01,0.01,5.0
17492,United Arab Emirates,AIM-9X,long-range air-to-air missile,Missiles,2018,100,2019,0.18,0.18,18.0
17493,United Arab Emirates,AIM-9X,long-range air-to-air missile,Missiles,2018,100,2020,0.18,0.18,18.0
17494,United Arab Emirates,AIM-9X,long-range air-to-air missile,Missiles,2018,100,2021,0.18,0.18,18.0
17495,United Arab Emirates,AH-64D Apache Longbow,combat helicopter,Aircraft,2007,18,2009,15.5,15.5,279.0
17496,United Arab Emirates,AH-64D Apache Longbow,combat helicopter,Aircraft,2007,12,2008,15.5,15.5,186.0
17497,United Arab Emirates,TPS-70,air-search radar,Sensors,1993,1,1995,11.0,11.0,11.0
17498,United Arab Emirates,C-17,heavy transport aircraft,Aircraft,2015,2,2015,140.0,140.0,280.0
17500,United Arab Emirates,GMLRS,guided rocket,Missiles,2008,780,2011,0.08,0.08,62.4
17501,United Arab Emirates,GMLRS,guided rocket,Missiles,2008,780,2012,0.08,0.08,62.4
17502,United Arab Emirates,ATACMS-1A,surface-to-surface missile,Missiles,2011,100,2013,2.0,2.0,200.0
17503,United Arab Emirates,M-ATV,armoured personnel carrier,Armoured vehicles,2014,44,2016,0.25,0.1,4.4
17504,United Arab Emirates,FGM-148 Javelin,anti-tank missile,Missiles,2020,331,2020,0.03,0.03,9.93
17505,United Arab Emirates,AGM-114 Hellfire-2,anti-tank/air-to-surface missile,Missiles,2017,1000,2018,0.05,0.05,50.0
17506,United Arab Emirates,RIM-116A RAM,SAM,Missiles,2016,50,2018,0.14,0.14,7.0
17507,United Arab Emirates,RIM-116A RAM,SAM,Missiles,2016,75,2019,0.14,0.14,10.5
17508,United Arab Emirates,RIM-116A RAM,SAM,Missiles,2016,75,2020,0.14,0.14,10.5
17509,United Arab Emirates,JDAM,guided bomb,Missiles,2017,1500,2018,0.02,0.02,30.0
17510,United Arab Emirates,JDAM,guided bomb,Missiles,2016,1750,2017,0.02,0.02,35.0
17511,United Arab Emirates,JDAM,guided bomb,Missiles,2016,1754,2018,0.02,0.02,35.08
17512,United Arab Emirates,MaxxPro,armoured personnel carrier,Armoured vehicles,2014,785,2018,0.32,0.32,251.2
17513,United Arab Emirates,MaxxPro,armoured personnel carrier,Armoured vehicles,2014,300,2017,0.32,0.32,96.0
17514,United Arab Emirates,vehicle engine 401-600,vehicle engine,Engines,2015,12,2019,0.08,0.08,0.96
17515,United Arab Emirates,vehicle engine 401-600,vehicle engine,Engines,2015,30,2017,0.08,0.08,2.4
17516,United Arab Emirates,vehicle engine 401-600,vehicle engine,Engines,2015,30,2018,0.08,0.08,2.4
17517,United Arab Emirates,vehicle engine 401-600,vehicle engine,Engines,2015,28,2016,0.08,0.08,2.24
17518,United Arab Emirates,MIM-104 PAC-2,SAM,Missiles,2017,50,2019,1.0,1.0,50.0
17519,United Arab Emirates,MIM-104 PAC-2,SAM,Missiles,2017,50,2020,1.0,1.0,50.0
17520,United Arab Emirates,THAAD MI,ABM missile,Missiles,2012,50,2018,4.0,4.0,200.0
17521,United Arab Emirates,THAAD MI,ABM missile,Missiles,2012,50,2016,4.0,4.0,200.0
17522,United Arab Emirates,THAAD MI,ABM missile,Missiles,2012,50,2017,4.0,4.0,200.0
17523,United Arab Emirates,THAAD MI,ABM missile,Missiles,2012,21,2019,4.0,4.0,84.0
17524,United Arab Emirates,THAAD MI,ABM missile,Missiles,2012,21,2015,4.0,4.0,84.0
17525,United Arab Emirates,ScanEagle,UAV,Aircraft,2019,5,2020,0.04,0.04,0.2
17526,United Arab Emirates,Predator UAV,UAV,Aircraft,2014,10,2017,2.0,2.0,20.0
17527,United Arab Emirates,Caiman,armoured personnel carrier,Armoured vehicles,2014,488,2016,0.25,0.1,48.8
17528,United Arab Emirates,Caiman,armoured personnel carrier,Armoured vehicles,2014,23,2017,0.25,0.1,2.3
17529,United Arab Emirates,Caiman,armoured personnel carrier,Armoured vehicles,2014,31,2018,0.25,0.1,3.1
17530,United Arab Emirates,Caiman,armoured personnel carrier,Armoured vehicles,2014,11,2019,0.25,0.1,1.1
17531,United Arab Emirates,DB-110,aircraft reconnaissance system,Sensors,2017,1,2018,4.0,4.0,4.0
17532,United Arab Emirates,DB-110,aircraft reconnaissance system,Sensors,2017,1,2019,4.0,4.0,4.0
17533,United Arab Emirates,vehicle engine 401-600,vehicle engine,Engines,2017,38,2022,0.08,0.08,3.04
17534,United Arab Emirates,vehicle engine 401-600,vehicle engine,Engines,2017,79,2020,0.08,0.08,6.32
17535,United Arab Emirates,vehicle engine 401-600,vehicle engine,Engines,2017,101,2021,0.08,0.08,8.08
17536,United Arab Emirates,vehicle engine 401-600,vehicle engine,Engines,2017,180,2023,0.08,0.08,14.4
17537,United Arab Emirates,vehicle engine 401-600,vehicle engine,Engines,2017,55,2019,0.08,0.08,4.4
17538,United Arab Emirates,CBU-97,guided bomb,Missiles,2007,50,2008,0.15,0.15,7.5
17539,United Arab Emirates,CBU-97,guided bomb,Missiles,2007,50,2009,0.15,0.15,7.5
17540,United Arab Emirates,JDAM,guided bomb,Missiles,2003,202,2006,0.02,0.02,4.04
17541,United Arab Emirates,Paveway,guided bomb,Missiles,1998,250,2000,0.02,0.02,5.0
17542,United Arab Emirates,Paveway,guided bomb,Missiles,1998,250,1999,0.02,0.02,5.0
17543,United Arab Emirates,Paveway,guided bomb,Missiles,1998,273,2004,0.02,0.02,5.46
17544,United Arab Emirates,Paveway,guided bomb,Missiles,1998,300,2003,0.02,0.02,6.0
17545,United Arab Emirates,Paveway,guided bomb,Missiles,1998,300,2002,0.02,0.02,6.0
17546,United Arab Emirates,Paveway,guided bomb,Missiles,1998,300,2001,0.02,0.02,6.0
17547,United Arab Emirates,Paveway,guided bomb,Missiles,2008,300,2012,0.02,0.02,6.0
17548,United Arab Emirates,Paveway,guided bomb,Missiles,2008,100,2010,0.02,0.02,2.0
17549,United Arab Emirates,Paveway,guided bomb,Missiles,2008,300,2011,0.02,0.02,6.0
17550,United Arab Emirates,Paveway,guided bomb,Missiles,2008,238,2013,0.02,0.02,4.76
17551,United Arab Emirates,JDAM,guided bomb,Missiles,2008,150,2011,0.02,0.02,3.0
17552,United Arab Emirates,JDAM,guided bomb,Missiles,2008,150,2012,0.02,0.02,3.0
17553,United Arab Emirates,S-70L Black Hawk,transport helicopter,Aircraft,2010,15,2011,7.25,7.25,108.75
17554,United Arab Emirates,S-70L Black Hawk,transport helicopter,Aircraft,2010,11,2012,7.25,7.25,79.75
17555,United Arab Emirates,S-70L Black Hawk,transport helicopter,Aircraft,2008,5,2009,7.25,7.25,36.25
17556,United Arab Emirates,S-70L Black Hawk,transport helicopter,Aircraft,2008,5,2010,7.25,7.25,36.25
17557,United Arab Emirates,S-70L Black Hawk,transport helicopter,Aircraft,2009,7,2012,7.25,7.25,50.75
17558,United Arab Emirates,S-70L Black Hawk,transport helicopter,Aircraft,2009,7,2013,7.25,7.25,50.75
17559,United Arab Emirates,AGM-65 Maverick,air-to-surface missile,Missiles,2010,175,2011,0.15,0.15,26.25
17560,United Arab Emirates,AGM-65 Maverick,air-to-surface missile,Missiles,2010,175,2012,0.15,0.15,26.25
17561,United Arab Emirates,AGM-65 Maverick,air-to-surface missile,Missiles,2010,150,2013,0.15,0.15,22.5
17562,United Arab Emirates,APG-78 Longbow,combat helicopter radar,Sensors,2007,18,2009,3.0,3.0,54.0
17563,United Arab Emirates,APG-78 Longbow,combat helicopter radar,Sensors,2007,12,2008,3.0,3.0,36.0
17564,United Arab Emirates,GMLRS,guided rocket,Missiles,2015,390,2017,0.08,0.08,31.2
17565,United Arab Emirates,M-ATV,armoured personnel carrier,Armoured vehicles,2011,50,2011,0.25,0.25,12.5
17566,United Arab Emirates,DB-110,aircraft reconnaissance system,Sensors,2011,6,2013,4.0,4.0,24.0
17567,United Arab Emirates,CBU-97,guided bomb,Missiles,2010,125,2012,0.15,0.15,18.75
17568,United Arab Emirates,CBU-97,guided bomb,Missiles,2010,125,2011,0.15,0.15,18.75
17569,United Arab Emirates,F-16E,FGA aircraft,Aircraft,2000,10,2008,37.5,37.5,375.0
17570,United Arab Emirates,F-16E,FGA aircraft,Aircraft,2000,8,2004,37.5,37.5,300.0
17571,United Arab Emirates,F-16E,FGA aircraft,Aircraft,2000,30,2005,37.5,37.5,1125.0
17572,United Arab Emirates,F-16E,FGA aircraft,Aircraft,2000,22,2006,37.5,37.5,825.0
17573,United Arab Emirates,F-16E,FGA aircraft,Aircraft,2000,10,2007,37.5,37.5,375.0
17574,United Arab Emirates,FGM-148 Javelin,anti-tank missile,Missiles,2008,500,2009,0.03,0.03,15.0
17575,United Arab Emirates,FGM-148 Javelin,anti-tank missile,Missiles,2008,500,2010,0.03,0.03,15.0
17576,United Arab Emirates,Cessna-208 Caravan,light transport aircraft,Aircraft,2005,6,2005,1.0,1.0,6.0
17577,United Arab Emirates,Cessna-208 Caravan,light transport aircraft,Aircraft,2005,1,2007,1.0,1.0,1.0
17578,United Arab Emirates,Cessna-208 Caravan,light transport aircraft,Aircraft,2005,1,2006,1.0,1.0,1.0
17579,United Arab Emirates,aircraft engine 3001-4500,aircraft engine,Engines,2005,4,2010,1.1,1.1,4.4
17580,United Arab Emirates,aircraft engine 3001-4500,aircraft engine,Engines,2005,6,2009,1.1,1.1,6.6
17581,United Arab Emirates,aircraft engine 3001-4500,aircraft engine,Engines,2005,6,2006,1.1,1.1,6.6
17582,United Arab Emirates,RIM-116A RAM,SAM,Missiles,2007,30,2011,0.14,0.14,4.2
17583,United Arab Emirates,RIM-116A RAM,SAM,Missiles,2007,30,2013,0.14,0.14,4.2
17584,United Arab Emirates,RIM-116A RAM,SAM,Missiles,2007,30,2012,0.14,0.14,4.2
17585,United Arab Emirates,RIM-116A RAM,SAM,Missiles,2007,30,2015,0.14,0.14,4.2
17586,United Arab Emirates,RIM-116A RAM,SAM,Missiles,2007,30,2016,0.14,0.14,4.2
17587,United Arab Emirates,Dash-8,transport aircraft,Aircraft,2007,4,2007,9.0,3.6,14.4
17588,United Arab Emirates,Patriot-3 SAMS,SAM system,Air-defence systems,2008,4,2013,55.0,55.0,220.0
17589,United Arab Emirates,Patriot-3 SAMS,SAM system,Air-defence systems,2008,2,2012,55.0,55.0,110.0
17590,United Arab Emirates,Patriot-3 SAMS,SAM system,Air-defence systems,2008,3,2014,55.0,55.0,165.0
17591,United Arab Emirates,AIM-120C AMRAAM,long-range air-to-air missile,Missiles,2009,72,2013,0.6,0.6,43.2
17592,United Arab Emirates,AIM-120C AMRAAM,long-range air-to-air missile,Missiles,2009,152,2014,0.6,0.6,91.2
17593,United Arab Emirates,THAAD,ABM system,Air-defence systems,2011,1,2015,250.0,250.0,250.0
17594,United Arab Emirates,THAAD,ABM system,Air-defence systems,2011,1,2016,250.0,250.0,250.0
17595,United Arab Emirates,MIM-104 PAC-3,ABM missile,Missiles,2008,92,2012,0.8,0.8,73.6
17596,United Arab Emirates,MIM-104 PAC-3,ABM missile,Missiles,2008,100,2013,0.8,0.8,80.0
17597,United Arab Emirates,MIM-104 PAC-3,ABM missile,Missiles,2008,100,2014,0.8,0.8,80.0
17598,United Arab Emirates,C-17,heavy transport aircraft,Aircraft,2009,4,2011,140.0,140.0,560.0
17599,United Arab Emirates,C-17,heavy transport aircraft,Aircraft,2009,2,2012,140.0,140.0,280.0
17600,United Arab Emirates,ATACMS-1A,surface-to-surface missile,Missiles,2015,50,2018,2.0,2.0,100.0
17601,United Arab Emirates,ATACMS-1A,surface-to-surface missile,Missiles,2015,50,2019,2.0,2.0,100.0
17602,United Arab Emirates,AT-802U -,ground-attack aircraft,Aircraft,2010,6,2011,4.9,4.9,29.4
17603,United Arab Emirates,AT-802U -,ground-attack aircraft,Aircraft,2010,4,2010,4.9,4.9,19.6
17604,United Arab Emirates,AT-802U -,ground-attack aircraft,Aircraft,2010,10,2012,4.9,4.9,49.0
17605,United Arab Emirates,AT-802U -,ground-attack aircraft,Aircraft,2010,3,2013,4.9,4.9,14.7
17606,United Arab Emirates,AT-802U -,ground-attack aircraft,Aircraft,2010,1,2014,4.9,4.9,4.9
17607,United Arab Emirates,F-16E,FGA aircraft,Aircraft,2010,1,2012,37.5,37.5,37.5
17608,United Arab Emirates,HIMARS,multiple rocket launcher,Artillery,2015,12,2018,1.1,1.1,13.2
17624,United Arab Emirates,AIM-9L,short-range air-to-air missile,Missiles,1989,54,1990,0.11,0.11,5.94
17627,United Arab Emirates,AH-64A Apache,combat helicopter,Aircraft,1991,6,1993,14.0,14.0,84.0
17628,United Arab Emirates,AH-64A Apache,combat helicopter,Aircraft,1991,14,1994,14.0,14.0,196.0
17629,United Arab Emirates,AGM-114 Hellfire,anti-tank missile,Missiles,1991,200,1993,0.04,0.04,8.0
17630,United Arab Emirates,AGM-114 Hellfire,anti-tank missile,Missiles,1991,420,1994,0.04,0.04,16.8
17631,United Arab Emirates,AGM-114 Hellfire,anti-tank missile,Missiles,1994,360,1996,0.04,0.04,14.4
17632,United Arab Emirates,AH-64A Apache,combat helicopter,Aircraft,1994,10,1996,14.0,14.0,140.0
17633,United Arab Emirates,TPS-63,air-search radar,Sensors,1993,1,1995,5.0,5.0,5.0
17635,United Arab Emirates,M-198 155mm,towed gun,Artillery,1994,12,1995,0.85,0.85,10.2
17637,United Arab Emirates,Harpoon Block-1,anti-ship missile,Missiles,1998,15,1998,0.9,0.9,13.5
17638,United Arab Emirates,Harpoon Block-1,anti-ship missile,Missiles,1998,8,2000,0.9,0.9,7.2
17639,United Arab Emirates,Harpoon Block-1,anti-ship missile,Missiles,1998,1,2001,0.9,0.9,0.9
17640,United Arab Emirates,AIM-7M,long-range air-to-air missile,Missiles,1997,36,1998,0.18,0.18,6.48
17641,United Arab Emirates,AIM-7M,long-range air-to-air missile,Missiles,1997,36,1999,0.18,0.18,6.48
17642,United Arab Emirates,AIM-120B AMRAAM,long-range air-to-air missile,Missiles,2003,100,2004,0.4,0.4,40.0
17643,United Arab Emirates,AIM-120B AMRAAM,long-range air-to-air missile,Missiles,2003,151,2005,0.4,0.4,60.4
17644,United Arab Emirates,AIM-120B AMRAAM,long-range air-to-air missile,Missiles,2003,140,2006,0.4,0.4,56.0
17645,United Arab Emirates,AIM-120B AMRAAM,long-range air-to-air missile,Missiles,2003,100,2007,0.4,0.4,40.0
17646,United Arab Emirates,AGM-88 HARM,anti-radar missile,Missiles,2001,151,2006,0.25,0.25,37.75
17647,United Arab Emirates,AGM-88 HARM,anti-radar missile,Missiles,2001,8,2007,0.25,0.25,2.0
17648,United Arab Emirates,AGM-65 Maverick,air-to-surface missile,Missiles,2002,200,2003,0.15,0.15,30.0
17649,United Arab Emirates,AGM-65 Maverick,air-to-surface missile,Missiles,2002,200,2004,0.15,0.15,30.0
17650,United Arab Emirates,AGM-65 Maverick,air-to-surface missile,Missiles,2002,200,2005,0.15,0.15,30.0
17651,United Arab Emirates,AGM-65 Maverick,air-to-surface missile,Missiles,2002,300,2006,0.15,0.15,45.0
17652,United Arab Emirates,AGM-65 Maverick,air-to-surface missile,Missiles,2002,263,2007,0.15,0.15,39.45
17653,United Arab Emirates,Harpoon Block-1,anti-ship missile,Missiles,2003,12,2005,0.9,0.9,10.8
17654,United Arab Emirates,King Air,light transport aircraft,Aircraft,1996,2,1997,2.85,2.85,5.7
17655,United Arab Emirates,GBU-39 SDB,guided glide bomb,Missiles,2014,1000,2018,0.02,0.02,20.0
17656,United Arab Emirates,GBU-39 SDB,guided glide bomb,Missiles,2014,1000,2017,0.02,0.02,20.0
17657,United Arab Emirates,GBU-39 SDB,guided glide bomb,Missiles,2014,1000,2016,0.02,0.02,20.0
17658,United Arab Emirates,GBU-39 SDB,guided glide bomb,Missiles,2014,1000,2015,0.02,0.02,20.0
17659,United Arab Emirates,GBU-39 SDB,guided glide bomb,Missiles,2014,1000,2019,0.02,0.02,20.0
17660,United Arab Emirates,AGM-114 Hellfire-2,anti-tank/air-to-surface missile,Missiles,2002,49,2005,0.05,0.05,2.45
17661,United Arab Emirates,AH-64E Apache,combat helicopter,Aircraft,2018,7,2023,15.0,15.0,105.0
17662,United Arab Emirates,AH-64E Apache,combat helicopter,Aircraft,2018,6,2024,15.0,15.0,90.0
17663,United Arab Emirates,AGM-114L Hellfire,anti-tank missile,Missiles,2002,240,2005,0.07,0.07,16.8
17664,United Arab Emirates,S-70L Black Hawk,transport helicopter,Aircraft,2007,10,2008,7.25,7.25,72.5
17666,United Arab Emirates,Archangel -,ground-attack aircraft,Aircraft,2014,8,2017,4.9,4.9,39.2
17667,United Arab Emirates,Archangel -,ground-attack aircraft,Aircraft,2014,12,2016,4.9,4.9,58.8
17668,United Arab Emirates,Archangel -,ground-attack aircraft,Aircraft,2014,4,2015,4.9,4.9,19.6
17669,United Arab Emirates,ESSM,SAM,Missiles,2016,48,2018,0.4,0.4,19.2
17670,United Arab Emirates,ESSM,SAM,Missiles,2016,48,2019,0.4,0.4,19.2
17672,United Arab Emirates,C-130H Hercules,transport aircraft,Aircraft,2001,1,2002,28.0,11.2,11.2
17673,United Arab Emirates,C-130H Hercules,transport aircraft,Aircraft,2001,1,2001,28.0,11.2,11.2
17674,United Arab Emirates,MIM-104 PAC-3 MSE,ABM missile,Missiles,2019,100,2021,1.5,1.5,150.0
17675,United Arab Emirates,MIM-104 PAC-3 MSE,ABM missile,Missiles,2019,100,2022,1.5,1.5,150.0
17676,United Arab Emirates,MIM-104 PAC-3 MSE,ABM missile,Missiles,2019,100,2023,1.5,1.5,150.0
17677,United Arab Emirates,MIM-104 PAC-3 MSE,ABM missile,Missiles,2019,50,2024,1.5,1.5,75.0
17678,United Arab Emirates,vehicle engine 301-400,vehicle engine,Engines,1997,76,1999,0.05,0.05,3.8
17679,United Arab Emirates,vehicle engine 301-400,vehicle engine,Engines,1997,60,2000,0.05,0.05,3.0
17680,United Arab Emirates,AGM-114L Hellfire,anti-tank missile,Missiles,2009,631,2012,0.07,0.07,44.17
17681,United Arab Emirates,AGM-114L Hellfire,anti-tank missile,Missiles,2009,631,2013,0.07,0.07,44.17
17682,United Arab Emirates,Paveway,guided bomb,Missiles,2004,50,2005,0.02,0.02,1.0
17683,Uganda,UH-1H Huey-2,helicopter,Aircraft,2016,5,2017,3.1,3.1,15.5
17684,Uganda,RG-33,armoured personnel carrier,Armoured vehicles,2013,10,2015,0.2,0.08,0.8
17691,Uganda,Cessna-208 Caravan,light transport aircraft,Aircraft,2014,2,2015,1.0,1.0,2.0
17692,Uganda,Cougar MRAP,armoured personnel carrier,Armoured vehicles,2014,15,2015,0.35,0.14,2.1
17693,Uganda,L-39Z,trainer/combat aircraft,Aircraft,2009,1,2009,5.0,2.0,2.0
17695,Uganda,vehicle engine 301-400,vehicle engine,Engines,2019,30,2020,0.05,0.05,1.5
17696,Uganda,Mamba-7 -,armoured personnel carrier,Armoured vehicles,2020,23,2020,0.2,0.2,4.6
17697,Ukraine,MaxxPro,armoured personnel carrier,Armoured vehicles,2022,440,2022,0.32,0.13,56.32
17698,Ukraine,Phoenix Ghost Disruptor,one-way attack drone,Missiles,2022,130,2023,0.06,0.06,7.8
17699,Ukraine,Phoenix Ghost Disruptor,one-way attack drone,Missiles,2022,130,2024,0.06,0.06,7.8
17700,Ukraine,FGM-148 Javelin,anti-tank missile,Missiles,2022,7700,2022,0.03,0.01,92.4
17701,Ukraine,FGM-148 Javelin,anti-tank missile,Missiles,2022,9000,2024,0.03,0.01,108.0
17702,Ukraine,FGM-148 Javelin,anti-tank missile,Missiles,2022,5300,2023,0.03,0.01,63.6
17703,Ukraine,HMMWV-UA,armoured personnel carrier,Armoured vehicles,2022,150,2023,0.13,0.13,19.5
17704,Ukraine,AIM-120C AMRAAM,long-range air-to-air missile,Missiles,2022,75,2024,0.6,0.6,45.0
17705,Ukraine,BATT,armoured personnel carrier,Armoured vehicles,2023,173,2024,0.16,0.16,27.68
17706,Ukraine,BATT,armoured personnel carrier,Armoured vehicles,2023,16,2023,0.16,0.16,2.56
17707,Ukraine,Excalibur,guided shell,Missiles,2022,2300,2023,0.04,0.02,36.8
17708,Ukraine,Excalibur,guided shell,Missiles,2022,4700,2022,0.04,0.02,75.2
17709,Ukraine,MPQ-64 Sentinel,air-search radar,Sensors,2022,12,2024,5.0,5.0,60.0
17710,Ukraine,K-6 120mm,mortar,Artillery,2022,30,2022,0.25,0.1,3.0
17711,Ukraine,vehicle engine 401-600,vehicle engine,Engines,2022,39,2022,0.08,0.08,3.12
17712,Ukraine,HMMWV-UA,armoured personnel carrier,Armoured vehicles,2022,450,2022,0.13,0.05,23.4
17713,Ukraine,AIM-120C AMRAAM,long-range air-to-air missile,Missiles,2022,200,2022,0.6,0.24,48.0
17714,Ukraine,AIM-120C AMRAAM,long-range air-to-air missile,Missiles,2022,50,2023,0.6,0.24,12.0
17715,Ukraine,M-113A3,armoured personnel carrier,Armoured vehicles,2022,700,2024,0.3,0.12,84.0
17716,Ukraine,M-113A3,armoured personnel carrier,Armoured vehicles,2022,200,2023,0.3,0.12,24.0
17717,Ukraine,M-113A3,armoured personnel carrier,Armoured vehicles,2022,300,2022,0.3,0.12,36.0
17718,Ukraine,Phoenix Ghost Dagger,one-way attack drone,Missiles,2022,1500,2024,0.02,0.02,30.0
17719,Ukraine,Phoenix Ghost Dagger,one-way attack drone,Missiles,2022,1500,2023,0.02,0.02,30.0
17720,Ukraine,Phoenix Ghost Dagger,one-way attack drone,Missiles,2022,1000,2022,0.02,0.02,20.0
17721,Ukraine,NASAMS-2,SAM system,Air-defence systems,2022,2,2022,25.0,25.0,50.0
17722,Ukraine,AIM-120D AMRAAM,long-range air-to-air missile,Missiles,2024,250,2024,0.8,0.8,200.0
17723,Ukraine,vehicle engine 401-600,vehicle engine,Engines,2023,10,2024,0.08,0.08,0.8
17724,Ukraine,Phoenix Ghost Dominator,one-way attack drone,Missiles,2022,130,2023,0.06,0.06,7.8
17725,Ukraine,Phoenix Ghost Dominator,one-way attack drone,Missiles,2022,130,2024,0.06,0.06,7.8
17726,Ukraine,M-106A3,self-propelled mortar,Artillery,2023,12,2023,0.55,0.22,2.64
17727,Ukraine,AIM-9X,long-range air-to-air missile,Missiles,2024,250,2024,0.18,0.18,45.0
17728,Ukraine,MMR,multi-role radar,Sensors,2024,5,2024,6.5,2.6,13.0
17729,Ukraine,V-BAT-128,UAV,Aircraft,2024,2,2024,0.05,0.05,0.1
17730,Ukraine,ATACMS-1A,surface-to-surface missile,Missiles,2024,500,2024,2.0,0.8,400.0
17731,Ukraine,HIMARS,multiple rocket launcher,Artillery,2024,3,2024,1.1,0.44,1.32
17732,Ukraine,JDAM-ER,guided glide bomb,Missiles,2023,1500,2023,0.1,0.04,60.0
17733,Ukraine,JDAM-ER,guided glide bomb,Missiles,2023,1250,2024,0.1,0.04,50.0
17734,Ukraine,M-60 AVLB,armoured bridgelayer,Armoured vehicles,2023,18,2023,1.0,0.4,7.2
17735,Ukraine,AIM-7M,long-range air-to-air missile,Missiles,2022,400,2024,0.18,0.07,28.8
17736,Ukraine,AIM-7M,long-range air-to-air missile,Missiles,2022,400,2023,0.18,0.07,28.8
17737,Ukraine,HIMARS,multiple rocket launcher,Artillery,2022,19,2023,1.1,0.44,8.36
17738,Ukraine,HIMARS,multiple rocket launcher,Artillery,2022,20,2022,1.1,0.44,8.8
17739,Ukraine,Phoenix Ghost Atlas,one-way attack drone,Missiles,2022,1000,2024,0.02,0.02,20.0
17740,Ukraine,Phoenix Ghost Atlas,one-way attack drone,Missiles,2022,1000,2023,0.02,0.02,20.0
17741,Ukraine,M-88A2,armoured recovery vehicle,Armoured vehicles,2023,8,2023,2.0,0.8,6.4
17742,Ukraine,AIM-9M,short-range air-to-air missile,Missiles,2023,600,2023,0.12,0.05,28.8
17743,Ukraine,Island PC,patrol boat,Ships,2018,2,2018,9.2,3.68,7.36
17744,Ukraine,I-HAWK SAMS,SAM system,Air-defence systems,2023,3,2023,35.0,14.0,42.0
17745,Ukraine,GBU-39 SDB,guided glide bomb,Missiles,2024,250,2024,0.02,0.01,2.0
17746,Ukraine,Penguin UAV,UAV,Aircraft,2023,5,2023,0.05,0.02,0.1
17747,Ukraine,M-ATV,armoured personnel carrier,Armoured vehicles,2023,55,2023,0.25,0.1,5.5
17748,Ukraine,GMLRS,guided rocket,Missiles,2022,1200,2024,0.08,0.08,96.0
17749,Ukraine,GMLRS,guided rocket,Missiles,2022,1200,2023,0.08,0.08,96.0
17750,Ukraine,MIM-23B,SAM,Missiles,2022,300,2024,0.17,0.07,20.4
17751,Ukraine,MIM-23B,SAM,Missiles,2022,100,2022,0.17,0.07,6.8
17752,Ukraine,ATACMS-1,surface-to-surface missile,Missiles,2023,20,2023,1.4,0.56,11.2
17753,Ukraine,ATACMS-1,surface-to-surface missile,Missiles,2023,30,2024,1.4,0.56,16.8
17754,Ukraine,M-2A3 Bradley,infantry fighting vehicle,Armoured vehicles,2023,4,2023,1.9,0.76,3.04
17755,Ukraine,M-1117 Guardian,armoured personnel carrier,Armoured vehicles,2022,236,2023,0.4,0.16,37.76
17756,Ukraine,M-1117 Guardian,armoured personnel carrier,Armoured vehicles,2022,164,2024,0.4,0.16,26.24
17757,Ukraine,HMMWV-UA,armoured personnel carrier,Armoured vehicles,2015,30,2015,0.13,0.05,1.56
17758,Ukraine,HMMWV-UA,armoured personnel carrier,Armoured vehicles,2015,20,2021,0.13,0.05,1.04
17759,Ukraine,FGM-148 Javelin,anti-tank missile,Missiles,2023,100,2024,0.03,0.03,3.0
17760,Ukraine,FGM-148 Javelin,anti-tank missile,Missiles,2023,100,2023,0.03,0.03,3.0
17761,Ukraine,M-1150 ABV,armoured engineer vehicle,Armoured vehicles,2023,1,2023,2.5,1.0,1.0
17762,Ukraine,AIM-120C AMRAAM,long-range air-to-air missile,Missiles,2022,400,2024,0.6,0.24,96.0
17763,Ukraine,AIM-120C AMRAAM,long-range air-to-air missile,Missiles,2022,250,2023,0.6,0.24,60.0
17764,Ukraine,MMR,multi-role radar,Sensors,2022,20,2023,6.5,6.5,130.0
17765,Ukraine,MMR,multi-role radar,Sensors,2022,31,2024,6.5,6.5,201.5
17766,Ukraine,MaxxPro,armoured personnel carrier,Armoured vehicles,2022,1000,2024,0.32,0.13,128.0
17767,Ukraine,MaxxPro,armoured personnel carrier,Armoured vehicles,2022,234,2023,0.32,0.13,29.95
17768,Ukraine,M-992 FAASV,armoured supply vehicle,Armoured vehicles,2022,30,2023,0.45,0.18,5.4
17769,Ukraine,Patriot-3 SAMS,SAM system,Air-defence systems,2022,2,2024,55.0,22.0,44.0
17770,Ukraine,Patriot-3 SAMS,SAM system,Air-defence systems,2022,1,2023,55.0,22.0,22.0
17771,Ukraine,Cougar MRAP,armoured personnel carrier,Armoured vehicles,2022,37,2022,0.35,0.14,5.18
17772,Ukraine,AGM-88 HARM,anti-radar missile,Missiles,2022,30,2024,0.25,0.1,3.0
17773,Ukraine,AGM-88 HARM,anti-radar missile,Missiles,2022,50,2023,0.25,0.1,5.0
17774,Ukraine,AGM-88 HARM,anti-radar missile,Missiles,2022,60,2022,0.25,0.1,6.0
17775,Ukraine,TOW-2B,anti-tank missile,Missiles,2022,9000,2024,0.02,0.01,72.0
17776,Ukraine,TOW-2B,anti-tank missile,Missiles,2022,9000,2023,0.02,0.01,72.0
17777,Ukraine,TOW-2B,anti-tank missile,Missiles,2022,1500,2022,0.02,0.01,12.0
17778,Ukraine,TPQ-36,artillery locating radar,Sensors,2015,2,2015,3.0,1.2,2.4
17779,Ukraine,TPQ-36,artillery locating radar,Sensors,2015,4,2016,3.0,1.2,4.8
17780,Ukraine,TPQ-36,artillery locating radar,Sensors,2015,2,2019,3.0,1.2,2.4
17781,Ukraine,TPQ-36,artillery locating radar,Sensors,2015,3,2017,3.0,1.2,3.6
17782,Ukraine,TPQ-36,artillery locating radar,Sensors,2015,2,2018,3.0,1.2,2.4
17783,Ukraine,TPQ-36,artillery locating radar,Sensors,2015,2,2021,3.0,1.2,2.4
17784,Ukraine,Island PC,patrol boat,Ships,2019,3,2021,9.2,3.68,11.04
17785,Ukraine,MIM-104 PAC-2,SAM,Missiles,2023,125,2024,1.0,0.4,50.0
17786,Ukraine,MIM-104 PAC-2,SAM,Missiles,2023,200,2023,1.0,0.4,80.0
17787,Ukraine,MPQ-64 Sentinel,air-search radar,Sensors,2022,1,2024,5.0,5.0,5.0
17788,Ukraine,FGM-148 Javelin,anti-tank missile,Missiles,2021,180,2021,0.03,0.03,5.4
17789,Ukraine,M-2A3 Bradley,infantry fighting vehicle,Armoured vehicles,2022,220,2024,1.9,0.76,167.2
17790,Ukraine,M-2A3 Bradley,infantry fighting vehicle,Armoured vehicles,2022,105,2023,1.9,0.76,79.8
17791,Ukraine,FGM-148 Javelin,anti-tank missile,Missiles,2021,300,2022,0.03,0.03,9.0
17792,Ukraine,FGM-148 Javelin,anti-tank missile,Missiles,2019,150,2020,0.03,0.03,4.5
17793,Ukraine,Mi-17,transport helicopter,Aircraft,2022,16,2022,7.25,2.9,46.4
17794,Ukraine,Mi-17,transport helicopter,Aircraft,2022,4,2023,7.25,2.9,11.6
17795,Ukraine,Stinger,portable SAM,Missiles,2022,1200,2024,0.08,0.03,38.4
17796,Ukraine,Stinger,portable SAM,Missiles,2022,600,2023,0.08,0.03,19.2
17797,Ukraine,Stinger,portable SAM,Missiles,2022,1450,2022,0.08,0.03,46.4
17798,Ukraine,TPQ-36,artillery locating radar,Sensors,2022,19,2022,3.0,1.2,22.8
17799,Ukraine,M-109A6 155mm,self-propelled gun,Artillery,2022,18,2023,1.35,0.54,9.72
17800,Ukraine,UFH 155mm,towed gun,Artillery,2023,16,2024,1.0,0.4,6.4
17801,Ukraine,UFH 155mm,towed gun,Artillery,2023,25,2023,1.0,0.4,10.0
17802,Ukraine,FGM-148 Javelin,anti-tank missile,Missiles,2018,210,2018,0.03,0.03,6.3
17803,Ukraine,M-1A1 Abrams,tank,Armoured vehicles,2022,31,2023,4.0,1.6,49.6
17804,Ukraine,S-70A Black Hawk,transport helicopter,Aircraft,2023,1,2023,6.5,2.6,2.6
17805,Ukraine,BATT,armoured personnel carrier,Armoured vehicles,2022,20,2022,0.16,0.16,3.2
17806,Ukraine,BATT,armoured personnel carrier,Armoured vehicles,2022,80,2023,0.16,0.16,12.8
17807,Ukraine,APKWS,air-to-surface missile,Missiles,2022,700,2024,0.01,0.01,7.0
17808,Ukraine,APKWS,air-to-surface missile,Missiles,2022,300,2023,0.01,0.01,3.0
17809,Ukraine,UFH 155mm,towed gun,Artillery,2022,142,2022,1.0,0.4,56.8
17810,Ukraine,MPQ-64 Sentinel,air-search radar,Sensors,2022,4,2022,5.0,2.0,8.0
17811,Ukraine,MIM-104 PAC-3,ABM missile,Missiles,2023,250,2024,0.8,0.32,80.0
17812,Ukraine,MIM-104 PAC-3,ABM missile,Missiles,2023,400,2023,0.8,0.32,128.0
17813,Ukraine,MIM-104 PAC-3 MSE,ABM missile,Missiles,2024,120,2024,1.5,1.5,180.0
17814,Ukraine,LAV-3,armoured personnel carrier,Armoured vehicles,2022,212,2024,0.35,0.14,29.68
17815,Ukraine,LAV-3,armoured personnel carrier,Armoured vehicles,2022,189,2023,0.35,0.14,26.46
17816,Ukraine,Avenger AD,mobile SAM system,Air-defence systems,2022,12,2023,0.63,0.25,3.02
17817,Ukraine,vehicle engine 301-400,vehicle engine,Engines,2022,11,2022,0.05,0.05,0.55
17818,Ukraine,GMLRS,guided rocket,Missiles,2022,12500,2023,0.08,0.03,400.0
17819,Ukraine,GMLRS,guided rocket,Missiles,2022,7000,2022,0.08,0.03,224.0
17820,Ukraine,GMLRS,guided rocket,Missiles,2022,11000,2024,0.08,0.03,352.0
17821,Ukraine,ScanEagle,UAV,Aircraft,2022,30,2022,0.04,0.02,0.48
17822,Ukraine,L-118 105mm,towed gun,Artillery,2022,36,2022,0.6,0.24,8.64
17823,Ukraine,L-118 105mm,towed gun,Artillery,2022,36,2023,0.6,0.24,8.64
17824,Ukraine,Switchblade-600,loitering munition,Missiles,2022,400,2024,0.15,0.15,60.0
17825,Ukraine,Switchblade-600,loitering munition,Missiles,2022,200,2023,0.15,0.15,30.0
17826,Ukraine,TPQ-53,artillery locating radar,Sensors,2022,12,2023,7.0,7.0,84.0
17827,Ukraine,TPQ-53,artillery locating radar,Sensors,2022,12,2024,7.0,7.0,84.0
17828,Ukraine,GLSDB,surface-to-surface missile,Missiles,2023,100,2024,0.08,0.08,8.0
17833,United Kingdom,Cougar MRAP,armoured personnel carrier,Armoured vehicles,2006,30,2007,0.35,0.35,10.5
17839,United Kingdom,AIM-120C AMRAAM,long-range air-to-air missile,Missiles,2006,12,2006,0.6,0.6,7.2
17840,United Kingdom,AIM-120C AMRAAM,long-range air-to-air missile,Missiles,2006,100,2007,0.6,0.6,60.0
17841,United Kingdom,AIM-120C AMRAAM,long-range air-to-air missile,Missiles,2006,100,2008,0.6,0.6,60.0
17842,United Kingdom,AIM-120C AMRAAM,long-range air-to-air missile,Missiles,2004,150,2006,0.6,0.6,90.0
17843,United Kingdom,AIM-120B AMRAAM,long-range air-to-air missile,Missiles,1997,6,2000,0.4,0.4,2.4
17844,United Kingdom,AIM-120B AMRAAM,long-range air-to-air missile,Missiles,1992,110,1996,0.4,0.4,44.0
17845,United Kingdom,AIM-120B AMRAAM,long-range air-to-air missile,Missiles,1992,114,1995,0.4,0.4,45.6
17846,United Kingdom,AIM-9M,short-range air-to-air missile,Missiles,1990,100,1992,0.12,0.12,12.0
17847,United Kingdom,AIM-9M,short-range air-to-air missile,Missiles,1990,100,1991,0.12,0.12,12.0
17848,United Kingdom,AIM-9M,short-range air-to-air missile,Missiles,1990,20,1993,0.12,0.12,2.4
17857,United Kingdom,L-159A,FGA aircraft,Aircraft,2022,2,2023,10.0,4.0,8.0
17858,United Kingdom,L-159A,FGA aircraft,Aircraft,2022,5,2024,10.0,4.0,20.0
17859,United Kingdom,L-159A,FGA aircraft,Aircraft,2022,6,2022,10.0,4.0,24.0
17860,United Kingdom,vehicle engine 201-300,vehicle engine,Engines,1997,100,2009,0.03,0.03,3.0
17861,United Kingdom,vehicle engine 201-300,vehicle engine,Engines,1997,100,2008,0.03,0.03,3.0
17862,United Kingdom,vehicle engine 201-300,vehicle engine,Engines,1997,90,2007,0.03,0.03,2.7
17863,United Kingdom,vehicle engine 201-300,vehicle engine,Engines,1997,100,2006,0.03,0.03,3.0
17864,United Kingdom,vehicle engine 201-300,vehicle engine,Engines,1997,100,2005,0.03,0.03,3.0
17865,United Kingdom,vehicle engine 201-300,vehicle engine,Engines,1997,100,2004,0.03,0.03,3.0
17866,United Kingdom,vehicle engine 201-300,vehicle engine,Engines,1997,100,2003,0.03,0.03,3.0
17867,United Kingdom,vehicle engine 201-300,vehicle engine,Engines,1997,100,2002,0.03,0.03,3.0
17868,United Kingdom,vehicle engine 201-300,vehicle engine,Engines,1997,100,2001,0.03,0.03,3.0
17869,United Kingdom,vehicle engine 201-300,vehicle engine,Engines,1997,100,2000,0.03,0.03,3.0
17870,United Kingdom,vehicle engine 201-300,vehicle engine,Engines,1997,91,1999,0.03,0.03,2.73
17871,United Kingdom,vehicle engine 201-300,vehicle engine,Engines,1997,50,2010,0.03,0.03,1.5
17872,United Kingdom,vehicle engine 201-300,vehicle engine,Engines,1997,50,2011,0.03,0.03,1.5
17873,United Kingdom,vehicle engine 201-300,vehicle engine,Engines,1997,50,2012,0.03,0.03,1.5
17874,United Kingdom,AIM-120D AMRAAM,long-range air-to-air missile,Missiles,2022,4,2023,0.8,0.8,3.2
17875,United Kingdom,AIM-120D AMRAAM,long-range air-to-air missile,Missiles,2022,36,2022,0.8,0.8,28.8
17876,United Kingdom,aircraft engine 1001-2000,aircraft engine,Engines,1985,24,1992,0.5,0.5,12.0
17877,United Kingdom,aircraft engine 1001-2000,aircraft engine,Engines,1985,24,1991,0.5,0.5,12.0
17878,United Kingdom,aircraft engine 1001-2000,aircraft engine,Engines,1985,24,1990,0.5,0.5,12.0
17882,United Kingdom,aircraft engine 1001-2000,aircraft engine,Engines,1985,8,1993,0.5,0.5,4.0
17883,United Kingdom,DB-110,aircraft reconnaissance system,Sensors,1995,2,1997,4.0,4.0,8.0
17884,United Kingdom,DB-110,aircraft reconnaissance system,Sensors,1995,2,1998,4.0,4.0,8.0
17885,United Kingdom,DB-110,aircraft reconnaissance system,Sensors,1995,2,1999,4.0,4.0,8.0
17886,United Kingdom,DB-110,aircraft reconnaissance system,Sensors,1995,2,2000,4.0,4.0,8.0
17890,United Kingdom,ScanEagle,UAV,Aircraft,2013,5,2014,0.04,0.04,0.2
17891,United Kingdom,Paveway,guided bomb,Missiles,2012,800,2013,0.02,0.02,16.0
17892,United Kingdom,Paveway,guided bomb,Missiles,2012,200,2014,0.02,0.02,4.0
17893,United Kingdom,Paveway,guided bomb,Missiles,2012,400,2013,0.02,0.02,8.0
17894,United Kingdom,BGM-109 Tomahawk,surface-to-surface missile,Missiles,2004,15,2008,1.0,1.0,15.0
17895,United Kingdom,BGM-109 Tomahawk,surface-to-surface missile,Missiles,2004,15,2009,1.0,1.0,15.0
17896,United Kingdom,BGM-109 Tomahawk,surface-to-surface missile,Missiles,2004,10,2007,1.0,1.0,10.0
17897,United Kingdom,BGM-109 Tomahawk,surface-to-surface missile,Missiles,2004,24,2011,1.0,1.0,24.0
17898,United Kingdom,AGM-114L Hellfire,anti-tank missile,Missiles,1995,50,2000,0.07,0.07,3.5
17899,United Kingdom,AGM-114L Hellfire,anti-tank missile,Missiles,1995,310,2001,0.07,0.07,21.7
17900,United Kingdom,AGM-114L Hellfire,anti-tank missile,Missiles,1995,310,2002,0.07,0.07,21.7
17901,United Kingdom,AGM-114L Hellfire,anti-tank missile,Missiles,1995,310,2003,0.07,0.07,21.7
17902,United Kingdom,Phalanx,naval gun,Naval weapons,2012,1,2017,7.0,7.0,7.0
17903,United Kingdom,Phalanx,naval gun,Naval weapons,2012,2,2016,7.0,7.0,14.0
17904,United Kingdom,Phalanx,naval gun,Naval weapons,2012,2,2015,7.0,7.0,14.0
17905,United Kingdom,aircraft engine 4501-6000,aircraft engine,Engines,2009,20,2015,1.5,1.5,30.0
17906,United Kingdom,aircraft engine 4501-6000,aircraft engine,Engines,2009,20,2014,1.5,1.5,30.0
17907,United Kingdom,aircraft engine 4501-6000,aircraft engine,Engines,2009,20,2013,1.5,1.5,30.0
17908,United Kingdom,aircraft engine 4501-6000,aircraft engine,Engines,2009,20,2012,1.5,1.5,30.0
17909,United Kingdom,aircraft engine 4501-6000,aircraft engine,Engines,2009,12,2016,1.5,1.5,18.0
17910,United Kingdom,AGM-114 Hellfire-2,anti-tank/air-to-surface missile,Missiles,2007,52,2012,0.05,0.05,2.6
17911,United Kingdom,AGM-114 Hellfire-2,anti-tank/air-to-surface missile,Missiles,2007,240,2008,0.05,0.05,12.0
17912,United Kingdom,AGM-114 Hellfire-2,anti-tank/air-to-surface missile,Missiles,2007,204,2010,0.05,0.05,10.2
17913,United Kingdom,AGM-114 Hellfire-2,anti-tank/air-to-surface missile,Missiles,2007,52,2009,0.05,0.05,2.6
17914,United Kingdom,AGM-114 Hellfire-2,anti-tank/air-to-surface missile,Missiles,2007,52,2011,0.05,0.05,2.6
17915,United Kingdom,AGM-114 Hellfire-2,anti-tank/air-to-surface missile,Missiles,2017,1000,2017,0.05,0.05,50.0
17920,United Kingdom,PW-2000,turbofan,Engines,2012,8,2012,5.0,5.0,40.0
17921,United Kingdom,PW-2000,turbofan,Engines,2012,8,2013,5.0,5.0,40.0
17922,United Kingdom,MQ-9 UCAV,armed UAV,Aircraft,2008,1,2010,7.5,7.5,7.5
17923,United Kingdom,RC-135,signals intelligence aircraft,Aircraft,2010,1,2013,150.0,150.0,150.0
17924,United Kingdom,RC-135,signals intelligence aircraft,Aircraft,2010,1,2015,150.0,150.0,150.0
17925,United Kingdom,RC-135,signals intelligence aircraft,Aircraft,2010,1,2017,150.0,150.0,150.0
17926,United Kingdom,AAQ-33 Sniper ATP,aircraft electro-optical system,Sensors,2007,10,2007,1.0,1.0,10.0
17937,United Kingdom,C-RAM,anti-aircraft gun,Air-defence systems,2007,2,2007,7.0,7.0,14.0
17938,United Kingdom,Phalanx,naval gun,Naval weapons,2006,6,2009,7.0,7.0,42.0
17939,United Kingdom,Phalanx,naval gun,Naval weapons,2006,6,2010,7.0,7.0,42.0
17940,United Kingdom,Phalanx,naval gun,Naval weapons,2006,4,2008,7.0,7.0,28.0
17953,United Kingdom,E-3A,airborne early-warning aircraft,Aircraft,1986,3,1991,250.0,250.0,750.0
17954,United Kingdom,E-3A,airborne early-warning aircraft,Aircraft,1986,3,1992,250.0,250.0,750.0
17955,United Kingdom,E-3A,airborne early-warning aircraft,Aircraft,1987,1,1992,250.0,250.0,250.0
17964,United Kingdom,APY-8 Lynx,ground-surveillance radar,Sensors,2006,2,2007,2.5,2.5,5.0
17966,United Kingdom,M-270 MLRS,multiple rocket launcher,Artillery,1985,10,1990,1.2,1.2,12.0
17967,United Kingdom,M-270 MLRS,multiple rocket launcher,Artillery,1985,13,1991,1.2,1.2,15.6
17968,United Kingdom,M-270 MLRS,multiple rocket launcher,Artillery,1985,13,1992,1.2,1.2,15.6
17969,United Kingdom,M-270 MLRS,multiple rocket launcher,Artillery,1985,13,1993,1.2,1.2,15.6
17970,United Kingdom,M-270 MLRS,multiple rocket launcher,Artillery,1985,10,1994,1.2,1.2,12.0
17971,United Kingdom,BGM-109 Tomahawk,surface-to-surface missile,Missiles,2014,20,2016,1.0,1.0,20.0
17975,United Kingdom,TOW,anti-tank missile,Missiles,1978,2500,1994,0.01,0.01,25.0
17976,United Kingdom,TOW,anti-tank missile,Missiles,1978,2500,1995,0.01,0.01,25.0
17977,United Kingdom,TOW,anti-tank missile,Missiles,1978,1500,1996,0.01,0.01,15.0
17986,United Kingdom,TOW,anti-tank missile,Missiles,1978,2500,1990,0.01,0.01,25.0
17987,United Kingdom,TOW,anti-tank missile,Missiles,1978,2500,1991,0.01,0.01,25.0
17988,United Kingdom,TOW,anti-tank missile,Missiles,1978,2500,1992,0.01,0.01,25.0
17989,United Kingdom,TOW,anti-tank missile,Missiles,1978,2500,1993,0.01,0.01,25.0
17990,United Kingdom,AGM-114 Hellfire-2,anti-tank/air-to-surface missile,Missiles,2015,500,2016,0.05,0.05,25.0
17991,United Kingdom,T-6 Texan-2 -,(armed) trainer aircraft,Aircraft,2016,10,2018,2.0,2.0,20.0
17992,United Kingdom,UGM-133,submarine-launched ballistic missile,Missiles,1982,10,1994,35.0,35.0,350.0
17993,United Kingdom,UGM-133,submarine-launched ballistic missile,Missiles,1982,10,1995,35.0,35.0,350.0
17994,United Kingdom,UGM-133,submarine-launched ballistic missile,Missiles,1982,10,1996,35.0,35.0,350.0
17995,United Kingdom,UGM-133,submarine-launched ballistic missile,Missiles,1982,10,1997,35.0,35.0,350.0
17996,United Kingdom,UGM-133,submarine-launched ballistic missile,Missiles,1982,10,1998,35.0,35.0,350.0
17997,United Kingdom,UGM-133,submarine-launched ballistic missile,Missiles,1982,20,1993,35.0,35.0,700.0
17998,United Kingdom,UGM-133,submarine-launched ballistic missile,Missiles,1982,2,2004,35.0,35.0,70.0
17999,United Kingdom,MQ-9 UCAV,armed UAV,Aircraft,2006,2,2007,7.5,7.5,15.0
18000,United Kingdom,MQ-9 UCAV,armed UAV,Aircraft,2006,1,2008,7.5,7.5,7.5
18001,United Kingdom,MXT-MV,armoured personnel carrier,Armoured vehicles,2009,50,2009,0.16,0.16,8.0
18002,United Kingdom,MXT-MV,armoured personnel carrier,Armoured vehicles,2009,212,2010,0.16,0.16,33.92
18003,United Kingdom,T-6 Texan-2 -,(armed) trainer aircraft,Aircraft,2019,4,2020,2.0,2.0,8.0
18004,United Kingdom,Protector-CPB,armed UAV,Aircraft,2020,1,2023,7.5,7.5,7.5
18005,United Kingdom,Protector-CPB,armed UAV,Aircraft,2020,1,2022,7.5,7.5,7.5
18006,United Kingdom,Protector-CPB,armed UAV,Aircraft,2020,10,2024,7.5,7.5,75.0
18007,United Kingdom,MQ-9 UCAV,armed UAV,Aircraft,2010,5,2014,7.5,7.5,37.5
18013,United Kingdom,AH-64D Longbow -,combat helicopter,Aircraft,1996,8,2000,13.3,13.3,106.4
18014,United Kingdom,AH-64D Longbow -,combat helicopter,Aircraft,1996,17,2001,13.3,13.3,226.1
18015,United Kingdom,AH-64D Longbow -,combat helicopter,Aircraft,1996,19,2002,13.3,13.3,252.7
18016,United Kingdom,AH-64D Longbow -,combat helicopter,Aircraft,1996,20,2003,13.3,13.3,266.0
18017,United Kingdom,AH-64D Longbow -,combat helicopter,Aircraft,1996,3,2004,13.3,13.3,39.9
18048,United Kingdom,Sea King-6 -,anti-submarine helicopter,Aircraft,1990,1,1991,14.45,14.45,14.45
18049,United Kingdom,Sea King-6 -,anti-submarine helicopter,Aircraft,1990,1,1993,14.45,14.45,14.45
18050,United Kingdom,Sea King-6 -,anti-submarine helicopter,Aircraft,1990,1,1994,14.45,14.45,14.45
18051,United Kingdom,Sea King-6 -,anti-submarine helicopter,Aircraft,1990,1,1995,14.45,14.45,14.45
18052,United Kingdom,Sea King-6 -,anti-submarine helicopter,Aircraft,1990,1,1996,14.45,14.45,14.45
18072,United Kingdom,AGM-114 Hellfire-2,anti-tank/air-to-surface missile,Missiles,1996,100,2000,0.05,0.05,5.0
18073,United Kingdom,AGM-114 Hellfire-2,anti-tank/air-to-surface missile,Missiles,1996,400,2004,0.05,0.05,20.0
18074,United Kingdom,AGM-114 Hellfire-2,anti-tank/air-to-surface missile,Missiles,1996,300,2001,0.05,0.05,15.0
18075,United Kingdom,AGM-114 Hellfire-2,anti-tank/air-to-surface missile,Missiles,1996,400,2002,0.05,0.05,20.0
18076,United Kingdom,AGM-114 Hellfire-2,anti-tank/air-to-surface missile,Missiles,1996,400,2003,0.05,0.05,20.0
18077,United Kingdom,ASTOR,ground-surveillance radar,Sensors,1999,5,2007,25.0,25.0,125.0
18078,United Kingdom,FGM-148 Javelin,anti-tank missile,Missiles,2003,500,2005,0.03,0.03,15.0
18079,United Kingdom,FGM-148 Javelin,anti-tank missile,Missiles,2003,2000,2006,0.03,0.03,60.0
18080,United Kingdom,FGM-148 Javelin,anti-tank missile,Missiles,2003,1371,2007,0.03,0.03,41.13
18092,United Kingdom,CH-47F,transport helicopter,Aircraft,2011,6,2014,20.0,20.0,120.0
18093,United Kingdom,CH-47F,transport helicopter,Aircraft,2011,8,2015,20.0,20.0,160.0
18099,United Kingdom,GMLRS,guided rocket,Missiles,2005,474,2011,0.08,0.08,37.92
18100,United Kingdom,GMLRS,guided rocket,Missiles,2005,474,2007,0.08,0.08,37.92
18101,United Kingdom,GMLRS,guided rocket,Missiles,2005,474,2008,0.08,0.08,37.92
18102,United Kingdom,GMLRS,guided rocket,Missiles,2005,474,2009,0.08,0.08,37.92
18103,United Kingdom,GMLRS,guided rocket,Missiles,2005,474,2010,0.08,0.08,37.92
18104,United Kingdom,GMLRS,guided rocket,Missiles,2005,474,2012,0.08,0.08,37.92
18108,United Kingdom,FGM-148 Javelin,anti-tank missile,Missiles,2004,600,2008,0.03,0.03,18.0
18109,United Kingdom,FGM-148 Javelin,anti-tank missile,Missiles,2004,600,2007,0.03,0.03,18.0
18110,United Kingdom,Cougar MRAP,armoured personnel carrier,Armoured vehicles,2006,96,2007,0.35,0.35,33.6
18111,United Kingdom,Cougar MRAP,armoured personnel carrier,Armoured vehicles,2006,12,2006,0.35,0.35,4.2
18112,United Kingdom,Paveway,guided bomb,Missiles,2003,100,2008,0.02,0.02,2.0
18113,United Kingdom,Paveway,guided bomb,Missiles,2003,250,2009,0.02,0.02,5.0
18114,United Kingdom,Paveway,guided bomb,Missiles,2003,500,2010,0.02,0.02,10.0
18115,United Kingdom,Paveway,guided bomb,Missiles,2003,600,2012,0.02,0.02,12.0
18116,United Kingdom,Paveway,guided bomb,Missiles,2003,600,2011,0.02,0.02,12.0
18117,United Kingdom,Paveway,guided bomb,Missiles,2003,253,2013,0.02,0.02,5.06
18119,United Kingdom,Cougar MRAP,armoured personnel carrier,Armoured vehicles,2008,24,2009,0.35,0.35,8.4
18120,United Kingdom,Cougar MRAP,armoured personnel carrier,Armoured vehicles,2009,87,2011,0.35,0.35,30.45
18121,United Kingdom,Cougar MRAP,armoured personnel carrier,Armoured vehicles,2009,10,2010,0.35,0.35,3.5
18122,United Kingdom,Cougar MRAP,armoured personnel carrier,Armoured vehicles,2008,14,2009,0.35,0.35,4.9
18123,United Kingdom,FGM-148 Javelin,anti-tank missile,Missiles,2009,500,2011,0.03,0.03,15.0
18124,United Kingdom,FGM-148 Javelin,anti-tank missile,Missiles,2009,300,2010,0.03,0.03,9.0
18125,United Kingdom,FGM-148 Javelin,anti-tank missile,Missiles,2009,500,2012,0.03,0.03,15.0
18126,United Kingdom,Paveway,guided bomb,Missiles,2012,250,2014,0.02,0.02,5.0
18134,United Kingdom,C-17,heavy transport aircraft,Aircraft,2007,1,2008,140.0,140.0,140.0
18135,United Kingdom,King Air ISR,ground surveillance aircraft,Aircraft,2007,4,2009,11.0,11.0,44.0
18136,United Kingdom,Cougar MRAP,armoured personnel carrier,Armoured vehicles,2008,174,2009,0.35,0.35,60.9
18137,United Kingdom,MQ-9 UCAV,armed UAV,Aircraft,2008,2,2009,7.5,7.5,15.0
18138,United Kingdom,Cougar MRAP,armoured personnel carrier,Armoured vehicles,2008,70,2008,0.35,0.35,24.5
18139,United Kingdom,Cougar MRAP,armoured personnel carrier,Armoured vehicles,2008,87,2009,0.35,0.35,30.45
18140,United Kingdom,Paveway,guided bomb,Missiles,2007,50,2009,0.02,0.02,1.0
18141,United Kingdom,Paveway,guided bomb,Missiles,2007,50,2008,0.02,0.02,1.0
18142,United Kingdom,AGM-65 Maverick,air-to-surface missile,Missiles,2006,40,2007,0.15,0.15,6.0
18143,United Kingdom,vehicle engine 301-400,vehicle engine,Engines,2008,15,2011,0.05,0.05,0.75
18144,United Kingdom,vehicle engine 301-400,vehicle engine,Engines,2008,100,2010,0.05,0.05,5.0
18145,United Kingdom,Cougar MRAP,armoured personnel carrier,Armoured vehicles,2010,26,2011,0.35,0.35,9.1
18146,United Kingdom,Cougar MRAP,armoured personnel carrier,Armoured vehicles,2010,11,2010,0.35,0.35,3.85
18147,United Kingdom,Cougar MRAP,armoured personnel carrier,Armoured vehicles,2009,20,2011,0.35,0.35,7.0
18148,United Kingdom,King Air,light transport aircraft,Aircraft,2007,3,2009,2.85,2.85,8.55
18149,United Kingdom,C-17,heavy transport aircraft,Aircraft,2009,1,2010,140.0,140.0,140.0
18150,United Kingdom,Cougar MRAP,armoured personnel carrier,Armoured vehicles,2010,11,2010,0.35,0.35,3.85
18151,United Kingdom,Cougar MRAP,armoured personnel carrier,Armoured vehicles,2010,12,2011,0.35,0.35,4.2
18152,United Kingdom,Cougar MRAP,armoured personnel carrier,Armoured vehicles,2010,18,2011,0.35,0.35,6.3
18153,United Kingdom,Cougar MRAP,armoured personnel carrier,Armoured vehicles,2010,10,2010,0.35,0.35,3.5
18154,United Kingdom,APG-78 Longbow,combat helicopter radar,Sensors,1996,8,2000,3.0,3.0,24.0
18155,United Kingdom,APG-78 Longbow,combat helicopter radar,Sensors,1996,18,2001,3.0,3.0,54.0
18156,United Kingdom,APG-78 Longbow,combat helicopter radar,Sensors,1996,19,2002,3.0,3.0,57.0
18157,United Kingdom,APG-78 Longbow,combat helicopter radar,Sensors,1996,20,2003,3.0,3.0,60.0
18158,United Kingdom,APG-78 Longbow,combat helicopter radar,Sensors,1996,3,2004,3.0,3.0,9.0
18161,United Kingdom,C-17,heavy transport aircraft,Aircraft,2012,1,2012,140.0,140.0,140.0
18164,United Kingdom,Cougar MRAP,armoured personnel carrier,Armoured vehicles,2011,47,2011,0.35,0.35,16.45
18165,United Kingdom,King Air ISR,ground surveillance aircraft,Aircraft,2010,1,2011,11.0,11.0,11.0
18166,United Kingdom,MXT-MV,armoured personnel carrier,Armoured vehicles,2010,71,2011,0.16,0.16,11.36
18167,United Kingdom,Paveway,guided bomb,Missiles,2001,500,2002,0.02,0.02,10.0
18168,United Kingdom,Paveway,guided bomb,Missiles,2001,500,2003,0.02,0.02,10.0
18169,United Kingdom,AGM-114 Hellfire-2,anti-tank/air-to-surface missile,Missiles,2012,400,2013,0.05,0.05,20.0
18170,United Kingdom,AGM-114 Hellfire-2,anti-tank/air-to-surface missile,Missiles,2013,100,2013,0.05,0.05,5.0
18171,United Kingdom,vehicle engine 201-300,vehicle engine,Engines,2008,24,2008,0.03,0.03,0.72
18175,United Kingdom,King Air ISR,ground surveillance aircraft,Aircraft,2012,1,2013,11.0,11.0,11.0
18176,United Kingdom,King Air MP,maritime patrol aircraft,Aircraft,2008,4,2011,7.5,7.5,30.0
18177,United Kingdom,King Air,light transport aircraft,Aircraft,2012,1,2013,2.85,2.85,2.85
18178,United Kingdom,BGM-109 Tomahawk,surface-to-surface missile,Missiles,2013,4,2015,1.0,1.0,4.0
18179,United Kingdom,S-70A Black Hawk,transport helicopter,Aircraft,1992,2,1992,6.5,6.5,13.0
18196,United Kingdom,S-76,helicopter,Aircraft,1989,8,1990,3.0,3.0,24.0
18199,United Kingdom,CH-47D Chinook,transport helicopter,Aircraft,1993,2,1996,18.0,18.0,36.0
18200,United Kingdom,CH-47D Chinook,transport helicopter,Aircraft,1993,1,1995,18.0,18.0,18.0
18203,United Kingdom,Phalanx,naval gun,Naval weapons,1997,2,1999,7.0,7.0,14.0
18204,United Kingdom,Phalanx,naval gun,Naval weapons,1997,2,1998,7.0,7.0,14.0
18208,United Kingdom,CH-47D Chinook,transport helicopter,Aircraft,1995,3,1997,18.0,18.0,54.0
18209,United Kingdom,CH-47D Chinook,transport helicopter,Aircraft,1995,3,1998,18.0,18.0,54.0
18210,United Kingdom,BGM-109 Tomahawk,surface-to-surface missile,Missiles,1995,26,1998,1.0,1.0,26.0
18211,United Kingdom,BGM-109 Tomahawk,surface-to-surface missile,Missiles,1995,39,1997,1.0,1.0,39.0
18223,United Kingdom,Bell-412,helicopter,Aircraft,1996,9,1997,5.0,5.0,45.0
18228,United Kingdom,MH-47E Chinook,transport helicopter,Aircraft,1995,1,2000,25.0,25.0,25.0
18229,United Kingdom,MH-47E Chinook,transport helicopter,Aircraft,1995,7,2001,25.0,25.0,175.0
18230,United Kingdom,S-70L Black Hawk,transport helicopter,Aircraft,1995,1,1995,7.25,7.25,7.25
18239,United Kingdom,C-17,heavy transport aircraft,Aircraft,2000,4,2001,140.0,140.0,560.0
18248,United Kingdom,BGM-109 Tomahawk,surface-to-surface missile,Missiles,1999,4,2002,1.0,1.0,4.0
18249,United Kingdom,BGM-109 Tomahawk,surface-to-surface missile,Missiles,1999,16,2001,1.0,1.0,16.0
18251,United Kingdom,BGM-109 Tomahawk,surface-to-surface missile,Missiles,2002,22,2003,1.0,1.0,22.0
18252,United Kingdom,Rapier-1,SAM,Missiles,1995,301,1995,0.1,0.1,30.1
18253,United Kingdom,Rapier-1,SAM,Missiles,1995,301,1996,0.1,0.1,30.1
18254,United Kingdom,AGM-65 Maverick,air-to-surface missile,Missiles,2000,100,2000,0.15,0.15,15.0
18255,United Kingdom,AGM-65 Maverick,air-to-surface missile,Missiles,2000,100,2001,0.15,0.15,15.0
18258,United Kingdom,Stinger,portable SAM,Missiles,2001,168,2004,0.08,0.08,13.44
18259,United Kingdom,Stinger,portable SAM,Missiles,2001,168,2003,0.08,0.08,13.44
18262,United Kingdom,Cougar MRAP,armoured personnel carrier,Armoured vehicles,2001,7,2002,0.35,0.35,2.45
18263,United Kingdom,Cougar MRAP,armoured personnel carrier,Armoured vehicles,2001,1,2003,0.35,0.35,0.35
18264,United Kingdom,C-17,heavy transport aircraft,Aircraft,2006,1,2008,140.0,140.0,140.0
18265,United Kingdom,Harpoon Block-1,anti-ship missile,Missiles,2000,20,2001,0.9,0.9,18.0
18266,United Kingdom,Bell-412,helicopter,Aircraft,2002,2,2002,5.0,5.0,10.0
18267,United Kingdom,Bell-412,helicopter,Aircraft,2002,4,2003,5.0,5.0,20.0
18274,United Kingdom,Watchman,air-search radar,Sensors,2003,1,2003,5.0,2.0,2.0
18275,United Kingdom,vehicle engine 601-800,vehicle engine,Engines,1989,60,1994,0.11,0.11,6.6
18276,United Kingdom,vehicle engine 601-800,vehicle engine,Engines,1989,60,1993,0.11,0.11,6.6
18277,United Kingdom,vehicle engine 601-800,vehicle engine,Engines,1989,29,1992,0.11,0.11,3.19
18278,United Kingdom,vehicle engine 601-800,vehicle engine,Engines,1989,30,1995,0.11,0.11,3.3
18279,United Kingdom,MQ-9 UCAV,armed UAV,Aircraft,2021,1,2023,7.5,7.5,7.5
18280,United Kingdom,F-35B Lightning-2,FGA aircraft,Aircraft,2006,4,2024,60.0,60.0,240.0
18281,United Kingdom,F-35B Lightning-2,FGA aircraft,Aircraft,2006,3,2023,60.0,60.0,180.0
18282,United Kingdom,F-35B Lightning-2,FGA aircraft,Aircraft,2006,6,2022,60.0,60.0,360.0
18283,United Kingdom,F-35B Lightning-2,FGA aircraft,Aircraft,2006,3,2021,60.0,60.0,180.0
18284,United Kingdom,F-35B Lightning-2,FGA aircraft,Aircraft,2006,3,2020,60.0,60.0,180.0
18285,United Kingdom,F-35B Lightning-2,FGA aircraft,Aircraft,2006,2,2019,60.0,60.0,120.0
18286,United Kingdom,F-35B Lightning-2,FGA aircraft,Aircraft,2006,2,2018,60.0,60.0,120.0
18287,United Kingdom,F-35B Lightning-2,FGA aircraft,Aircraft,2006,9,2017,60.0,60.0,540.0
18288,United Kingdom,F-35B Lightning-2,FGA aircraft,Aircraft,2006,2,2016,60.0,60.0,120.0
18289,United Kingdom,F-35B Lightning-2,FGA aircraft,Aircraft,2006,1,2013,60.0,60.0,60.0
18290,United Kingdom,F-35B Lightning-2,FGA aircraft,Aircraft,2006,2,2012,60.0,60.0,120.0
18291,United Kingdom,AH-64E Apache,combat helicopter,Aircraft,2016,2,2020,15.0,15.0,30.0
18292,United Kingdom,AH-64E Apache,combat helicopter,Aircraft,2016,12,2021,15.0,15.0,180.0
18293,United Kingdom,AH-64E Apache,combat helicopter,Aircraft,2016,14,2022,15.0,15.0,210.0
18294,United Kingdom,AH-64E Apache,combat helicopter,Aircraft,2016,10,2023,15.0,15.0,150.0
18295,United Kingdom,AH-64E Apache,combat helicopter,Aircraft,2016,6,2024,15.0,15.0,90.0
18296,United Kingdom,P-8A,anti-submarine aircraft,Aircraft,2016,1,2019,125.0,125.0,125.0
18297,United Kingdom,P-8A,anti-submarine aircraft,Aircraft,2016,3,2020,125.0,125.0,375.0
18298,United Kingdom,P-8A,anti-submarine aircraft,Aircraft,2016,4,2021,125.0,125.0,500.0
18299,United Kingdom,P-8A,anti-submarine aircraft,Aircraft,2016,1,2022,125.0,125.0,125.0
18300,United Kingdom,C-130J Hercules,transport aircraft,Aircraft,1990,1,1999,40.0,40.0,40.0
18301,United Kingdom,C-130J Hercules,transport aircraft,Aircraft,1990,10,2000,40.0,40.0,400.0
18302,United Kingdom,C-130J Hercules,transport aircraft,Aircraft,1990,4,2001,40.0,40.0,160.0
18303,United Kingdom,C-130J Hercules,transport aircraft,Aircraft,1994,2,1998,40.0,40.0,80.0
18304,United Kingdom,C-130J Hercules,transport aircraft,Aircraft,1994,1,1999,40.0,40.0,40.0
18305,United Kingdom,C-130J Hercules,transport aircraft,Aircraft,1994,7,2000,40.0,40.0,280.0
18306,United Kingdom,Mk-54 LWT,anti-submarine torpedo,Missiles,2018,10,2020,0.5,0.5,5.0
18307,United Kingdom,Mk-54 LWT,anti-submarine torpedo,Missiles,2018,15,2021,0.5,0.5,7.5
18308,United Kingdom,Mk-54 LWT,anti-submarine torpedo,Missiles,2018,25,2022,0.5,0.5,12.5
18309,United Kingdom,Paveway,guided bomb,Missiles,1994,125,1994,0.02,0.02,2.5
18310,United Kingdom,Paveway,guided bomb,Missiles,1994,125,1995,0.02,0.02,2.5
18311,United Kingdom,King Air,light transport aircraft,Aircraft,2002,2,2003,2.85,2.85,5.7
18312,United Kingdom,King Air,light transport aircraft,Aircraft,2002,5,2004,2.85,2.85,14.25
18313,United Kingdom,Paveway,guided bomb,Missiles,2015,375,2016,0.02,0.02,7.5
18314,United Kingdom,Paveway,guided bomb,Missiles,2015,375,2017,0.02,0.02,7.5
18315,United Kingdom,aircraft engine 1001-2000,aircraft engine,Engines,2006,28,2016,0.5,0.5,14.0
18316,United Kingdom,aircraft engine 1001-2000,aircraft engine,Engines,2006,28,2015,0.5,0.5,14.0
18365,Uruguay,Bell-212,helicopter,Aircraft,2019,1,2021,3.7,1.48,1.48
18366,Uruguay,SP-2600,patrol boat,Ships,2021,3,2022,4.2,1.68,5.04
18373,Uruguay,Baron,light aircraft,Aircraft,1998,2,1998,0.7,0.7,1.4
18375,Uruguay,Bell-205A-1,helicopter,Aircraft,1996,8,1998,2.62,1.05,8.38
18376,Uruguay,Cape,patrol boat,Ships,1989,2,1990,3.9,1.56,3.12
18377,Uruguay,C-130B Hercules,transport aircraft,Aircraft,1992,2,1993,23.0,9.2,18.4
18378,Uruguay,C-130B Hercules,transport aircraft,Aircraft,1992,1,1994,23.0,9.2,9.2
18428,Uruguay,Cessna-U206,light aircraft,Aircraft,1998,10,1998,0.25,0.25,2.5
18432,Uruguay,Mamba-7 -,armoured personnel carrier,Armoured vehicles,2023,14,2024,0.2,0.2,2.8
18433,Uzbekistan,vehicle engine 301-400,vehicle engine,Engines,2017,4,2018,0.05,0.05,0.2
18434,Uzbekistan,vehicle engine 301-400,vehicle engine,Engines,2017,20,2019,0.05,0.05,1.0
18435,Uzbekistan,MaxxPro,armoured personnel carrier,Armoured vehicles,2014,70,2015,0.32,0.13,8.96
18436,Uzbekistan,Cougar MRAP,armoured personnel carrier,Armoured vehicles,2014,50,2015,0.35,0.14,7.0
18437,Uzbekistan,RG-33,armoured personnel carrier,Armoured vehicles,2014,50,2015,0.2,0.08,4.0
18438,Uzbekistan,M-ATV,armoured personnel carrier,Armoured vehicles,2014,159,2015,0.25,0.1,15.9
18439,Venezuela,ship engine 6001-8000,ship engine,Engines,1999,2,2001,2.5,2.5,5.0
18440,Venezuela,OV-10,ground-attack aircraft,Aircraft,1991,18,1991,4.5,1.8,32.4
18468,Venezuela,AQS-13,anti-submarine sonar,Sensors,1990,3,1991,0.75,0.75,2.25
18482,Venezuela,Schweizer-330,light helicopter,Aircraft,1994,2,1994,0.45,0.45,0.9
18484,Venezuela,Metro-3,transport aircraft,Aircraft,1996,2,1996,2.8,1.12,2.24
18488,Venezuela,F-28 HELI,light helicopter,Aircraft,2001,4,2002,0.25,0.25,1.0
18494,Venezuela,Enstrom-480,light helicopter,Aircraft,2014,16,2015,0.4,0.4,6.4
18545,Venezuela,B-707,transport aircraft,Aircraft,1988,2,1991,44.5,17.8,35.6
18552,Venezuela,Bell-206,light helicopter,Aircraft,1991,3,1991,0.7,0.28,0.84
18556,Venezuela,Bell-412,helicopter,Aircraft,1997,4,1999,5.0,5.0,20.0
18560,Venezuela,Bell-412,helicopter,Aircraft,2001,3,2003,5.0,5.0,15.0
18562,Venezuela,AIM-9L,short-range air-to-air missile,Missiles,1988,35,1990,0.11,0.11,3.85
18563,Venezuela,AIM-9L,short-range air-to-air missile,Missiles,1988,30,1991,0.11,0.11,3.3
18569,Venezuela,HS-7,anti-submarine sonar,Sensors,1998,2,2002,5.0,5.0,10.0
18570,Venezuela,vehicle engine 201-300,vehicle engine,Engines,1988,15,1990,0.03,0.03,0.45
18573,Vietnam,ScanEagle,UAV,Aircraft,2019,6,2022,0.04,0.04,0.24
18574,Vietnam,T-6 Texan-2 -,(armed) trainer aircraft,Aircraft,2021,5,2024,2.0,2.0,10.0
18575,Vietnam,Hamilton,patrol ship,Ships,2016,1,2017,135.0,54.0,54.0
18576,Vietnam,Hamilton,patrol ship,Ships,2019,1,2021,135.0,54.0,54.0
18577,Vietnam,FJ-44-4 (1650),turbofan,Engines,2021,6,2024,0.6,0.6,3.6
18578,Yemen,M-113,armoured personnel carrier,Armoured vehicles,2005,32,2006,0.25,0.1,3.2
18579,Yemen,King Air ISR,ground surveillance aircraft,Aircraft,2014,1,2015,11.0,11.0,11.0
18580,Yemen,Cougar MRAP,armoured personnel carrier,Armoured vehicles,2007,18,2008,0.35,0.35,6.3
18581,Yemen,UH-1H Huey-2,helicopter,Aircraft,2010,4,2011,3.1,3.1,12.4
18582,Yemen,aircraft engine 1001-2000,aircraft engine,Engines,2011,2,2013,0.5,0.5,1.0
18583,Yemen,Cessna-208 Caravan,light transport aircraft,Aircraft,2012,2,2013,1.0,1.0,2.0
18671,Zambia,Bell-412,helicopter,Aircraft,2023,1,2023,5.0,5.0,5.0
18672,Zambia,Enstrom-480,light helicopter,Aircraft,2023,2,2024,0.4,0.4,0.8
18673,Zambia,Cessna-208 Caravan,light transport aircraft,Aircraft,2020,1,2020,1.0,1.0,1.0
18674,Zambia,aircraft engine 4501-6000,aircraft engine,Engines,2015,4,2019,1.5,1.5,6.0
18676,Zimbabwe,Cessna-337,light aircraft,Aircraft,1993,2,1993,0.35,0.14,0.28
